session_id,flow_name,intencion,usuario,fecha,max_frustracion,any_resolved,any_churn,num_turns,month,outcome
SESS-100088,Gestion de Cuenta,cambio_plan,@theDev76,2026-04-12 18:49:47,1,True,0,3,2026-04,Resuelto
SESS-100689,Soporte Técnico y Despacho,logistica_envio,@theMarely62,2026-04-24 19:05:00,1,True,0,3,2026-04,Resuelto
SESS-100709,Gestion de Cuenta,cambio_plan,@soyKitty72,2026-01-17 11:27:08,1,True,0,3,2026-01,Resuelto
SESS-100747,Gestion de Cuenta,cambio_plan,@soyDev30,2025-12-08 06:03:15,1,True,0,3,2025-12,Resuelto
SESS-101662,Soporte Técnico y Despacho,logistica_envio,@theMarely64,2026-01-01 20:19:21,1,True,0,3,2026-01,Resuelto
SESS-101785,Facturación y Cobros,problema_pago,@soyKitty18,2025-11-18 19:26:17,1,True,0,3,2025-11,Resuelto
SESS-101813,Gestion de Cuenta,cambio_plan,@theKitty75,2026-03-14 00:44:57,1,True,0,3,2026-03,Resuelto
SESS-101861,Soporte Técnico y Despacho,logistica_envio,@theMarely30,2026-01-20 08:14:04,2,False,1,3,2026-01,Churn
SESS-101897,Facturación y Cobros,problema_pago,@soyKitty32,2025-11-16 03:28:08,2,False,1,3,2025-11,Churn
SESS-101911,Gestion de Cuenta,cambio_plan,@soyMarely37,2026-02-20 10:38:10,1,True,0,3,2026-02,Resuelto
SESS-101994,Gestion de Cuenta,cambio_plan,@theDev56,2026-02-27 00:04:26,2,False,1,3,2026-02,Churn
SESS-102296,Acceso y Seguridad,error_login,@theDev21,2026-02-03 03:11:16,1,True,0,3,2026-02,Resuelto
SESS-102306,Acceso y Seguridad,error_login,@soyMarely39,2025-11-21 14:58:36,1,True,0,3,2025-11,Resuelto
SESS-102486,Acceso y Seguridad,error_login,@soyKitty86,2026-01-18 14:35:00,1,True,0,3,2026-01,Resuelto
SESS-102552,Acceso y Seguridad,error_login,@theKitty98,2026-02-19 06:23:27,2,False,1,3,2026-02,Churn
SESS-102602,Facturación y Cobros,problema_pago,@soyMarely78,2026-01-06 05:20:14,1,True,0,3,2026-01,Resuelto
SESS-102792,Facturación y Cobros,problema_pago,@soyMarely40,2025-12-30 11:55:35,1,True,0,3,2025-12,Resuelto
SESS-102972,Facturación y Cobros,problema_pago,@theDev66,2026-01-07 14:53:01,1,True,0,3,2026-01,Resuelto
SESS-103040,Acceso y Seguridad,error_login,@theDev25,2026-04-21 01:54:06,2,False,1,3,2026-04,Churn
SESS-103082,Soporte Técnico y Despacho,logistica_envio,@theKitty12,2026-02-02 02:06:29,1,True,0,3,2026-02,Resuelto
SESS-103112,Acceso y Seguridad,error_login,@soyKitty13,2025-11-19 10:04:44,1,True,0,3,2025-11,Resuelto
SESS-103136,Facturación y Cobros,problema_pago,@soyMarely52,2026-01-02 10:11:39,1,True,0,3,2026-01,Resuelto
SESS-103149,Soporte Técnico y Despacho,logistica_envio,@theKitty89,2026-04-04 02:24:22,1,True,0,3,2026-04,Resuelto
SESS-103186,Soporte Técnico y Despacho,logistica_envio,@theDev50,2026-03-14 01:32:07,2,False,1,3,2026-03,Churn
SESS-103421,Acceso y Seguridad,error_login,@soyDev71,2025-12-03 00:07:47,1,True,0,3,2025-12,Resuelto
SESS-103436,Soporte Técnico y Despacho,logistica_envio,@soyMarely66,2025-12-27 07:08:07,1,True,0,3,2025-12,Resuelto
SESS-103441,Acceso y Seguridad,error_login,@theDev79,2026-03-28 06:05:50,1,True,0,3,2026-03,Resuelto
SESS-103609,Soporte Técnico y Despacho,logistica_envio,@theDev95,2026-05-02 15:34:56,1,True,0,3,2026-05,Resuelto
SESS-103625,Acceso y Seguridad,error_login,@theKitty51,2025-11-14 16:53:06,1,True,0,3,2025-11,Resuelto
SESS-103862,Gestion de Cuenta,cambio_plan,@soyDev32,2025-11-08 10:23:30,2,False,1,3,2025-11,Churn
SESS-104540,Acceso y Seguridad,error_login,@theDev12,2025-11-08 20:18:48,2,False,1,3,2025-11,Churn
SESS-104785,Facturación y Cobros,problema_pago,@soyKitty86,2026-04-18 17:12:49,1,True,0,3,2026-04,Resuelto
SESS-105162,Gestion de Cuenta,cambio_plan,@theDev66,2025-11-29 06:16:00,1,True,0,3,2025-11,Resuelto
SESS-105215,Soporte Técnico y Despacho,logistica_envio,@soyDev91,2026-01-14 20:08:53,2,False,1,3,2026-01,Churn
SESS-105436,Gestion de Cuenta,cambio_plan,@theMarely35,2026-01-22 05:09:02,1,True,0,3,2026-01,Resuelto
SESS-105476,Facturación y Cobros,problema_pago,@soyMarely77,2026-01-15 16:14:50,2,False,1,3,2026-01,Churn
SESS-105566,Facturación y Cobros,problema_pago,@soyDev90,2026-01-03 08:25:14,1,True,0,3,2026-01,Resuelto
SESS-105576,Soporte Técnico y Despacho,logistica_envio,@theKitty80,2026-01-17 06:20:34,2,False,1,3,2026-01,Churn
SESS-105930,Soporte Técnico y Despacho,logistica_envio,@soyKitty83,2026-02-07 13:34:14,1,True,0,3,2026-02,Resuelto
SESS-105958,Gestion de Cuenta,cambio_plan,@soyMarely69,2025-12-08 08:14:07,2,False,1,3,2025-12,Churn
SESS-106116,Gestion de Cuenta,cambio_plan,@soyDev41,2026-02-19 03:22:40,2,False,1,3,2026-02,Churn
SESS-106149,Gestion de Cuenta,cambio_plan,@soyKitty91,2026-02-05 06:48:24,2,False,1,3,2026-02,Churn
SESS-106630,Soporte Técnico y Despacho,logistica_envio,@theKitty72,2026-04-10 02:21:24,1,True,0,3,2026-04,Resuelto
SESS-106748,Facturación y Cobros,problema_pago,@theKitty78,2026-05-01 12:35:54,2,False,1,3,2026-05,Churn
SESS-106937,Acceso y Seguridad,error_login,@theDev99,2026-04-05 02:44:48,2,False,1,3,2026-04,Churn
SESS-106959,Gestion de Cuenta,cambio_plan,@theMarely83,2026-03-11 18:52:53,1,True,0,3,2026-03,Resuelto
SESS-107134,Facturación y Cobros,problema_pago,@theMarely59,2026-01-19 01:10:36,1,True,0,3,2026-01,Resuelto
SESS-107147,Acceso y Seguridad,error_login,@theMarely78,2025-12-16 09:11:53,2,False,1,3,2025-12,Churn
SESS-107257,Facturación y Cobros,problema_pago,@soyKitty50,2026-02-08 01:05:06,1,True,0,3,2026-02,Resuelto
SESS-107348,Facturación y Cobros,problema_pago,@theKitty37,2026-03-14 17:38:53,1,True,0,3,2026-03,Resuelto
SESS-107628,Soporte Técnico y Despacho,logistica_envio,@theMarely40,2026-04-12 19:36:29,1,True,0,3,2026-04,Resuelto
SESS-107629,Acceso y Seguridad,error_login,@soyDev37,2025-12-15 01:59:28,1,True,0,3,2025-12,Resuelto
SESS-107670,Acceso y Seguridad,error_login,@theKitty50,2025-12-26 22:09:07,1,True,0,3,2025-12,Resuelto
SESS-107730,Facturación y Cobros,problema_pago,@soyKitty55,2026-01-19 18:23:39,1,True,0,3,2026-01,Resuelto
SESS-107896,Acceso y Seguridad,error_login,@soyDev51,2026-04-19 21:13:47,2,False,1,3,2026-04,Churn
SESS-108113,Acceso y Seguridad,error_login,@theMarely31,2026-02-27 11:30:05,1,True,0,3,2026-02,Resuelto
SESS-108157,Gestion de Cuenta,cambio_plan,@theMarely21,2026-04-05 23:26:04,1,True,0,3,2026-04,Resuelto
SESS-108182,Facturación y Cobros,problema_pago,@theMarely41,2026-02-02 08:46:35,1,True,0,3,2026-02,Resuelto
SESS-108902,Gestion de Cuenta,cambio_plan,@soyDev20,2026-04-30 17:51:26,1,True,0,3,2026-04,Resuelto
SESS-108959,Soporte Técnico y Despacho,logistica_envio,@theDev70,2025-12-30 12:24:49,1,True,0,3,2025-12,Resuelto
SESS-108964,Soporte Técnico y Despacho,logistica_envio,@soyKitty94,2026-02-14 21:24:12,1,True,0,3,2026-02,Resuelto
SESS-109164,Soporte Técnico y Despacho,logistica_envio,@soyKitty96,2026-01-04 19:40:20,2,False,1,3,2026-01,Churn
SESS-109719,Acceso y Seguridad,error_login,@theDev89,2026-05-02 05:21:12,1,True,0,3,2026-05,Resuelto
SESS-109721,Facturación y Cobros,problema_pago,@theKitty99,2026-01-06 19:56:06,1,True,0,3,2026-01,Resuelto
SESS-109787,Soporte Técnico y Despacho,logistica_envio,@theDev95,2025-12-18 04:48:09,1,True,0,3,2025-12,Resuelto
SESS-109819,Soporte Técnico y Despacho,logistica_envio,@soyDev88,2025-11-16 03:30:04,1,True,0,3,2025-11,Resuelto
SESS-110361,Facturación y Cobros,problema_pago,@theKitty66,2026-01-18 07:02:56,1,True,0,3,2026-01,Resuelto
SESS-110603,Facturación y Cobros,problema_pago,@theKitty77,2025-12-21 07:25:45,2,False,1,3,2025-12,Churn
SESS-110817,Acceso y Seguridad,error_login,@theKitty52,2026-04-23 14:59:42,1,True,0,3,2026-04,Resuelto
SESS-110864,Facturación y Cobros,problema_pago,@soyDev49,2026-01-08 23:53:46,2,False,1,3,2026-01,Churn
SESS-110961,Gestion de Cuenta,cambio_plan,@soyMarely68,2026-03-04 07:18:21,1,True,0,3,2026-03,Resuelto
SESS-111021,Soporte Técnico y Despacho,logistica_envio,@theMarely76,2026-01-08 21:52:15,2,False,1,3,2026-01,Churn
SESS-111130,Acceso y Seguridad,error_login,@soyDev51,2026-05-04 22:02:40,1,True,0,3,2026-05,Resuelto
SESS-111263,Gestion de Cuenta,cambio_plan,@theMarely31,2026-01-16 04:30:42,2,False,1,3,2026-01,Churn
SESS-111507,Gestion de Cuenta,cambio_plan,@soyKitty35,2026-04-16 18:23:44,1,True,0,3,2026-04,Resuelto
SESS-111728,Acceso y Seguridad,error_login,@soyDev42,2026-04-03 09:34:22,1,True,0,3,2026-04,Resuelto
SESS-111791,Soporte Técnico y Despacho,logistica_envio,@theDev96,2026-04-17 00:06:58,1,True,0,3,2026-04,Resuelto
SESS-111869,Soporte Técnico y Despacho,logistica_envio,@soyDev22,2026-03-30 11:39:33,2,False,1,3,2026-03,Churn
SESS-112100,Acceso y Seguridad,error_login,@theMarely25,2026-03-14 11:15:16,1,True,0,3,2026-03,Resuelto
SESS-112121,Facturación y Cobros,problema_pago,@soyKitty49,2026-04-15 10:20:40,2,False,1,3,2026-04,Churn
SESS-112330,Acceso y Seguridad,error_login,@theKitty75,2025-12-24 07:56:21,2,False,1,3,2025-12,Churn
SESS-112785,Facturación y Cobros,problema_pago,@theDev88,2025-11-14 20:14:02,1,True,0,3,2025-11,Resuelto
SESS-112940,Acceso y Seguridad,error_login,@soyKitty31,2026-04-01 08:12:16,1,True,0,3,2026-04,Resuelto
SESS-113214,Gestion de Cuenta,cambio_plan,@theMarely19,2026-04-28 07:15:33,1,True,0,3,2026-04,Resuelto
SESS-113368,Soporte Técnico y Despacho,logistica_envio,@soyDev48,2026-03-20 05:07:11,2,False,1,3,2026-03,Churn
SESS-113519,Gestion de Cuenta,cambio_plan,@soyKitty23,2026-01-28 07:56:12,1,True,0,3,2026-01,Resuelto
SESS-113645,Acceso y Seguridad,error_login,@theMarely16,2026-03-26 00:04:15,1,True,0,3,2026-03,Resuelto
SESS-113891,Acceso y Seguridad,error_login,@theMarely85,2026-04-10 01:46:44,1,True,0,3,2026-04,Resuelto
SESS-113895,Acceso y Seguridad,error_login,@theMarely77,2026-04-21 18:44:25,1,True,0,3,2026-04,Resuelto
SESS-113908,Facturación y Cobros,problema_pago,@theMarely93,2026-01-23 12:49:16,1,True,0,3,2026-01,Resuelto
SESS-114013,Facturación y Cobros,problema_pago,@soyDev63,2026-04-12 11:17:21,2,False,1,3,2026-04,Churn
SESS-114050,Soporte Técnico y Despacho,logistica_envio,@theKitty67,2026-03-08 07:01:32,1,True,0,3,2026-03,Resuelto
SESS-114143,Soporte Técnico y Despacho,logistica_envio,@theKitty34,2026-04-21 23:47:51,2,False,1,3,2026-04,Churn
SESS-114242,Soporte Técnico y Despacho,logistica_envio,@soyKitty56,2026-04-17 00:46:51,2,False,1,3,2026-04,Churn
SESS-114311,Facturación y Cobros,problema_pago,@theDev48,2025-12-23 03:55:32,1,True,0,3,2025-12,Resuelto
SESS-114315,Soporte Técnico y Despacho,logistica_envio,@theDev78,2026-03-11 08:56:36,1,True,0,3,2026-03,Resuelto
SESS-114423,Acceso y Seguridad,error_login,@theKitty64,2026-01-06 03:57:47,1,True,0,3,2026-01,Resuelto
SESS-114817,Gestion de Cuenta,cambio_plan,@theDev55,2026-04-02 00:39:02,1,True,0,3,2026-04,Resuelto
SESS-115061,Acceso y Seguridad,error_login,@soyMarely48,2026-01-28 16:58:24,2,False,1,3,2026-01,Churn
SESS-115217,Acceso y Seguridad,error_login,@theKitty92,2026-01-07 02:47:58,1,True,0,3,2026-01,Resuelto
SESS-115607,Gestion de Cuenta,cambio_plan,@soyMarely37,2026-02-21 05:00:15,1,True,0,3,2026-02,Resuelto
SESS-115629,Soporte Técnico y Despacho,logistica_envio,@soyMarely67,2026-02-15 18:58:00,1,True,0,3,2026-02,Resuelto
SESS-115680,Acceso y Seguridad,error_login,@soyDev57,2025-11-30 15:01:29,1,True,0,3,2025-11,Resuelto
SESS-115707,Gestion de Cuenta,cambio_plan,@soyDev55,2026-03-23 03:22:08,1,True,0,3,2026-03,Resuelto
SESS-115770,Gestion de Cuenta,cambio_plan,@theMarely94,2026-01-31 22:15:29,1,True,0,3,2026-01,Resuelto
SESS-115834,Facturación y Cobros,problema_pago,@soyDev47,2026-01-18 20:36:41,1,True,0,3,2026-01,Resuelto
SESS-115835,Acceso y Seguridad,error_login,@theKitty26,2026-01-26 16:25:39,1,True,0,3,2026-01,Resuelto
SESS-115868,Gestion de Cuenta,cambio_plan,@soyKitty78,2025-12-24 02:51:04,2,False,1,3,2025-12,Churn
SESS-115904,Soporte Técnico y Despacho,logistica_envio,@theMarely85,2026-05-03 04:40:46,2,False,1,3,2026-05,Churn
SESS-115929,Acceso y Seguridad,error_login,@theDev97,2026-05-06 01:48:58,1,True,0,3,2026-05,Resuelto
SESS-116093,Facturación y Cobros,problema_pago,@theKitty21,2026-03-29 01:58:31,1,True,0,3,2026-03,Resuelto
SESS-116198,Acceso y Seguridad,error_login,@theKitty56,2026-03-18 23:15:05,1,True,0,3,2026-03,Resuelto
SESS-116228,Facturación y Cobros,problema_pago,@theMarely17,2025-11-14 07:40:26,1,True,0,3,2025-11,Resuelto
SESS-116254,Acceso y Seguridad,error_login,@soyKitty73,2026-01-15 05:02:15,1,True,0,3,2026-01,Resuelto
SESS-116295,Acceso y Seguridad,error_login,@theKitty30,2026-04-26 20:25:02,2,False,1,3,2026-04,Churn
SESS-116446,Gestion de Cuenta,cambio_plan,@soyMarely33,2025-11-14 22:56:05,1,True,0,3,2025-11,Resuelto
SESS-116501,Acceso y Seguridad,error_login,@soyMarely43,2025-12-02 09:15:13,1,True,0,3,2025-12,Resuelto
SESS-116587,Soporte Técnico y Despacho,logistica_envio,@soyDev14,2025-12-09 20:05:57,1,True,0,3,2025-12,Resuelto
SESS-116700,Gestion de Cuenta,cambio_plan,@theKitty91,2026-02-09 20:31:15,1,True,0,3,2026-02,Resuelto
SESS-116889,Gestion de Cuenta,cambio_plan,@soyDev75,2026-01-12 07:14:37,2,False,1,3,2026-01,Churn
SESS-116904,Facturación y Cobros,problema_pago,@theMarely70,2026-02-15 04:39:33,1,True,0,3,2026-02,Resuelto
SESS-116968,Acceso y Seguridad,error_login,@soyKitty44,2026-04-02 12:43:22,1,True,0,3,2026-04,Resuelto
SESS-117553,Soporte Técnico y Despacho,logistica_envio,@soyKitty32,2026-03-29 14:05:17,1,True,0,3,2026-03,Resuelto
SESS-117738,Gestion de Cuenta,cambio_plan,@theMarely66,2026-04-30 06:26:09,1,True,0,3,2026-04,Resuelto
SESS-117962,Gestion de Cuenta,cambio_plan,@theKitty42,2025-11-25 00:26:43,1,True,0,3,2025-11,Resuelto
SESS-118121,Soporte Técnico y Despacho,logistica_envio,@soyMarely62,2026-02-03 19:09:27,1,True,0,3,2026-02,Resuelto
SESS-118310,Facturación y Cobros,problema_pago,@soyMarely33,2025-12-06 02:03:22,2,False,1,3,2025-12,Churn
SESS-118844,Soporte Técnico y Despacho,logistica_envio,@soyDev29,2026-01-21 21:19:42,2,False,1,3,2026-01,Churn
SESS-118938,Gestion de Cuenta,cambio_plan,@theDev36,2026-02-03 16:53:23,1,True,0,3,2026-02,Resuelto
SESS-119057,Acceso y Seguridad,error_login,@soyMarely59,2026-04-09 11:25:42,1,True,0,3,2026-04,Resuelto
SESS-119251,Gestion de Cuenta,cambio_plan,@soyMarely29,2025-12-14 12:25:12,1,True,0,3,2025-12,Resuelto
SESS-119496,Gestion de Cuenta,cambio_plan,@theMarely21,2025-11-08 23:13:18,1,True,0,3,2025-11,Resuelto
SESS-119618,Soporte Técnico y Despacho,logistica_envio,@soyKitty35,2026-01-26 17:30:09,2,False,1,3,2026-01,Churn
SESS-119752,Soporte Técnico y Despacho,logistica_envio,@soyDev16,2026-02-22 12:13:13,2,False,1,3,2026-02,Churn
SESS-120013,Acceso y Seguridad,error_login,@soyDev43,2026-04-01 03:17:38,1,True,0,3,2026-04,Resuelto
SESS-120021,Facturación y Cobros,problema_pago,@theKitty73,2025-12-13 16:15:44,1,True,0,3,2025-12,Resuelto
SESS-120165,Gestion de Cuenta,cambio_plan,@soyMarely26,2026-01-02 21:21:08,1,True,0,3,2026-01,Resuelto
SESS-120193,Gestion de Cuenta,cambio_plan,@soyMarely92,2026-03-16 12:50:32,1,True,0,3,2026-03,Resuelto
SESS-120333,Gestion de Cuenta,cambio_plan,@theDev13,2025-12-20 09:00:27,1,True,0,3,2025-12,Resuelto
SESS-120461,Gestion de Cuenta,cambio_plan,@theDev16,2025-11-17 18:53:23,1,True,0,3,2025-11,Resuelto
SESS-120935,Soporte Técnico y Despacho,logistica_envio,@soyMarely79,2026-01-17 20:08:45,2,False,1,3,2026-01,Churn
SESS-121168,Facturación y Cobros,problema_pago,@soyMarely96,2026-04-13 00:05:19,2,False,1,3,2026-04,Churn
SESS-121285,Gestion de Cuenta,cambio_plan,@theMarely50,2026-04-25 02:43:39,2,False,1,3,2026-04,Churn
SESS-121339,Acceso y Seguridad,error_login,@theKitty64,2026-04-28 18:35:05,2,False,1,3,2026-04,Churn
SESS-121464,Facturación y Cobros,problema_pago,@soyKitty67,2026-02-25 00:47:43,1,True,0,3,2026-02,Resuelto
SESS-121502,Facturación y Cobros,problema_pago,@soyDev92,2025-11-13 20:12:07,2,False,1,3,2025-11,Churn
SESS-121552,Acceso y Seguridad,error_login,@theDev23,2026-02-18 21:44:40,1,True,0,3,2026-02,Resuelto
SESS-121582,Acceso y Seguridad,error_login,@soyKitty16,2026-02-04 10:56:35,1,True,0,3,2026-02,Resuelto
SESS-121845,Facturación y Cobros,problema_pago,@soyDev84,2026-01-13 12:55:25,1,True,0,3,2026-01,Resuelto
SESS-121909,Gestion de Cuenta,cambio_plan,@soyMarely72,2026-01-26 00:41:37,2,False,1,3,2026-01,Churn
SESS-122037,Soporte Técnico y Despacho,logistica_envio,@soyKitty38,2026-04-24 07:28:02,2,False,1,3,2026-04,Churn
SESS-122073,Soporte Técnico y Despacho,logistica_envio,@soyKitty35,2026-03-12 18:19:02,2,False,1,3,2026-03,Churn
SESS-122169,Soporte Técnico y Despacho,logistica_envio,@theKitty56,2026-04-18 00:09:12,1,True,0,3,2026-04,Resuelto
SESS-122199,Acceso y Seguridad,error_login,@theDev42,2025-12-08 14:06:52,1,True,0,3,2025-12,Resuelto
SESS-122376,Gestion de Cuenta,cambio_plan,@theDev39,2025-11-10 17:52:40,1,True,0,3,2025-11,Resuelto
SESS-122429,Soporte Técnico y Despacho,logistica_envio,@soyMarely71,2025-12-30 18:19:02,2,False,1,3,2025-12,Churn
SESS-122467,Soporte Técnico y Despacho,logistica_envio,@soyMarely91,2025-12-25 05:29:56,1,True,0,3,2025-12,Resuelto
SESS-122474,Soporte Técnico y Despacho,logistica_envio,@soyKitty62,2026-04-10 09:07:04,2,False,1,3,2026-04,Churn
SESS-122541,Acceso y Seguridad,error_login,@theDev84,2026-04-10 08:51:14,1,True,0,3,2026-04,Resuelto
SESS-122902,Facturación y Cobros,problema_pago,@soyKitty10,2026-03-08 12:15:21,1,True,0,3,2026-03,Resuelto
SESS-122903,Acceso y Seguridad,error_login,@theMarely56,2026-04-27 02:29:31,1,True,0,3,2026-04,Resuelto
SESS-122967,Soporte Técnico y Despacho,logistica_envio,@soyDev71,2026-01-02 10:25:32,1,True,0,3,2026-01,Resuelto
SESS-123063,Soporte Técnico y Despacho,logistica_envio,@soyMarely88,2026-01-23 12:00:56,2,False,1,3,2026-01,Churn
SESS-123235,Soporte Técnico y Despacho,logistica_envio,@theDev24,2026-01-09 06:55:01,1,True,0,3,2026-01,Resuelto
SESS-123256,Acceso y Seguridad,error_login,@soyMarely98,2026-03-19 21:59:11,2,False,1,3,2026-03,Churn
SESS-123298,Gestion de Cuenta,cambio_plan,@soyKitty23,2026-03-20 07:01:33,2,False,1,3,2026-03,Churn
SESS-123329,Soporte Técnico y Despacho,logistica_envio,@theKitty96,2026-03-25 01:42:09,2,False,1,3,2026-03,Churn
SESS-123401,Soporte Técnico y Despacho,logistica_envio,@theMarely58,2026-02-18 13:57:50,1,True,0,3,2026-02,Resuelto
SESS-123407,Facturación y Cobros,problema_pago,@soyDev73,2026-02-27 12:32:47,1,True,0,3,2026-02,Resuelto
SESS-123625,Gestion de Cuenta,cambio_plan,@theDev74,2026-01-26 20:06:55,1,True,0,3,2026-01,Resuelto
SESS-123687,Gestion de Cuenta,cambio_plan,@theMarely73,2026-03-04 15:21:10,1,True,0,3,2026-03,Resuelto
SESS-123727,Soporte Técnico y Despacho,logistica_envio,@theDev19,2026-05-04 18:55:41,2,False,1,3,2026-05,Churn
SESS-123821,Gestion de Cuenta,cambio_plan,@theKitty33,2026-03-31 11:01:44,1,True,0,3,2026-03,Resuelto
SESS-123964,Gestion de Cuenta,cambio_plan,@theMarely21,2026-03-10 15:32:55,1,True,0,3,2026-03,Resuelto
SESS-124159,Acceso y Seguridad,error_login,@soyKitty98,2026-04-03 19:49:51,2,False,1,3,2026-04,Churn
SESS-124331,Acceso y Seguridad,error_login,@theKitty71,2025-12-24 13:59:08,1,True,0,3,2025-12,Resuelto
SESS-124360,Facturación y Cobros,problema_pago,@theDev26,2025-12-29 12:23:39,2,False,1,3,2025-12,Churn
SESS-124526,Acceso y Seguridad,error_login,@soyDev80,2025-12-16 00:52:22,1,True,0,3,2025-12,Resuelto
SESS-124534,Gestion de Cuenta,cambio_plan,@theKitty65,2025-11-17 12:22:38,2,False,1,3,2025-11,Churn
SESS-124630,Acceso y Seguridad,error_login,@theDev14,2026-04-29 17:37:10,1,True,0,3,2026-04,Resuelto
SESS-124827,Gestion de Cuenta,cambio_plan,@theMarely69,2025-11-22 13:18:11,1,True,0,3,2025-11,Resuelto
SESS-124902,Soporte Técnico y Despacho,logistica_envio,@soyMarely21,2026-04-08 10:56:15,2,False,1,3,2026-04,Churn
SESS-124947,Facturación y Cobros,problema_pago,@soyKitty78,2026-03-24 12:49:18,1,True,0,3,2026-03,Resuelto
SESS-124969,Acceso y Seguridad,error_login,@theDev88,2026-04-06 05:12:33,2,False,1,3,2026-04,Churn
SESS-124993,Gestion de Cuenta,cambio_plan,@soyKitty85,2025-11-18 13:21:26,2,False,1,3,2025-11,Churn
SESS-125000,Soporte Técnico y Despacho,logistica_envio,@theMarely59,2026-03-12 18:07:27,2,False,1,3,2026-03,Churn
SESS-125236,Soporte Técnico y Despacho,logistica_envio,@soyMarely30,2026-01-02 02:48:51,2,False,1,3,2026-01,Churn
SESS-125361,Soporte Técnico y Despacho,logistica_envio,@soyDev28,2025-11-15 21:39:07,1,True,0,3,2025-11,Resuelto
SESS-125484,Soporte Técnico y Despacho,logistica_envio,@theDev13,2025-11-28 12:08:21,2,False,1,3,2025-11,Churn
SESS-125583,Gestion de Cuenta,cambio_plan,@soyMarely16,2025-11-08 19:23:57,1,True,0,3,2025-11,Resuelto
SESS-125593,Acceso y Seguridad,error_login,@soyMarely47,2026-02-01 23:08:44,1,True,0,3,2026-02,Resuelto
SESS-125638,Gestion de Cuenta,cambio_plan,@theMarely46,2025-12-02 08:13:06,2,False,1,3,2025-12,Churn
SESS-125671,Soporte Técnico y Despacho,logistica_envio,@soyDev80,2026-01-14 17:33:31,1,True,0,3,2026-01,Resuelto
SESS-125682,Gestion de Cuenta,cambio_plan,@soyKitty76,2026-05-05 03:01:46,2,False,1,3,2026-05,Churn
SESS-125848,Facturación y Cobros,problema_pago,@theDev14,2025-11-24 15:18:32,1,True,0,3,2025-11,Resuelto
SESS-125874,Acceso y Seguridad,error_login,@theDev66,2026-04-22 23:59:36,1,True,0,3,2026-04,Resuelto
SESS-126109,Gestion de Cuenta,cambio_plan,@theDev50,2025-12-12 03:27:37,1,True,0,3,2025-12,Resuelto
SESS-126199,Facturación y Cobros,problema_pago,@soyKitty27,2025-12-09 04:34:14,2,False,1,3,2025-12,Churn
SESS-126209,Acceso y Seguridad,error_login,@theKitty27,2026-03-16 20:15:26,1,True,0,3,2026-03,Resuelto
SESS-126231,Facturación y Cobros,problema_pago,@soyDev53,2026-01-10 03:24:51,1,True,0,3,2026-01,Resuelto
SESS-126253,Acceso y Seguridad,error_login,@theDev79,2025-11-22 18:53:02,2,False,1,3,2025-11,Churn
SESS-126298,Soporte Técnico y Despacho,logistica_envio,@theMarely79,2025-12-31 21:13:03,2,False,1,3,2025-12,Churn
SESS-126380,Gestion de Cuenta,cambio_plan,@theMarely83,2025-12-09 01:30:37,1,True,0,3,2025-12,Resuelto
SESS-126472,Gestion de Cuenta,cambio_plan,@soyKitty96,2026-01-19 07:12:15,2,False,1,3,2026-01,Churn
SESS-126764,Acceso y Seguridad,error_login,@soyMarely45,2025-12-09 22:16:43,1,True,0,3,2025-12,Resuelto
SESS-126780,Gestion de Cuenta,cambio_plan,@soyKitty83,2026-03-23 06:49:11,2,False,1,3,2026-03,Churn
SESS-126793,Acceso y Seguridad,error_login,@theDev90,2026-01-07 17:10:00,1,True,0,3,2026-01,Resuelto
SESS-127263,Acceso y Seguridad,error_login,@soyMarely84,2026-01-03 19:34:54,1,True,0,3,2026-01,Resuelto
SESS-127435,Gestion de Cuenta,cambio_plan,@theDev57,2025-11-27 19:14:50,2,False,1,3,2025-11,Churn
SESS-127820,Acceso y Seguridad,error_login,@soyMarely13,2026-03-15 17:23:43,2,False,1,3,2026-03,Churn
SESS-127862,Acceso y Seguridad,error_login,@soyKitty26,2026-01-20 16:06:19,2,False,1,3,2026-01,Churn
SESS-128027,Acceso y Seguridad,error_login,@soyKitty78,2026-01-03 09:35:06,1,True,0,3,2026-01,Resuelto
SESS-128030,Gestion de Cuenta,cambio_plan,@soyMarely32,2026-01-19 00:50:20,2,False,1,3,2026-01,Churn
SESS-128261,Gestion de Cuenta,cambio_plan,@soyKitty72,2026-03-31 13:00:53,2,False,1,3,2026-03,Churn
SESS-128586,Acceso y Seguridad,error_login,@theKitty37,2026-04-05 04:57:23,1,True,0,3,2026-04,Resuelto
SESS-128665,Soporte Técnico y Despacho,logistica_envio,@theMarely74,2026-01-30 02:15:19,1,True,0,3,2026-01,Resuelto
SESS-129066,Gestion de Cuenta,cambio_plan,@theKitty22,2026-02-04 14:45:13,2,False,1,3,2026-02,Churn
SESS-129116,Gestion de Cuenta,cambio_plan,@soyKitty74,2026-04-02 23:27:26,2,False,1,3,2026-04,Churn
SESS-129166,Facturación y Cobros,problema_pago,@theMarely49,2025-12-13 03:40:49,1,True,0,3,2025-12,Resuelto
SESS-129371,Soporte Técnico y Despacho,logistica_envio,@soyDev88,2025-11-24 02:23:41,2,False,1,3,2025-11,Churn
SESS-129605,Acceso y Seguridad,error_login,@theKitty81,2025-12-21 00:30:01,2,False,1,3,2025-12,Churn
SESS-129650,Soporte Técnico y Despacho,logistica_envio,@soyDev96,2026-05-02 22:37:53,1,True,0,3,2026-05,Resuelto
SESS-129704,Facturación y Cobros,problema_pago,@theMarely21,2026-01-13 03:12:34,2,False,1,3,2026-01,Churn
SESS-130004,Facturación y Cobros,problema_pago,@theDev81,2025-12-12 02:59:06,1,True,0,3,2025-12,Resuelto
SESS-130117,Gestion de Cuenta,cambio_plan,@soyDev77,2025-11-13 03:09:25,1,True,0,3,2025-11,Resuelto
SESS-130354,Gestion de Cuenta,cambio_plan,@soyMarely14,2026-01-17 00:22:47,1,True,0,3,2026-01,Resuelto
SESS-130603,Gestion de Cuenta,cambio_plan,@soyKitty66,2026-05-04 15:35:09,1,True,0,3,2026-05,Resuelto
SESS-130605,Gestion de Cuenta,cambio_plan,@theMarely89,2025-11-08 19:26:59,1,True,0,3,2025-11,Resuelto
SESS-130857,Facturación y Cobros,problema_pago,@soyMarely38,2026-02-01 05:47:13,2,False,1,3,2026-02,Churn
SESS-130927,Facturación y Cobros,problema_pago,@theKitty85,2026-02-24 02:29:40,1,True,0,3,2026-02,Resuelto
SESS-131074,Facturación y Cobros,problema_pago,@theDev34,2026-03-20 07:53:55,1,True,0,3,2026-03,Resuelto
SESS-131173,Soporte Técnico y Despacho,logistica_envio,@soyKitty79,2026-02-24 21:37:31,2,False,1,3,2026-02,Churn
SESS-131417,Facturación y Cobros,problema_pago,@soyDev45,2026-03-08 03:37:04,1,True,0,3,2026-03,Resuelto
SESS-131447,Gestion de Cuenta,cambio_plan,@soyDev61,2026-02-05 09:54:33,1,True,0,3,2026-02,Resuelto
SESS-131903,Facturación y Cobros,problema_pago,@theMarely38,2026-03-09 04:04:01,1,True,0,3,2026-03,Resuelto
SESS-131985,Soporte Técnico y Despacho,logistica_envio,@soyMarely29,2026-04-13 01:47:59,2,False,1,3,2026-04,Churn
SESS-132179,Facturación y Cobros,problema_pago,@theKitty19,2025-12-30 02:39:18,1,True,0,3,2025-12,Resuelto
SESS-132503,Soporte Técnico y Despacho,logistica_envio,@theMarely71,2025-11-29 15:27:30,1,True,0,3,2025-11,Resuelto
SESS-132720,Facturación y Cobros,problema_pago,@theKitty50,2026-03-24 11:31:26,2,False,1,3,2026-03,Churn
SESS-133171,Facturación y Cobros,problema_pago,@theKitty98,2026-01-07 20:15:35,2,False,1,3,2026-01,Churn
SESS-133230,Acceso y Seguridad,error_login,@theDev53,2026-03-29 04:51:04,2,False,1,3,2026-03,Churn
SESS-133278,Facturación y Cobros,problema_pago,@theKitty19,2026-01-24 04:32:59,2,False,1,3,2026-01,Churn
SESS-133546,Facturación y Cobros,problema_pago,@theKitty51,2025-11-19 15:06:38,2,False,1,3,2025-11,Churn
SESS-133713,Soporte Técnico y Despacho,logistica_envio,@soyKitty31,2026-04-24 16:34:00,2,False,1,3,2026-04,Churn
SESS-134225,Acceso y Seguridad,error_login,@soyMarely62,2026-03-14 15:29:38,2,False,1,3,2026-03,Churn
SESS-134400,Facturación y Cobros,problema_pago,@soyMarely80,2026-02-04 22:31:44,2,False,1,3,2026-02,Churn
SESS-134683,Gestion de Cuenta,cambio_plan,@soyMarely71,2026-04-01 17:07:51,1,True,0,3,2026-04,Resuelto
SESS-134777,Acceso y Seguridad,error_login,@soyMarely53,2025-11-26 15:18:06,1,True,0,3,2025-11,Resuelto
SESS-134911,Soporte Técnico y Despacho,logistica_envio,@soyDev15,2026-03-19 11:09:08,1,True,0,3,2026-03,Resuelto
SESS-135076,Soporte Técnico y Despacho,logistica_envio,@soyKitty46,2026-02-08 11:55:20,1,True,0,3,2026-02,Resuelto
SESS-135276,Soporte Técnico y Despacho,logistica_envio,@theMarely25,2025-12-01 09:41:11,1,True,0,3,2025-12,Resuelto
SESS-135474,Facturación y Cobros,problema_pago,@soyKitty17,2026-02-04 05:58:23,2,False,1,3,2026-02,Churn
SESS-135499,Facturación y Cobros,problema_pago,@soyDev89,2025-12-09 11:59:51,1,True,0,3,2025-12,Resuelto
SESS-135578,Acceso y Seguridad,error_login,@soyDev49,2026-04-23 08:34:15,2,False,1,3,2026-04,Churn
SESS-135718,Soporte Técnico y Despacho,logistica_envio,@theDev35,2026-02-01 12:28:39,1,True,0,3,2026-02,Resuelto
SESS-135739,Acceso y Seguridad,error_login,@soyMarely26,2026-01-22 14:44:06,2,False,1,3,2026-01,Churn
SESS-135811,Facturación y Cobros,problema_pago,@soyMarely71,2025-11-10 12:36:50,2,False,1,3,2025-11,Churn
SESS-135859,Soporte Técnico y Despacho,logistica_envio,@soyDev22,2025-12-18 10:55:54,2,False,1,3,2025-12,Churn
SESS-136397,Gestion de Cuenta,cambio_plan,@soyDev60,2026-01-27 00:08:50,1,True,0,3,2026-01,Resuelto
SESS-136718,Gestion de Cuenta,cambio_plan,@theKitty81,2026-01-25 14:54:17,1,True,0,3,2026-01,Resuelto
SESS-136850,Acceso y Seguridad,error_login,@soyKitty43,2026-04-15 19:17:25,1,True,0,3,2026-04,Resuelto
SESS-136983,Facturación y Cobros,problema_pago,@soyDev79,2026-04-25 21:10:55,2,False,1,3,2026-04,Churn
SESS-137012,Soporte Técnico y Despacho,logistica_envio,@soyKitty71,2025-12-31 15:59:58,1,True,0,3,2025-12,Resuelto
SESS-137289,Soporte Técnico y Despacho,logistica_envio,@soyDev12,2025-11-10 03:46:07,1,True,0,3,2025-11,Resuelto
SESS-137327,Acceso y Seguridad,error_login,@soyKitty21,2026-01-02 12:34:25,2,False,1,3,2026-01,Churn
SESS-137378,Gestion de Cuenta,cambio_plan,@soyMarely93,2026-02-28 04:00:30,1,True,0,3,2026-02,Resuelto
SESS-137386,Gestion de Cuenta,cambio_plan,@theMarely24,2025-12-22 00:51:59,1,True,0,3,2025-12,Resuelto
SESS-137657,Facturación y Cobros,problema_pago,@soyMarely63,2026-03-31 03:11:03,1,True,0,3,2026-03,Resuelto
SESS-137678,Soporte Técnico y Despacho,logistica_envio,@soyMarely22,2026-02-16 02:26:18,1,True,0,3,2026-02,Resuelto
SESS-137708,Gestion de Cuenta,cambio_plan,@theMarely58,2026-01-08 08:03:54,1,True,0,3,2026-01,Resuelto
SESS-137989,Facturación y Cobros,problema_pago,@theDev23,2025-12-17 11:46:09,2,False,1,3,2025-12,Churn
SESS-138202,Facturación y Cobros,problema_pago,@theDev74,2026-01-11 20:06:17,1,True,0,3,2026-01,Resuelto
SESS-138352,Facturación y Cobros,problema_pago,@theMarely18,2026-04-09 10:53:08,1,True,0,3,2026-04,Resuelto
SESS-138399,Acceso y Seguridad,error_login,@theDev61,2026-02-01 23:34:41,1,True,0,3,2026-02,Resuelto
SESS-138493,Soporte Técnico y Despacho,logistica_envio,@soyDev43,2026-02-18 12:32:40,2,False,1,3,2026-02,Churn
SESS-138960,Facturación y Cobros,problema_pago,@soyDev63,2025-11-13 02:47:18,1,True,0,3,2025-11,Resuelto
SESS-139035,Facturación y Cobros,problema_pago,@theDev14,2025-11-13 15:00:06,1,True,0,3,2025-11,Resuelto
SESS-139084,Soporte Técnico y Despacho,logistica_envio,@theMarely96,2026-01-21 00:35:59,2,False,1,3,2026-01,Churn
SESS-139089,Soporte Técnico y Despacho,logistica_envio,@theDev23,2025-12-18 10:48:08,1,True,0,3,2025-12,Resuelto
SESS-139153,Gestion de Cuenta,cambio_plan,@theDev78,2026-01-10 06:40:02,2,False,1,3,2026-01,Churn
SESS-139221,Acceso y Seguridad,error_login,@soyKitty91,2026-02-04 13:10:25,1,True,0,3,2026-02,Resuelto
SESS-139224,Soporte Técnico y Despacho,logistica_envio,@soyMarely11,2026-03-05 05:18:16,1,True,0,3,2026-03,Resuelto
SESS-139248,Soporte Técnico y Despacho,logistica_envio,@theMarely15,2025-11-30 00:49:05,2,False,1,3,2025-11,Churn
SESS-139565,Gestion de Cuenta,cambio_plan,@theKitty47,2026-01-16 14:42:50,1,True,0,3,2026-01,Resuelto
SESS-139578,Soporte Técnico y Despacho,logistica_envio,@theKitty98,2025-11-14 14:26:42,1,True,0,3,2025-11,Resuelto
SESS-139699,Gestion de Cuenta,cambio_plan,@theDev15,2026-02-22 11:09:06,2,False,1,3,2026-02,Churn
SESS-139715,Facturación y Cobros,problema_pago,@theDev82,2025-12-15 09:50:09,1,True,0,3,2025-12,Resuelto
SESS-139937,Acceso y Seguridad,error_login,@theMarely70,2026-01-29 20:19:52,2,False,1,3,2026-01,Churn
SESS-140089,Gestion de Cuenta,cambio_plan,@soyKitty59,2026-02-03 12:20:57,2,False,1,3,2026-02,Churn
SESS-140307,Soporte Técnico y Despacho,logistica_envio,@soyDev90,2026-04-02 15:56:46,2,False,1,3,2026-04,Churn
SESS-140388,Acceso y Seguridad,error_login,@theDev99,2026-03-21 12:39:11,1,True,0,3,2026-03,Resuelto
SESS-140455,Soporte Técnico y Despacho,logistica_envio,@theDev93,2026-01-31 07:51:46,1,True,0,3,2026-01,Resuelto
SESS-140470,Facturación y Cobros,problema_pago,@soyDev23,2025-12-30 04:42:58,2,False,1,3,2025-12,Churn
SESS-140630,Soporte Técnico y Despacho,logistica_envio,@soyMarely17,2025-12-09 05:22:00,2,False,1,3,2025-12,Churn
SESS-140733,Facturación y Cobros,problema_pago,@theMarely85,2026-04-24 07:00:33,2,False,1,3,2026-04,Churn
SESS-141355,Soporte Técnico y Despacho,logistica_envio,@theDev52,2025-12-04 11:31:22,1,True,0,3,2025-12,Resuelto
SESS-141620,Soporte Técnico y Despacho,logistica_envio,@soyMarely78,2026-01-18 01:21:35,2,False,1,3,2026-01,Churn
SESS-141811,Gestion de Cuenta,cambio_plan,@theMarely43,2026-01-30 17:34:54,1,True,0,3,2026-01,Resuelto
SESS-141914,Acceso y Seguridad,error_login,@theKitty27,2026-03-05 08:43:19,2,False,1,3,2026-03,Churn
SESS-141925,Facturación y Cobros,problema_pago,@theMarely42,2025-11-19 04:44:13,2,False,1,3,2025-11,Churn
SESS-141937,Acceso y Seguridad,error_login,@soyKitty86,2025-12-12 19:05:34,1,True,0,3,2025-12,Resuelto
SESS-141992,Acceso y Seguridad,error_login,@soyMarely36,2025-12-28 16:42:46,1,True,0,3,2025-12,Resuelto
SESS-142145,Gestion de Cuenta,cambio_plan,@soyKitty37,2025-11-20 01:32:08,1,True,0,3,2025-11,Resuelto
SESS-142198,Gestion de Cuenta,cambio_plan,@soyDev62,2026-01-27 00:14:31,2,False,1,3,2026-01,Churn
SESS-142243,Gestion de Cuenta,cambio_plan,@soyMarely47,2026-05-02 19:07:15,2,False,1,3,2026-05,Churn
SESS-142309,Acceso y Seguridad,error_login,@soyDev34,2026-02-03 11:49:37,1,True,0,3,2026-02,Resuelto
SESS-142335,Gestion de Cuenta,cambio_plan,@theMarely21,2026-01-27 00:10:16,2,False,1,3,2026-01,Churn
SESS-142509,Facturación y Cobros,problema_pago,@soyMarely28,2026-02-26 19:12:37,1,True,0,3,2026-02,Resuelto
SESS-142701,Acceso y Seguridad,error_login,@soyMarely33,2026-03-01 12:59:31,2,False,1,3,2026-03,Churn
SESS-142989,Gestion de Cuenta,cambio_plan,@theKitty83,2026-01-08 13:52:58,2,False,1,3,2026-01,Churn
SESS-143132,Gestion de Cuenta,cambio_plan,@theMarely17,2026-02-19 05:07:50,1,True,0,3,2026-02,Resuelto
SESS-143179,Soporte Técnico y Despacho,logistica_envio,@soyKitty70,2026-03-20 23:45:28,2,False,1,3,2026-03,Churn
SESS-143237,Gestion de Cuenta,cambio_plan,@soyMarely79,2026-04-19 13:19:17,1,True,0,3,2026-04,Resuelto
SESS-143277,Acceso y Seguridad,error_login,@soyDev15,2026-03-26 20:11:59,2,False,1,3,2026-03,Churn
SESS-143344,Acceso y Seguridad,error_login,@theDev81,2026-05-04 22:33:57,2,False,1,3,2026-05,Churn
SESS-143729,Soporte Técnico y Despacho,logistica_envio,@soyKitty35,2026-04-16 02:42:25,1,True,0,3,2026-04,Resuelto
SESS-143743,Soporte Técnico y Despacho,logistica_envio,@soyDev72,2025-12-14 10:18:43,1,True,0,3,2025-12,Resuelto
SESS-143817,Facturación y Cobros,problema_pago,@theDev46,2026-05-05 09:37:12,1,True,0,3,2026-05,Resuelto
SESS-143922,Soporte Técnico y Despacho,logistica_envio,@theMarely41,2026-05-02 02:30:01,1,True,0,3,2026-05,Resuelto
SESS-144022,Soporte Técnico y Despacho,logistica_envio,@soyKitty99,2026-02-27 11:58:25,1,True,0,3,2026-02,Resuelto
SESS-144048,Acceso y Seguridad,error_login,@theMarely94,2026-02-08 05:14:22,1,True,0,3,2026-02,Resuelto
SESS-144053,Facturación y Cobros,problema_pago,@soyDev15,2026-04-23 21:14:44,2,False,1,3,2026-04,Churn
SESS-144213,Gestion de Cuenta,cambio_plan,@soyKitty87,2025-12-07 03:40:06,1,True,0,3,2025-12,Resuelto
SESS-144218,Facturación y Cobros,problema_pago,@theMarely87,2026-02-19 15:54:35,2,False,1,3,2026-02,Churn
SESS-144398,Gestion de Cuenta,cambio_plan,@theKitty56,2025-11-10 00:52:49,2,False,1,3,2025-11,Churn
SESS-144445,Acceso y Seguridad,error_login,@theMarely55,2026-04-15 07:09:57,2,False,1,3,2026-04,Churn
SESS-144470,Acceso y Seguridad,error_login,@theMarely53,2026-03-18 09:33:10,1,True,0,3,2026-03,Resuelto
SESS-144931,Facturación y Cobros,problema_pago,@soyDev53,2026-03-13 14:52:41,1,True,0,3,2026-03,Resuelto
SESS-145213,Gestion de Cuenta,cambio_plan,@soyMarely57,2025-11-21 00:05:52,1,True,0,3,2025-11,Resuelto
SESS-145448,Facturación y Cobros,problema_pago,@theDev49,2025-11-14 07:15:37,1,True,0,3,2025-11,Resuelto
SESS-145569,Facturación y Cobros,problema_pago,@theDev61,2026-05-03 23:53:08,1,True,0,3,2026-05,Resuelto
SESS-145678,Facturación y Cobros,problema_pago,@soyMarely80,2025-12-10 23:10:03,2,False,1,3,2025-12,Churn
SESS-146211,Soporte Técnico y Despacho,logistica_envio,@theDev92,2025-12-27 12:35:03,1,True,0,3,2025-12,Resuelto
SESS-146438,Acceso y Seguridad,error_login,@theMarely40,2026-04-06 08:37:02,2,False,1,3,2026-04,Churn
SESS-146579,Acceso y Seguridad,error_login,@soyMarely86,2025-11-09 23:46:15,2,False,1,3,2025-11,Churn
SESS-146589,Acceso y Seguridad,error_login,@theMarely49,2025-11-19 07:45:19,1,True,0,3,2025-11,Resuelto
SESS-146599,Soporte Técnico y Despacho,logistica_envio,@theKitty45,2026-03-17 06:37:54,1,True,0,3,2026-03,Resuelto
SESS-146736,Acceso y Seguridad,error_login,@soyKitty95,2026-04-11 22:50:42,1,True,0,3,2026-04,Resuelto
SESS-146778,Gestion de Cuenta,cambio_plan,@theMarely30,2025-11-29 08:27:57,2,False,1,3,2025-11,Churn
SESS-146943,Facturación y Cobros,problema_pago,@theKitty67,2026-02-24 02:30:29,1,True,0,3,2026-02,Resuelto
SESS-147101,Soporte Técnico y Despacho,logistica_envio,@theDev93,2026-02-12 06:05:19,1,True,0,3,2026-02,Resuelto
SESS-147290,Soporte Técnico y Despacho,logistica_envio,@theMarely22,2025-11-26 00:36:39,2,False,1,3,2025-11,Churn
SESS-147319,Acceso y Seguridad,error_login,@soyMarely27,2025-11-17 15:23:21,1,True,0,3,2025-11,Resuelto
SESS-147349,Gestion de Cuenta,cambio_plan,@theDev74,2026-03-29 08:13:45,2,False,1,3,2026-03,Churn
SESS-147423,Acceso y Seguridad,error_login,@theDev28,2026-04-07 09:44:04,1,True,0,3,2026-04,Resuelto
SESS-147444,Facturación y Cobros,problema_pago,@soyMarely97,2026-02-20 17:24:32,1,True,0,3,2026-02,Resuelto
SESS-147892,Acceso y Seguridad,error_login,@soyMarely13,2025-11-26 07:48:19,1,True,0,3,2025-11,Resuelto
SESS-148117,Acceso y Seguridad,error_login,@theKitty32,2026-04-30 03:52:27,1,True,0,3,2026-04,Resuelto
SESS-148254,Gestion de Cuenta,cambio_plan,@theKitty62,2026-03-28 06:19:50,1,True,0,3,2026-03,Resuelto
SESS-148406,Gestion de Cuenta,cambio_plan,@theMarely69,2026-04-17 11:04:03,1,True,0,3,2026-04,Resuelto
SESS-148703,Gestion de Cuenta,cambio_plan,@theDev93,2026-02-25 23:37:21,2,False,1,3,2026-02,Churn
SESS-148829,Acceso y Seguridad,error_login,@theKitty56,2026-04-21 11:17:29,2,False,1,3,2026-04,Churn
SESS-149297,Acceso y Seguridad,error_login,@theDev52,2025-11-09 00:21:08,1,True,0,3,2025-11,Resuelto
SESS-149565,Soporte Técnico y Despacho,logistica_envio,@soyMarely87,2025-12-27 16:47:30,2,False,1,3,2025-12,Churn
SESS-149840,Facturación y Cobros,problema_pago,@theMarely96,2026-03-09 03:00:02,2,False,1,3,2026-03,Churn
SESS-149932,Soporte Técnico y Despacho,logistica_envio,@theKitty66,2026-03-13 14:24:32,1,True,0,3,2026-03,Resuelto
SESS-150051,Facturación y Cobros,problema_pago,@soyMarely50,2026-02-04 22:33:15,1,True,0,3,2026-02,Resuelto
SESS-150184,Gestion de Cuenta,cambio_plan,@theDev61,2026-02-17 22:53:29,1,True,0,3,2026-02,Resuelto
SESS-150193,Facturación y Cobros,problema_pago,@soyMarely63,2025-11-14 04:23:51,1,True,0,3,2025-11,Resuelto
SESS-150251,Acceso y Seguridad,error_login,@soyMarely93,2026-03-08 21:24:29,1,True,0,3,2026-03,Resuelto
SESS-150551,Facturación y Cobros,problema_pago,@soyDev44,2026-01-26 19:07:46,2,False,1,3,2026-01,Churn
SESS-150988,Gestion de Cuenta,cambio_plan,@theMarely19,2026-02-08 21:22:42,2,False,1,3,2026-02,Churn
SESS-151001,Acceso y Seguridad,error_login,@theMarely62,2025-11-08 04:52:23,1,True,0,3,2025-11,Resuelto
SESS-151208,Soporte Técnico y Despacho,logistica_envio,@soyMarely17,2026-03-14 15:55:21,2,False,1,3,2026-03,Churn
SESS-151256,Acceso y Seguridad,error_login,@soyMarely10,2026-03-08 09:30:47,1,True,0,3,2026-03,Resuelto
SESS-151327,Soporte Técnico y Despacho,logistica_envio,@soyKitty53,2026-04-22 05:47:39,2,False,1,3,2026-04,Churn
SESS-151507,Acceso y Seguridad,error_login,@theDev61,2026-01-04 09:06:44,2,False,1,3,2026-01,Churn
SESS-151593,Facturación y Cobros,problema_pago,@theMarely98,2026-01-21 04:21:16,1,True,0,3,2026-01,Resuelto
SESS-151648,Gestion de Cuenta,cambio_plan,@soyMarely75,2025-12-04 05:32:49,1,True,0,3,2025-12,Resuelto
SESS-151769,Gestion de Cuenta,cambio_plan,@soyKitty86,2026-04-12 15:01:07,1,True,0,3,2026-04,Resuelto
SESS-152346,Gestion de Cuenta,cambio_plan,@theMarely66,2026-03-03 15:50:20,1,True,0,3,2026-03,Resuelto
SESS-152452,Soporte Técnico y Despacho,logistica_envio,@theKitty56,2026-02-20 01:03:45,1,True,0,3,2026-02,Resuelto
SESS-152685,Gestion de Cuenta,cambio_plan,@soyMarely55,2025-12-29 07:27:27,2,False,1,3,2025-12,Churn
SESS-152885,Facturación y Cobros,problema_pago,@theMarely63,2026-03-04 00:26:19,2,False,1,3,2026-03,Churn
SESS-153173,Acceso y Seguridad,error_login,@soyMarely63,2025-12-06 07:33:22,1,True,0,3,2025-12,Resuelto
SESS-153317,Facturación y Cobros,problema_pago,@theKitty97,2026-02-01 08:27:59,2,False,1,3,2026-02,Churn
SESS-153556,Facturación y Cobros,problema_pago,@soyDev31,2026-02-18 07:52:16,1,True,0,3,2026-02,Resuelto
SESS-153635,Soporte Técnico y Despacho,logistica_envio,@theMarely44,2026-03-17 10:06:35,2,False,1,6,2026-03,Churn
SESS-153694,Gestion de Cuenta,cambio_plan,@theMarely55,2026-01-15 06:35:40,1,True,0,3,2026-01,Resuelto
SESS-153815,Facturación y Cobros,problema_pago,@soyMarely90,2026-01-22 02:13:49,2,False,1,3,2026-01,Churn
SESS-154236,Gestion de Cuenta,cambio_plan,@theDev62,2026-02-15 22:27:47,1,True,0,3,2026-02,Resuelto
SESS-154572,Gestion de Cuenta,cambio_plan,@soyKitty37,2026-01-22 03:19:56,1,True,0,3,2026-01,Resuelto
SESS-154730,Gestion de Cuenta,cambio_plan,@soyKitty53,2026-01-19 20:11:41,2,False,1,3,2026-01,Churn
SESS-154851,Soporte Técnico y Despacho,logistica_envio,@theMarely83,2026-04-23 02:41:42,1,True,0,3,2026-04,Resuelto
SESS-154891,Acceso y Seguridad,error_login,@soyMarely67,2026-04-13 22:03:08,2,False,1,3,2026-04,Churn
SESS-154940,Gestion de Cuenta,cambio_plan,@soyKitty43,2026-03-23 14:30:13,1,True,0,3,2026-03,Resuelto
SESS-155006,Gestion de Cuenta,cambio_plan,@soyDev99,2026-01-28 13:18:07,1,True,0,3,2026-01,Resuelto
SESS-155099,Acceso y Seguridad,error_login,@soyKitty12,2025-12-13 03:59:24,2,False,1,3,2025-12,Churn
SESS-155206,Facturación y Cobros,problema_pago,@theKitty21,2026-02-15 06:46:11,2,False,1,3,2026-02,Churn
SESS-155216,Soporte Técnico y Despacho,logistica_envio,@soyDev69,2026-01-03 17:13:25,2,False,1,3,2026-01,Churn
SESS-155229,Soporte Técnico y Despacho,logistica_envio,@soyDev78,2026-02-04 03:08:56,2,False,1,3,2026-02,Churn
SESS-155558,Gestion de Cuenta,cambio_plan,@soyMarely93,2026-03-01 05:59:34,1,True,0,3,2026-03,Resuelto
SESS-155739,Facturación y Cobros,problema_pago,@soyDev70,2026-02-13 13:01:45,1,True,0,3,2026-02,Resuelto
SESS-155896,Soporte Técnico y Despacho,logistica_envio,@theDev36,2025-11-29 10:08:09,2,False,1,3,2025-11,Churn
SESS-156175,Acceso y Seguridad,error_login,@theDev36,2026-04-17 20:38:15,1,True,0,3,2026-04,Resuelto
SESS-156376,Gestion de Cuenta,cambio_plan,@theKitty66,2026-02-06 06:03:06,2,False,1,3,2026-02,Churn
SESS-156618,Soporte Técnico y Despacho,logistica_envio,@theKitty82,2026-03-26 06:41:44,1,True,0,3,2026-03,Resuelto
SESS-156657,Gestion de Cuenta,cambio_plan,@soyDev70,2026-01-21 08:03:27,2,False,1,3,2026-01,Churn
SESS-156672,Acceso y Seguridad,error_login,@soyMarely38,2026-01-04 02:42:27,1,True,0,3,2026-01,Resuelto
SESS-156780,Facturación y Cobros,problema_pago,@theKitty11,2026-02-25 14:50:15,2,False,1,3,2026-02,Churn
SESS-156839,Acceso y Seguridad,error_login,@soyKitty22,2025-11-17 10:30:53,1,True,0,3,2025-11,Resuelto
SESS-156912,Soporte Técnico y Despacho,logistica_envio,@soyMarely78,2026-01-02 23:21:58,1,True,0,3,2026-01,Resuelto
SESS-157150,Acceso y Seguridad,error_login,@soyDev39,2026-03-06 14:02:29,1,True,0,3,2026-03,Resuelto
SESS-157178,Gestion de Cuenta,cambio_plan,@theKitty57,2026-01-28 00:42:27,1,True,0,3,2026-01,Resuelto
SESS-157436,Gestion de Cuenta,cambio_plan,@soyDev76,2026-04-03 14:19:15,1,True,0,3,2026-04,Resuelto
SESS-157467,Gestion de Cuenta,cambio_plan,@theKitty55,2025-11-24 01:03:40,1,True,0,3,2025-11,Resuelto
SESS-157982,Gestion de Cuenta,cambio_plan,@soyMarely14,2026-03-25 00:32:58,2,False,1,3,2026-03,Churn
SESS-158046,Soporte Técnico y Despacho,logistica_envio,@theDev95,2026-02-14 18:12:09,2,False,1,3,2026-02,Churn
SESS-158108,Soporte Técnico y Despacho,logistica_envio,@theMarely85,2025-11-30 05:23:28,1,True,0,3,2025-11,Resuelto
SESS-158137,Soporte Técnico y Despacho,logistica_envio,@soyDev60,2025-12-01 10:53:42,1,True,0,3,2025-12,Resuelto
SESS-158336,Soporte Técnico y Despacho,logistica_envio,@soyDev41,2026-03-14 08:36:30,2,False,1,3,2026-03,Churn
SESS-158413,Facturación y Cobros,problema_pago,@soyKitty77,2026-02-12 05:17:05,1,True,0,3,2026-02,Resuelto
SESS-158435,Soporte Técnico y Despacho,logistica_envio,@soyMarely20,2026-04-04 23:00:09,2,False,1,3,2026-04,Churn
SESS-158474,Facturación y Cobros,problema_pago,@soyDev79,2025-12-15 04:12:25,2,False,1,3,2025-12,Churn
SESS-158574,Facturación y Cobros,problema_pago,@theDev82,2025-12-05 07:46:50,1,True,0,3,2025-12,Resuelto
SESS-158590,Acceso y Seguridad,error_login,@theMarely17,2026-04-06 22:05:14,2,False,1,3,2026-04,Churn
SESS-158799,Gestion de Cuenta,cambio_plan,@soyKitty72,2025-12-04 02:13:44,1,True,0,3,2025-12,Resuelto
SESS-159461,Facturación y Cobros,problema_pago,@soyKitty14,2026-04-19 21:06:59,1,True,0,3,2026-04,Resuelto
SESS-159685,Gestion de Cuenta,cambio_plan,@theKitty59,2026-04-02 02:03:14,2,False,1,3,2026-04,Churn
SESS-159850,Acceso y Seguridad,error_login,@theDev94,2026-04-01 18:39:21,1,True,0,3,2026-04,Resuelto
SESS-159937,Gestion de Cuenta,cambio_plan,@theMarely12,2025-11-12 15:20:26,1,True,0,3,2025-11,Resuelto
SESS-160044,Gestion de Cuenta,cambio_plan,@soyDev41,2026-01-13 04:51:26,2,False,1,3,2026-01,Churn
SESS-160066,Facturación y Cobros,problema_pago,@soyKitty46,2025-11-29 06:40:05,1,True,0,3,2025-11,Resuelto
SESS-160147,Gestion de Cuenta,cambio_plan,@soyMarely12,2025-11-24 16:38:13,1,True,0,3,2025-11,Resuelto
SESS-160173,Gestion de Cuenta,cambio_plan,@theKitty43,2026-01-03 00:57:46,1,True,0,3,2026-01,Resuelto
SESS-160205,Acceso y Seguridad,error_login,@soyDev64,2026-03-27 09:52:08,1,True,0,3,2026-03,Resuelto
SESS-160222,Gestion de Cuenta,cambio_plan,@soyKitty56,2026-04-03 19:29:05,1,True,0,3,2026-04,Resuelto
SESS-160397,Soporte Técnico y Despacho,logistica_envio,@soyMarely56,2026-01-31 08:10:34,1,True,0,3,2026-01,Resuelto
SESS-160449,Gestion de Cuenta,cambio_plan,@theMarely63,2026-04-07 14:34:13,1,True,0,3,2026-04,Resuelto
SESS-160500,Facturación y Cobros,problema_pago,@theDev88,2026-01-16 21:04:35,2,False,1,3,2026-01,Churn
SESS-160570,Soporte Técnico y Despacho,logistica_envio,@theMarely43,2025-11-24 01:32:15,1,True,0,3,2025-11,Resuelto
SESS-160638,Facturación y Cobros,problema_pago,@soyMarely42,2026-02-03 01:27:19,1,True,0,3,2026-02,Resuelto
SESS-160654,Gestion de Cuenta,cambio_plan,@theKitty23,2026-04-12 01:42:55,1,True,0,3,2026-04,Resuelto
SESS-160720,Facturación y Cobros,problema_pago,@soyMarely16,2026-03-28 18:49:07,2,False,1,3,2026-03,Churn
SESS-160986,Gestion de Cuenta,cambio_plan,@theDev52,2025-12-22 03:58:48,2,False,1,3,2025-12,Churn
SESS-161095,Gestion de Cuenta,cambio_plan,@theKitty21,2026-02-09 20:28:36,1,True,0,3,2026-02,Resuelto
SESS-161149,Gestion de Cuenta,cambio_plan,@soyDev67,2026-04-21 03:23:06,1,True,0,3,2026-04,Resuelto
SESS-161461,Gestion de Cuenta,cambio_plan,@theKitty46,2026-02-22 11:10:18,2,False,1,3,2026-02,Churn
SESS-161532,Soporte Técnico y Despacho,logistica_envio,@soyKitty14,2026-01-14 19:19:34,2,False,1,3,2026-01,Churn
SESS-161560,Facturación y Cobros,problema_pago,@soyDev59,2026-05-07 00:42:07,1,True,0,3,2026-05,Resuelto
SESS-161618,Facturación y Cobros,problema_pago,@theDev95,2026-03-07 14:14:36,1,True,0,3,2026-03,Resuelto
SESS-161664,Acceso y Seguridad,error_login,@theMarely82,2025-11-25 16:58:08,2,False,1,3,2025-11,Churn
SESS-161890,Soporte Técnico y Despacho,logistica_envio,@theMarely86,2026-03-29 06:10:27,1,True,0,3,2026-03,Resuelto
SESS-162057,Acceso y Seguridad,error_login,@soyDev50,2026-02-18 15:31:17,2,False,1,3,2026-02,Churn
SESS-162094,Soporte Técnico y Despacho,logistica_envio,@theDev34,2026-02-02 11:44:45,1,True,0,3,2026-02,Resuelto
SESS-162380,Facturación y Cobros,problema_pago,@soyDev54,2026-01-25 12:34:46,1,True,0,3,2026-01,Resuelto
SESS-162836,Gestion de Cuenta,cambio_plan,@theMarely88,2025-11-17 17:49:48,1,True,0,3,2025-11,Resuelto
SESS-162937,Facturación y Cobros,problema_pago,@theDev27,2026-03-21 07:49:59,1,True,0,3,2026-03,Resuelto
SESS-162990,Acceso y Seguridad,error_login,@theKitty72,2026-03-20 22:07:38,1,True,0,3,2026-03,Resuelto
SESS-163008,Soporte Técnico y Despacho,logistica_envio,@theKitty88,2025-11-23 11:18:17,1,True,0,3,2025-11,Resuelto
SESS-163093,Gestion de Cuenta,cambio_plan,@soyKitty17,2026-01-28 04:56:22,1,True,0,3,2026-01,Resuelto
SESS-163149,Acceso y Seguridad,error_login,@soyMarely58,2025-11-16 07:15:03,1,True,0,3,2025-11,Resuelto
SESS-163160,Facturación y Cobros,problema_pago,@soyMarely10,2026-01-23 02:15:15,1,True,0,3,2026-01,Resuelto
SESS-163210,Soporte Técnico y Despacho,logistica_envio,@soyMarely71,2026-02-04 21:36:23,2,False,1,3,2026-02,Churn
SESS-163305,Facturación y Cobros,problema_pago,@soyKitty85,2026-04-23 03:10:16,1,True,0,3,2026-04,Resuelto
SESS-163446,Facturación y Cobros,problema_pago,@theMarely80,2026-04-14 15:32:23,2,False,1,3,2026-04,Churn
SESS-163487,Facturación y Cobros,problema_pago,@soyDev87,2025-12-01 19:23:10,1,True,0,3,2025-12,Resuelto
SESS-163830,Gestion de Cuenta,cambio_plan,@theDev40,2025-12-08 20:51:14,2,False,1,3,2025-12,Churn
SESS-163914,Gestion de Cuenta,cambio_plan,@theMarely24,2026-04-15 01:04:48,2,False,1,3,2026-04,Churn
SESS-163953,Facturación y Cobros,problema_pago,@theMarely70,2025-11-21 15:13:18,2,False,1,3,2025-11,Churn
SESS-163984,Gestion de Cuenta,cambio_plan,@theKitty95,2026-02-04 12:03:21,1,True,0,3,2026-02,Resuelto
SESS-163997,Acceso y Seguridad,error_login,@soyDev14,2026-04-20 19:31:14,1,True,0,3,2026-04,Resuelto
SESS-164118,Facturación y Cobros,problema_pago,@theDev14,2026-04-02 23:35:57,1,True,0,3,2026-04,Resuelto
SESS-164144,Facturación y Cobros,problema_pago,@theKitty36,2026-05-06 13:06:36,1,True,0,3,2026-05,Resuelto
SESS-164374,Acceso y Seguridad,error_login,@theDev32,2026-03-20 20:23:29,2,False,1,3,2026-03,Churn
SESS-164387,Acceso y Seguridad,error_login,@soyKitty67,2026-01-10 17:48:00,1,True,0,3,2026-01,Resuelto
SESS-164446,Soporte Técnico y Despacho,logistica_envio,@theKitty79,2025-11-28 16:23:39,1,True,0,3,2025-11,Resuelto
SESS-164499,Gestion de Cuenta,cambio_plan,@soyMarely63,2025-12-14 15:36:41,1,True,0,3,2025-12,Resuelto
SESS-164554,Soporte Técnico y Despacho,logistica_envio,@theKitty66,2025-12-14 01:16:51,2,False,1,3,2025-12,Churn
SESS-164770,Facturación y Cobros,problema_pago,@soyKitty36,2026-01-24 20:33:16,2,False,1,3,2026-01,Churn
SESS-164843,Acceso y Seguridad,error_login,@soyKitty87,2025-12-10 09:03:56,1,True,0,3,2025-12,Resuelto
SESS-165018,Facturación y Cobros,problema_pago,@theKitty67,2026-02-02 20:34:59,1,True,0,3,2026-02,Resuelto
SESS-165167,Facturación y Cobros,problema_pago,@theMarely78,2025-12-17 10:11:01,2,False,1,3,2025-12,Churn
SESS-165245,Gestion de Cuenta,cambio_plan,@theMarely36,2025-11-26 13:12:16,2,False,1,3,2025-11,Churn
SESS-165453,Acceso y Seguridad,error_login,@soyKitty21,2026-05-05 09:37:29,2,False,1,3,2026-05,Churn
SESS-165460,Facturación y Cobros,problema_pago,@soyKitty34,2025-11-23 03:18:00,1,True,0,3,2025-11,Resuelto
SESS-165628,Soporte Técnico y Despacho,logistica_envio,@theKitty10,2026-03-21 16:26:24,1,True,0,3,2026-03,Resuelto
SESS-166143,Gestion de Cuenta,cambio_plan,@theDev12,2026-04-14 20:07:14,2,False,1,3,2026-04,Churn
SESS-166184,Facturación y Cobros,problema_pago,@theDev23,2026-02-12 00:31:09,2,False,1,3,2026-02,Churn
SESS-166357,Facturación y Cobros,problema_pago,@theMarely85,2025-12-28 18:53:53,1,True,0,3,2025-12,Resuelto
SESS-166423,Facturación y Cobros,problema_pago,@soyKitty76,2025-12-10 12:34:31,1,True,0,3,2025-12,Resuelto
SESS-166504,Facturación y Cobros,problema_pago,@theDev62,2026-01-29 07:36:06,2,False,1,3,2026-01,Churn
SESS-166737,Soporte Técnico y Despacho,logistica_envio,@soyKitty62,2026-03-19 12:22:42,2,False,1,3,2026-03,Churn
SESS-166846,Gestion de Cuenta,cambio_plan,@theKitty85,2026-01-30 13:06:50,1,True,0,3,2026-01,Resuelto
SESS-167050,Gestion de Cuenta,cambio_plan,@soyDev28,2026-01-12 02:37:40,1,True,0,3,2026-01,Resuelto
SESS-167796,Facturación y Cobros,problema_pago,@soyDev52,2026-01-04 06:42:19,2,False,1,3,2026-01,Churn
SESS-167807,Facturación y Cobros,problema_pago,@soyMarely72,2026-03-07 00:50:32,1,True,0,3,2026-03,Resuelto
SESS-167983,Facturación y Cobros,problema_pago,@soyDev42,2026-05-02 19:04:43,1,True,0,3,2026-05,Resuelto
SESS-168196,Acceso y Seguridad,error_login,@soyKitty64,2025-11-20 17:09:50,1,True,0,3,2025-11,Resuelto
SESS-168211,Soporte Técnico y Despacho,logistica_envio,@soyDev17,2026-01-28 16:06:15,2,False,1,3,2026-01,Churn
SESS-168315,Gestion de Cuenta,cambio_plan,@theKitty45,2025-12-21 21:42:26,1,True,0,3,2025-12,Resuelto
SESS-168458,Acceso y Seguridad,error_login,@soyDev23,2025-12-25 18:40:06,1,True,0,3,2025-12,Resuelto
SESS-168554,Facturación y Cobros,problema_pago,@theKitty15,2026-03-05 21:29:23,2,False,1,3,2026-03,Churn
SESS-168839,Acceso y Seguridad,error_login,@theDev81,2026-03-28 05:36:05,2,False,1,3,2026-03,Churn
SESS-168908,Soporte Técnico y Despacho,logistica_envio,@theKitty22,2025-12-28 19:30:59,1,True,0,3,2025-12,Resuelto
SESS-169016,Soporte Técnico y Despacho,logistica_envio,@soyMarely34,2025-12-25 04:34:53,1,True,0,3,2025-12,Resuelto
SESS-169151,Acceso y Seguridad,error_login,@theMarely67,2026-02-24 15:10:48,1,True,0,3,2026-02,Resuelto
SESS-169157,Facturación y Cobros,problema_pago,@soyKitty60,2026-02-24 18:46:23,1,True,0,3,2026-02,Resuelto
SESS-169224,Soporte Técnico y Despacho,logistica_envio,@soyMarely57,2025-11-29 11:37:48,2,False,1,3,2025-11,Churn
SESS-169405,Facturación y Cobros,problema_pago,@soyMarely13,2026-01-11 02:46:34,2,False,1,3,2026-01,Churn
SESS-169413,Acceso y Seguridad,error_login,@soyDev57,2026-04-09 17:15:35,1,True,0,3,2026-04,Resuelto
SESS-169471,Gestion de Cuenta,cambio_plan,@soyMarely17,2026-01-26 04:32:18,2,False,1,3,2026-01,Churn
SESS-169510,Soporte Técnico y Despacho,logistica_envio,@theMarely48,2025-12-05 11:38:52,2,False,1,3,2025-12,Churn
SESS-169511,Gestion de Cuenta,cambio_plan,@soyDev79,2026-01-02 20:00:53,1,True,0,3,2026-01,Resuelto
SESS-169576,Acceso y Seguridad,error_login,@soyMarely67,2025-12-24 03:13:06,1,True,0,3,2025-12,Resuelto
SESS-169607,Facturación y Cobros,problema_pago,@theMarely99,2026-04-22 13:13:29,1,True,0,3,2026-04,Resuelto
SESS-169820,Acceso y Seguridad,error_login,@theMarely50,2026-01-10 16:41:13,1,True,0,3,2026-01,Resuelto
SESS-169840,Soporte Técnico y Despacho,logistica_envio,@theMarely78,2026-02-21 12:20:29,1,True,0,3,2026-02,Resuelto
SESS-169893,Gestion de Cuenta,cambio_plan,@theDev86,2025-11-18 20:52:22,2,False,1,3,2025-11,Churn
SESS-169910,Facturación y Cobros,problema_pago,@soyKitty30,2026-04-28 04:57:09,1,True,0,3,2026-04,Resuelto
SESS-169935,Soporte Técnico y Despacho,logistica_envio,@soyMarely80,2026-03-12 21:06:25,1,True,0,3,2026-03,Resuelto
SESS-170004,Acceso y Seguridad,error_login,@theDev66,2026-05-05 23:22:07,2,False,1,3,2026-05,Churn
SESS-170155,Gestion de Cuenta,cambio_plan,@soyKitty31,2026-03-29 23:47:29,1,True,0,3,2026-03,Resuelto
SESS-170460,Facturación y Cobros,problema_pago,@theMarely31,2026-02-02 10:39:01,1,True,0,3,2026-02,Resuelto
SESS-170614,Acceso y Seguridad,error_login,@theKitty43,2025-11-25 19:01:54,2,False,1,3,2025-11,Churn
SESS-170758,Gestion de Cuenta,cambio_plan,@theMarely96,2026-02-06 09:23:23,2,False,1,3,2026-02,Churn
SESS-170975,Soporte Técnico y Despacho,logistica_envio,@theDev42,2026-04-16 20:21:12,1,True,0,3,2026-04,Resuelto
SESS-171281,Soporte Técnico y Despacho,logistica_envio,@theDev27,2026-03-16 19:34:39,1,True,0,3,2026-03,Resuelto
SESS-171318,Acceso y Seguridad,error_login,@soyKitty53,2025-12-28 20:01:33,2,False,1,3,2025-12,Churn
SESS-171480,Facturación y Cobros,problema_pago,@soyDev19,2025-12-12 22:51:13,2,False,1,3,2025-12,Churn
SESS-171492,Facturación y Cobros,problema_pago,@soyMarely32,2026-02-10 09:10:39,1,True,0,3,2026-02,Resuelto
SESS-171501,Facturación y Cobros,problema_pago,@soyMarely67,2026-03-08 20:27:39,1,True,0,3,2026-03,Resuelto
SESS-171692,Soporte Técnico y Despacho,logistica_envio,@soyMarely62,2025-11-30 11:06:52,1,True,0,3,2025-11,Resuelto
SESS-171890,Facturación y Cobros,problema_pago,@soyDev10,2026-03-21 01:11:58,2,False,1,3,2026-03,Churn
SESS-172000,Soporte Técnico y Despacho,logistica_envio,@theKitty39,2026-04-16 13:58:45,1,True,0,3,2026-04,Resuelto
SESS-172320,Acceso y Seguridad,error_login,@soyDev24,2026-01-09 20:23:25,1,True,0,3,2026-01,Resuelto
SESS-172566,Acceso y Seguridad,error_login,@soyMarely30,2026-03-04 00:08:40,1,True,0,3,2026-03,Resuelto
SESS-172569,Facturación y Cobros,problema_pago,@theMarely95,2026-04-24 07:39:58,1,True,0,3,2026-04,Resuelto
SESS-172602,Facturación y Cobros,problema_pago,@theDev20,2025-12-25 17:40:28,1,True,0,3,2025-12,Resuelto
SESS-172650,Acceso y Seguridad,error_login,@theDev73,2026-04-02 01:37:11,1,True,0,3,2026-04,Resuelto
SESS-173196,Acceso y Seguridad,error_login,@theMarely28,2026-03-22 04:24:30,1,True,0,3,2026-03,Resuelto
SESS-173258,Facturación y Cobros,problema_pago,@soyKitty53,2026-03-05 07:47:18,1,True,0,3,2026-03,Resuelto
SESS-173286,Gestion de Cuenta,cambio_plan,@theDev32,2025-12-30 17:15:31,2,False,1,3,2025-12,Churn
SESS-173533,Facturación y Cobros,problema_pago,@theDev70,2025-11-08 19:15:00,1,True,0,3,2025-11,Resuelto
SESS-173559,Gestion de Cuenta,cambio_plan,@soyKitty62,2025-12-21 17:35:38,2,False,1,3,2025-12,Churn
SESS-173690,Soporte Técnico y Despacho,logistica_envio,@soyMarely18,2026-03-19 18:43:15,2,False,1,3,2026-03,Churn
SESS-173698,Acceso y Seguridad,error_login,@theDev18,2025-12-20 00:09:16,1,True,0,3,2025-12,Resuelto
SESS-173713,Acceso y Seguridad,error_login,@theKitty98,2026-01-22 19:08:07,2,False,1,3,2026-01,Churn
SESS-173748,Facturación y Cobros,problema_pago,@soyKitty88,2025-11-10 15:34:01,2,False,1,3,2025-11,Churn
SESS-173849,Gestion de Cuenta,cambio_plan,@soyKitty40,2025-12-17 16:00:15,1,True,0,3,2025-12,Resuelto
SESS-174038,Facturación y Cobros,problema_pago,@soyDev65,2025-12-23 03:35:34,2,False,1,3,2025-12,Churn
SESS-174055,Soporte Técnico y Despacho,logistica_envio,@soyDev13,2025-12-22 23:05:51,2,False,1,3,2025-12,Churn
SESS-174339,Soporte Técnico y Despacho,logistica_envio,@theDev45,2026-02-10 12:52:26,2,False,1,3,2026-02,Churn
SESS-174424,Gestion de Cuenta,cambio_plan,@theKitty61,2026-01-04 14:19:16,2,False,1,3,2026-01,Churn
SESS-174867,Acceso y Seguridad,error_login,@soyKitty37,2025-12-16 20:34:55,1,True,0,3,2025-12,Resuelto
SESS-175010,Facturación y Cobros,problema_pago,@theKitty42,2026-04-23 23:46:19,2,False,1,3,2026-04,Churn
SESS-175109,Gestion de Cuenta,cambio_plan,@soyKitty80,2025-12-07 13:16:22,1,True,0,3,2025-12,Resuelto
SESS-175134,Acceso y Seguridad,error_login,@theKitty22,2025-11-20 17:17:15,1,True,0,3,2025-11,Resuelto
SESS-175222,Facturación y Cobros,problema_pago,@theKitty41,2026-01-09 11:25:11,1,True,0,3,2026-01,Resuelto
SESS-175400,Soporte Técnico y Despacho,logistica_envio,@theKitty44,2026-04-09 21:59:34,2,False,1,3,2026-04,Churn
SESS-175540,Facturación y Cobros,problema_pago,@theDev74,2025-11-17 08:26:34,1,True,0,3,2025-11,Resuelto
SESS-175577,Acceso y Seguridad,error_login,@soyKitty58,2026-03-19 14:44:28,2,False,1,3,2026-03,Churn
SESS-175580,Gestion de Cuenta,cambio_plan,@soyDev97,2026-02-15 06:23:56,1,True,0,3,2026-02,Resuelto
SESS-176058,Soporte Técnico y Despacho,logistica_envio,@theMarely65,2025-11-11 09:21:00,2,False,1,3,2025-11,Churn
SESS-176099,Facturación y Cobros,problema_pago,@theKitty12,2026-03-13 08:23:44,1,True,0,3,2026-03,Resuelto
SESS-176148,Facturación y Cobros,problema_pago,@soyMarely19,2026-01-06 06:53:33,1,True,0,3,2026-01,Resuelto
SESS-176186,Facturación y Cobros,problema_pago,@theDev59,2026-02-07 12:09:38,1,True,0,3,2026-02,Resuelto
SESS-176250,Soporte Técnico y Despacho,logistica_envio,@theMarely26,2026-01-22 17:46:34,1,True,0,3,2026-01,Resuelto
SESS-176407,Gestion de Cuenta,cambio_plan,@theKitty32,2026-05-05 07:39:39,1,True,0,3,2026-05,Resuelto
SESS-176839,Soporte Técnico y Despacho,logistica_envio,@soyMarely81,2026-04-26 02:01:07,2,False,1,3,2026-04,Churn
SESS-177101,Soporte Técnico y Despacho,logistica_envio,@theMarely10,2026-02-28 23:30:23,1,True,0,3,2026-02,Resuelto
SESS-177344,Facturación y Cobros,problema_pago,@theMarely97,2026-03-17 13:16:00,1,True,0,3,2026-03,Resuelto
SESS-177371,Gestion de Cuenta,cambio_plan,@theMarely77,2025-12-13 22:07:16,1,True,0,3,2025-12,Resuelto
SESS-177955,Gestion de Cuenta,cambio_plan,@soyMarely72,2026-03-30 18:49:07,2,False,1,3,2026-03,Churn
SESS-178412,Soporte Técnico y Despacho,logistica_envio,@theMarely15,2026-04-15 12:19:10,1,True,0,3,2026-04,Resuelto
SESS-178424,Acceso y Seguridad,error_login,@soyKitty30,2025-12-13 11:12:13,1,True,0,3,2025-12,Resuelto
SESS-178445,Facturación y Cobros,problema_pago,@soyKitty23,2026-02-01 20:28:31,1,True,0,3,2026-02,Resuelto
SESS-178456,Gestion de Cuenta,cambio_plan,@theKitty91,2026-03-27 01:35:37,1,True,0,3,2026-03,Resuelto
SESS-178499,Facturación y Cobros,problema_pago,@soyDev81,2026-04-24 23:33:27,1,True,0,3,2026-04,Resuelto
SESS-178633,Facturación y Cobros,problema_pago,@theMarely32,2026-02-27 02:15:01,1,True,0,3,2026-02,Resuelto
SESS-178807,Soporte Técnico y Despacho,logistica_envio,@soyKitty12,2025-12-30 20:18:00,2,False,1,3,2025-12,Churn
SESS-179158,Acceso y Seguridad,error_login,@theDev10,2026-02-20 15:53:05,1,True,0,3,2026-02,Resuelto
SESS-179508,Acceso y Seguridad,error_login,@soyDev30,2026-01-30 11:10:45,1,True,0,3,2026-01,Resuelto
SESS-179560,Soporte Técnico y Despacho,logistica_envio,@soyDev58,2026-03-06 19:59:32,2,False,1,3,2026-03,Churn
SESS-179636,Gestion de Cuenta,cambio_plan,@theKitty30,2026-02-01 02:11:45,1,True,0,3,2026-02,Resuelto
SESS-180041,Facturación y Cobros,problema_pago,@soyKitty23,2025-11-21 01:34:58,1,True,0,3,2025-11,Resuelto
SESS-180189,Facturación y Cobros,problema_pago,@soyKitty21,2026-02-26 23:57:48,1,True,0,3,2026-02,Resuelto
SESS-180222,Soporte Técnico y Despacho,logistica_envio,@soyDev84,2025-12-30 01:28:49,2,False,1,3,2025-12,Churn
SESS-180324,Acceso y Seguridad,error_login,@theDev61,2026-01-16 15:56:23,1,True,0,3,2026-01,Resuelto
SESS-180377,Soporte Técnico y Despacho,logistica_envio,@theDev15,2026-04-10 15:51:00,2,False,1,3,2026-04,Churn
SESS-180419,Soporte Técnico y Despacho,logistica_envio,@theDev11,2026-04-14 20:13:00,1,True,0,3,2026-04,Resuelto
SESS-180458,Facturación y Cobros,problema_pago,@soyKitty30,2025-11-17 00:16:54,1,True,0,3,2025-11,Resuelto
SESS-180646,Gestion de Cuenta,cambio_plan,@soyDev25,2026-04-29 17:51:22,2,False,1,3,2026-04,Churn
SESS-180665,Facturación y Cobros,problema_pago,@theDev94,2026-02-13 09:42:23,1,True,0,3,2026-02,Resuelto
SESS-180770,Soporte Técnico y Despacho,logistica_envio,@theKitty34,2025-12-13 05:39:22,1,True,0,3,2025-12,Resuelto
SESS-180785,Gestion de Cuenta,cambio_plan,@theDev33,2026-02-07 17:43:14,1,True,0,3,2026-02,Resuelto
SESS-180898,Acceso y Seguridad,error_login,@soyDev86,2025-11-24 00:30:32,1,True,0,3,2025-11,Resuelto
SESS-180914,Acceso y Seguridad,error_login,@theDev23,2025-11-14 04:44:02,1,True,0,3,2025-11,Resuelto
SESS-181062,Acceso y Seguridad,error_login,@theKitty43,2026-01-30 11:44:56,1,True,0,3,2026-01,Resuelto
SESS-181363,Facturación y Cobros,problema_pago,@soyKitty13,2026-01-26 03:13:33,1,True,0,3,2026-01,Resuelto
SESS-181388,Soporte Técnico y Despacho,logistica_envio,@soyDev39,2025-12-09 05:12:07,1,True,0,3,2025-12,Resuelto
SESS-181548,Facturación y Cobros,problema_pago,@theDev65,2026-03-12 15:07:10,1,True,0,3,2026-03,Resuelto
SESS-181572,Soporte Técnico y Despacho,logistica_envio,@soyDev34,2026-01-31 20:58:58,1,True,0,3,2026-01,Resuelto
SESS-181597,Soporte Técnico y Despacho,logistica_envio,@theDev99,2025-12-29 16:26:24,1,True,0,3,2025-12,Resuelto
SESS-181871,Soporte Técnico y Despacho,logistica_envio,@theMarely49,2025-12-16 12:49:13,2,False,1,3,2025-12,Churn
SESS-181952,Acceso y Seguridad,error_login,@soyDev56,2026-01-08 01:49:14,1,True,0,3,2026-01,Resuelto
SESS-181970,Soporte Técnico y Despacho,logistica_envio,@soyKitty76,2026-04-18 23:44:00,1,True,0,3,2026-04,Resuelto
SESS-182136,Soporte Técnico y Despacho,logistica_envio,@soyKitty57,2026-02-15 23:36:58,1,True,0,3,2026-02,Resuelto
SESS-182192,Facturación y Cobros,problema_pago,@theDev39,2026-02-13 16:38:24,1,True,0,3,2026-02,Resuelto
SESS-182347,Soporte Técnico y Despacho,logistica_envio,@soyMarely18,2025-12-18 20:17:20,1,True,0,3,2025-12,Resuelto
SESS-182466,Soporte Técnico y Despacho,logistica_envio,@theMarely57,2026-04-13 09:43:40,1,True,0,3,2026-04,Resuelto
SESS-182541,Facturación y Cobros,problema_pago,@soyKitty60,2026-02-16 15:49:57,1,True,0,3,2026-02,Resuelto
SESS-182637,Soporte Técnico y Despacho,logistica_envio,@soyKitty10,2026-05-06 01:55:12,2,False,1,3,2026-05,Churn
SESS-182794,Soporte Técnico y Despacho,logistica_envio,@soyMarely22,2026-04-01 06:58:29,1,True,0,3,2026-04,Resuelto
SESS-182899,Soporte Técnico y Despacho,logistica_envio,@theKitty83,2026-03-21 03:59:56,2,False,1,3,2026-03,Churn
SESS-182943,Facturación y Cobros,problema_pago,@soyDev66,2026-04-22 03:18:02,2,False,1,3,2026-04,Churn
SESS-182956,Soporte Técnico y Despacho,logistica_envio,@theMarely33,2026-03-06 21:02:51,1,True,0,3,2026-03,Resuelto
SESS-183052,Facturación y Cobros,problema_pago,@soyKitty71,2026-05-03 15:38:31,2,False,1,3,2026-05,Churn
SESS-183159,Facturación y Cobros,problema_pago,@theKitty17,2026-04-30 16:40:09,1,True,0,3,2026-04,Resuelto
SESS-183338,Acceso y Seguridad,error_login,@soyDev62,2026-02-27 05:32:54,1,True,0,3,2026-02,Resuelto
SESS-183400,Gestion de Cuenta,cambio_plan,@soyMarely30,2026-02-11 17:52:45,2,False,1,3,2026-02,Churn
SESS-183477,Gestion de Cuenta,cambio_plan,@theMarely99,2026-04-25 01:55:22,1,True,0,3,2026-04,Resuelto
SESS-183602,Facturación y Cobros,problema_pago,@theMarely22,2026-03-24 06:03:30,1,True,0,3,2026-03,Resuelto
SESS-183677,Acceso y Seguridad,error_login,@theDev48,2025-12-14 10:33:15,1,True,0,3,2025-12,Resuelto
SESS-183747,Soporte Técnico y Despacho,logistica_envio,@soyMarely49,2026-01-20 09:42:46,1,True,0,3,2026-01,Resuelto
SESS-184041,Acceso y Seguridad,error_login,@soyMarely45,2025-11-16 20:53:51,1,True,0,3,2025-11,Resuelto
SESS-184171,Facturación y Cobros,problema_pago,@theKitty83,2026-02-20 05:37:57,1,True,0,3,2026-02,Resuelto
SESS-184224,Gestion de Cuenta,cambio_plan,@theDev97,2025-11-27 07:09:13,2,False,1,3,2025-11,Churn
SESS-184247,Facturación y Cobros,problema_pago,@soyKitty82,2026-04-02 16:13:05,1,True,0,3,2026-04,Resuelto
SESS-184322,Soporte Técnico y Despacho,logistica_envio,@theDev30,2026-01-23 00:32:41,2,False,1,3,2026-01,Churn
SESS-184402,Facturación y Cobros,problema_pago,@soyMarely76,2026-03-05 09:58:59,2,False,1,3,2026-03,Churn
SESS-184462,Soporte Técnico y Despacho,logistica_envio,@theMarely59,2026-04-28 16:28:28,2,False,1,3,2026-04,Churn
SESS-184463,Gestion de Cuenta,cambio_plan,@soyDev63,2026-02-02 21:32:01,1,True,0,3,2026-02,Resuelto
SESS-184562,Soporte Técnico y Despacho,logistica_envio,@theDev47,2026-04-16 07:04:23,1,True,0,3,2026-04,Resuelto
SESS-184592,Gestion de Cuenta,cambio_plan,@theMarely40,2025-12-26 06:00:06,1,True,0,3,2025-12,Resuelto
SESS-184627,Facturación y Cobros,problema_pago,@soyKitty12,2026-03-06 17:00:51,1,True,0,3,2026-03,Resuelto
SESS-184661,Acceso y Seguridad,error_login,@theKitty96,2026-04-18 11:44:35,2,False,1,3,2026-04,Churn
SESS-184679,Gestion de Cuenta,cambio_plan,@soyKitty15,2026-03-12 20:07:18,1,True,0,3,2026-03,Resuelto
SESS-184692,Facturación y Cobros,problema_pago,@theKitty80,2026-01-17 08:14:17,2,False,1,3,2026-01,Churn
SESS-185034,Gestion de Cuenta,cambio_plan,@theKitty86,2026-01-28 06:15:47,1,True,0,3,2026-01,Resuelto
SESS-185257,Acceso y Seguridad,error_login,@theDev38,2026-01-19 10:41:49,1,True,0,3,2026-01,Resuelto
SESS-185264,Gestion de Cuenta,cambio_plan,@soyKitty41,2025-11-12 08:09:37,1,True,0,3,2025-11,Resuelto
SESS-185313,Acceso y Seguridad,error_login,@soyDev37,2025-12-27 05:11:50,1,True,0,3,2025-12,Resuelto
SESS-185342,Gestion de Cuenta,cambio_plan,@theDev21,2026-02-15 02:56:57,1,True,0,3,2026-02,Resuelto
SESS-185518,Gestion de Cuenta,cambio_plan,@theKitty74,2025-11-11 07:15:41,1,True,0,3,2025-11,Resuelto
SESS-185530,Acceso y Seguridad,error_login,@soyKitty41,2025-12-21 02:00:50,1,True,0,3,2025-12,Resuelto
SESS-185582,Gestion de Cuenta,cambio_plan,@soyDev53,2026-03-11 03:47:27,1,True,0,3,2026-03,Resuelto
SESS-185650,Facturación y Cobros,problema_pago,@soyMarely24,2026-03-23 16:09:04,2,False,1,3,2026-03,Churn
SESS-185709,Facturación y Cobros,problema_pago,@theDev32,2025-12-19 03:07:51,2,False,1,3,2025-12,Churn
SESS-185755,Soporte Técnico y Despacho,logistica_envio,@soyMarely32,2026-02-17 15:05:03,2,False,1,3,2026-02,Churn
SESS-185817,Soporte Técnico y Despacho,logistica_envio,@soyKitty81,2025-12-15 13:43:03,2,False,1,3,2025-12,Churn
SESS-186188,Soporte Técnico y Despacho,logistica_envio,@soyMarely91,2026-03-22 05:05:03,2,False,1,3,2026-03,Churn
SESS-186232,Acceso y Seguridad,error_login,@theMarely20,2026-04-24 11:43:25,1,True,0,3,2026-04,Resuelto
SESS-186772,Facturación y Cobros,problema_pago,@theDev82,2025-11-30 20:59:56,1,True,0,3,2025-11,Resuelto
SESS-186919,Facturación y Cobros,problema_pago,@soyDev61,2026-05-01 05:18:52,1,True,0,3,2026-05,Resuelto
SESS-186921,Gestion de Cuenta,cambio_plan,@soyDev33,2025-11-27 12:37:09,2,False,1,3,2025-11,Churn
SESS-187040,Acceso y Seguridad,error_login,@soyMarely36,2025-11-22 17:56:35,2,False,1,3,2025-11,Churn
SESS-187104,Gestion de Cuenta,cambio_plan,@soyDev77,2026-03-05 04:56:05,2,False,1,3,2026-03,Churn
SESS-187271,Soporte Técnico y Despacho,logistica_envio,@soyDev66,2026-01-31 14:37:14,2,False,1,3,2026-01,Churn
SESS-187333,Facturación y Cobros,problema_pago,@theMarely15,2026-01-09 20:34:59,1,True,0,3,2026-01,Resuelto
SESS-187405,Acceso y Seguridad,error_login,@soyMarely28,2026-04-08 01:49:03,2,False,1,3,2026-04,Churn
SESS-187418,Soporte Técnico y Despacho,logistica_envio,@theDev99,2025-12-05 13:44:00,2,False,1,3,2025-12,Churn
SESS-187525,Gestion de Cuenta,cambio_plan,@theDev41,2026-04-19 09:31:02,1,True,0,3,2026-04,Resuelto
SESS-187573,Facturación y Cobros,problema_pago,@soyMarely93,2026-04-24 22:43:39,2,False,1,3,2026-04,Churn
SESS-187621,Gestion de Cuenta,cambio_plan,@theDev15,2025-12-05 08:51:37,2,False,1,3,2025-12,Churn
SESS-187631,Facturación y Cobros,problema_pago,@theMarely98,2026-01-15 22:31:00,1,True,0,3,2026-01,Resuelto
SESS-187682,Soporte Técnico y Despacho,logistica_envio,@theKitty36,2025-12-16 13:31:48,1,True,0,3,2025-12,Resuelto
SESS-187769,Acceso y Seguridad,error_login,@theMarely94,2026-01-25 18:28:02,1,True,0,3,2026-01,Resuelto
SESS-187876,Facturación y Cobros,problema_pago,@theMarely19,2025-12-15 19:07:45,1,True,0,3,2025-12,Resuelto
SESS-188258,Facturación y Cobros,problema_pago,@theDev91,2026-02-27 03:16:25,2,False,1,3,2026-02,Churn
SESS-188348,Acceso y Seguridad,error_login,@soyDev72,2026-03-08 03:34:43,1,True,0,3,2026-03,Resuelto
SESS-188463,Acceso y Seguridad,error_login,@theMarely76,2025-11-29 08:31:00,1,True,0,3,2025-11,Resuelto
SESS-188539,Soporte Técnico y Despacho,logistica_envio,@soyKitty84,2026-04-04 03:14:00,1,True,0,3,2026-04,Resuelto
SESS-188831,Soporte Técnico y Despacho,logistica_envio,@soyDev68,2026-04-23 04:25:57,1,True,0,3,2026-04,Resuelto
SESS-189033,Acceso y Seguridad,error_login,@soyKitty82,2026-01-18 03:39:34,1,True,0,3,2026-01,Resuelto
SESS-189129,Soporte Técnico y Despacho,logistica_envio,@theMarely97,2026-03-09 12:36:45,1,True,0,3,2026-03,Resuelto
SESS-189300,Soporte Técnico y Despacho,logistica_envio,@soyMarely42,2025-11-21 05:52:45,1,True,0,3,2025-11,Resuelto
SESS-189538,Soporte Técnico y Despacho,logistica_envio,@soyDev97,2026-02-23 03:09:34,1,True,0,3,2026-02,Resuelto
SESS-189652,Gestion de Cuenta,cambio_plan,@soyKitty22,2026-02-28 14:09:54,1,True,0,3,2026-02,Resuelto
SESS-189783,Acceso y Seguridad,error_login,@theMarely74,2025-12-15 19:01:38,1,True,0,3,2025-12,Resuelto
SESS-189891,Facturación y Cobros,problema_pago,@soyKitty10,2025-12-22 15:19:33,1,True,0,3,2025-12,Resuelto
SESS-190078,Gestion de Cuenta,cambio_plan,@soyMarely52,2025-11-22 12:52:00,1,True,0,3,2025-11,Resuelto
SESS-190081,Facturación y Cobros,problema_pago,@theDev64,2025-11-21 20:49:31,1,True,0,3,2025-11,Resuelto
SESS-190513,Facturación y Cobros,problema_pago,@theMarely24,2026-04-06 21:23:31,2,False,1,3,2026-04,Churn
SESS-190574,Acceso y Seguridad,error_login,@theDev56,2026-04-25 18:13:42,2,False,1,3,2026-04,Churn
SESS-190589,Soporte Técnico y Despacho,logistica_envio,@theKitty16,2026-01-17 03:27:23,2,False,1,3,2026-01,Churn
SESS-190801,Facturación y Cobros,problema_pago,@theKitty37,2026-05-01 17:27:02,1,True,0,3,2026-05,Resuelto
SESS-190855,Gestion de Cuenta,cambio_plan,@theMarely39,2025-12-25 05:27:54,2,False,1,3,2025-12,Churn
SESS-190913,Acceso y Seguridad,error_login,@theDev73,2026-02-04 01:57:51,1,True,0,3,2026-02,Resuelto
SESS-190952,Gestion de Cuenta,cambio_plan,@soyDev24,2025-11-25 20:34:10,2,False,1,3,2025-11,Churn
SESS-191298,Acceso y Seguridad,error_login,@theDev11,2025-11-27 05:26:20,1,True,0,3,2025-11,Resuelto
SESS-191321,Gestion de Cuenta,cambio_plan,@theDev47,2026-01-25 01:22:51,1,True,0,3,2026-01,Resuelto
SESS-191346,Gestion de Cuenta,cambio_plan,@soyMarely36,2026-01-20 00:29:43,1,True,0,3,2026-01,Resuelto
SESS-192030,Facturación y Cobros,problema_pago,@theDev77,2026-03-02 13:25:44,1,True,0,3,2026-03,Resuelto
SESS-192050,Soporte Técnico y Despacho,logistica_envio,@theKitty93,2026-02-01 11:38:04,1,True,0,3,2026-02,Resuelto
SESS-192052,Acceso y Seguridad,error_login,@soyMarely56,2026-03-14 20:02:37,2,False,1,3,2026-03,Churn
SESS-192129,Gestion de Cuenta,cambio_plan,@soyDev41,2026-01-09 01:00:57,1,True,0,3,2026-01,Resuelto
SESS-192140,Soporte Técnico y Despacho,logistica_envio,@soyDev71,2026-04-24 20:03:48,1,True,0,3,2026-04,Resuelto
SESS-192218,Facturación y Cobros,problema_pago,@soyMarely55,2026-04-29 00:02:11,1,True,0,3,2026-04,Resuelto
SESS-192257,Gestion de Cuenta,cambio_plan,@soyKitty33,2026-04-17 21:04:27,1,True,0,3,2026-04,Resuelto
SESS-192514,Facturación y Cobros,problema_pago,@soyDev21,2026-03-07 11:04:10,2,False,1,3,2026-03,Churn
SESS-192823,Gestion de Cuenta,cambio_plan,@soyMarely21,2026-03-25 20:31:21,1,True,0,3,2026-03,Resuelto
SESS-192919,Gestion de Cuenta,cambio_plan,@theMarely46,2026-03-19 09:09:17,1,True,0,3,2026-03,Resuelto
SESS-193380,Gestion de Cuenta,cambio_plan,@soyDev69,2026-02-07 14:08:08,1,True,0,3,2026-02,Resuelto
SESS-193453,Acceso y Seguridad,error_login,@theMarely42,2026-03-06 19:58:04,2,False,1,3,2026-03,Churn
SESS-193670,Gestion de Cuenta,cambio_plan,@theMarely86,2026-01-24 20:41:30,2,False,1,3,2026-01,Churn
SESS-193979,Facturación y Cobros,problema_pago,@soyKitty77,2026-02-28 12:24:51,1,True,0,3,2026-02,Resuelto
SESS-194331,Soporte Técnico y Despacho,logistica_envio,@soyDev99,2026-01-12 08:18:37,1,True,0,3,2026-01,Resuelto
SESS-194393,Facturación y Cobros,problema_pago,@theDev98,2025-12-21 16:36:32,1,True,0,3,2025-12,Resuelto
SESS-194422,Soporte Técnico y Despacho,logistica_envio,@theDev76,2026-01-21 07:11:30,2,False,1,3,2026-01,Churn
SESS-194690,Facturación y Cobros,problema_pago,@theKitty47,2026-03-19 12:04:43,2,False,1,3,2026-03,Churn
SESS-194874,Gestion de Cuenta,cambio_plan,@theKitty29,2026-03-26 05:49:19,1,True,0,3,2026-03,Resuelto
SESS-195027,Soporte Técnico y Despacho,logistica_envio,@soyMarely15,2026-03-24 16:48:23,1,True,0,3,2026-03,Resuelto
SESS-195304,Acceso y Seguridad,error_login,@theMarely93,2026-01-17 20:38:25,2,False,1,3,2026-01,Churn
SESS-195458,Facturación y Cobros,problema_pago,@theKitty49,2026-05-04 01:39:28,1,True,0,3,2026-05,Resuelto
SESS-195591,Acceso y Seguridad,error_login,@soyDev54,2026-02-01 22:53:24,1,True,0,3,2026-02,Resuelto
SESS-195749,Soporte Técnico y Despacho,logistica_envio,@theKitty25,2026-02-11 12:57:51,2,False,1,3,2026-02,Churn
SESS-195806,Soporte Técnico y Despacho,logistica_envio,@theMarely64,2026-02-21 02:38:35,2,False,1,3,2026-02,Churn
SESS-196214,Acceso y Seguridad,error_login,@soyDev40,2026-04-07 05:05:07,1,True,0,3,2026-04,Resuelto
SESS-196364,Facturación y Cobros,problema_pago,@theMarely21,2025-12-31 10:50:31,1,True,0,3,2025-12,Resuelto
SESS-196481,Soporte Técnico y Despacho,logistica_envio,@soyKitty89,2026-02-17 10:33:35,1,True,0,3,2026-02,Resuelto
SESS-196590,Acceso y Seguridad,error_login,@soyMarely72,2026-02-16 01:55:48,1,True,0,3,2026-02,Resuelto
SESS-196680,Acceso y Seguridad,error_login,@soyKitty71,2026-02-14 08:35:18,1,True,0,3,2026-02,Resuelto
SESS-196775,Facturación y Cobros,problema_pago,@theKitty89,2026-04-14 21:09:53,2,False,1,3,2026-04,Churn
SESS-197101,Facturación y Cobros,problema_pago,@theDev80,2025-11-17 23:02:13,1,True,0,3,2025-11,Resuelto
SESS-197231,Gestion de Cuenta,cambio_plan,@soyDev28,2025-12-07 13:48:52,2,False,1,3,2025-12,Churn
SESS-197613,Gestion de Cuenta,cambio_plan,@theKitty30,2025-12-03 11:13:35,1,True,0,3,2025-12,Resuelto
SESS-197724,Acceso y Seguridad,error_login,@soyDev65,2026-03-31 03:10:42,2,False,1,3,2026-03,Churn
SESS-198004,Soporte Técnico y Despacho,logistica_envio,@theMarely27,2026-04-24 02:51:58,1,True,0,3,2026-04,Resuelto
SESS-198005,Gestion de Cuenta,cambio_plan,@soyKitty22,2025-12-05 16:56:49,2,False,1,3,2025-12,Churn
SESS-198248,Acceso y Seguridad,error_login,@theMarely55,2026-01-27 20:42:36,1,True,0,3,2026-01,Resuelto
SESS-198393,Facturación y Cobros,problema_pago,@soyMarely88,2025-12-16 00:34:02,1,True,0,3,2025-12,Resuelto
SESS-198725,Facturación y Cobros,problema_pago,@soyKitty47,2026-01-22 11:25:40,1,True,0,3,2026-01,Resuelto
SESS-198872,Acceso y Seguridad,error_login,@theMarely87,2026-02-22 19:39:06,2,False,1,3,2026-02,Churn
SESS-198937,Gestion de Cuenta,cambio_plan,@soyDev47,2025-11-22 04:29:27,1,True,0,3,2025-11,Resuelto
SESS-199037,Soporte Técnico y Despacho,logistica_envio,@theDev46,2026-03-20 10:18:18,2,False,1,3,2026-03,Churn
SESS-199117,Acceso y Seguridad,error_login,@soyKitty86,2026-04-30 00:55:48,1,True,0,3,2026-04,Resuelto
SESS-199210,Soporte Técnico y Despacho,logistica_envio,@theMarely25,2025-12-01 19:29:32,1,True,0,3,2025-12,Resuelto
SESS-199404,Gestion de Cuenta,cambio_plan,@soyMarely84,2025-11-19 01:25:34,2,False,1,3,2025-11,Churn
SESS-199602,Gestion de Cuenta,cambio_plan,@theMarely65,2025-11-28 23:00:08,1,True,0,3,2025-11,Resuelto
SESS-199672,Acceso y Seguridad,error_login,@soyDev87,2026-03-19 03:44:01,2,False,1,3,2026-03,Churn
SESS-199852,Facturación y Cobros,problema_pago,@theDev14,2026-02-07 20:37:39,1,True,0,3,2026-02,Resuelto
SESS-199869,Facturación y Cobros,problema_pago,@theMarely33,2025-12-01 00:46:18,2,False,1,3,2025-12,Churn
SESS-199890,Gestion de Cuenta,cambio_plan,@theMarely91,2026-02-10 11:39:29,1,True,0,3,2026-02,Resuelto
SESS-199979,Facturación y Cobros,problema_pago,@soyMarely86,2025-12-03 14:52:08,1,True,0,3,2025-12,Resuelto
SESS-200071,Acceso y Seguridad,error_login,@theKitty55,2026-02-26 10:02:00,2,False,1,3,2026-02,Churn
SESS-200085,Facturación y Cobros,problema_pago,@soyKitty80,2026-01-04 01:30:16,2,False,1,3,2026-01,Churn
SESS-200113,Soporte Técnico y Despacho,logistica_envio,@theDev38,2025-11-20 23:36:05,2,False,1,3,2025-11,Churn
SESS-200242,Soporte Técnico y Despacho,logistica_envio,@soyMarely32,2025-11-30 05:27:24,1,True,0,3,2025-11,Resuelto
SESS-200383,Gestion de Cuenta,cambio_plan,@theMarely19,2026-02-15 19:32:59,1,True,0,3,2026-02,Resuelto
SESS-200601,Acceso y Seguridad,error_login,@theDev48,2026-01-25 20:37:57,1,True,0,3,2026-01,Resuelto
SESS-200693,Soporte Técnico y Despacho,logistica_envio,@soyDev59,2025-12-16 19:43:24,1,True,0,3,2025-12,Resuelto
SESS-200897,Soporte Técnico y Despacho,logistica_envio,@theMarely84,2026-02-21 15:54:58,1,True,0,3,2026-02,Resuelto
SESS-200982,Facturación y Cobros,problema_pago,@theKitty71,2026-03-22 11:24:31,1,True,0,3,2026-03,Resuelto
SESS-201068,Gestion de Cuenta,cambio_plan,@soyKitty65,2026-04-03 22:47:51,2,False,1,3,2026-04,Churn
SESS-201143,Gestion de Cuenta,cambio_plan,@theDev16,2026-03-30 13:43:38,1,True,0,3,2026-03,Resuelto
SESS-201183,Gestion de Cuenta,cambio_plan,@theDev86,2025-12-28 11:52:33,1,True,0,3,2025-12,Resuelto
SESS-201515,Acceso y Seguridad,error_login,@soyKitty67,2025-11-11 16:06:14,2,False,1,3,2025-11,Churn
SESS-201630,Facturación y Cobros,problema_pago,@theMarely74,2026-03-26 20:03:20,2,False,1,3,2026-03,Churn
SESS-201684,Gestion de Cuenta,cambio_plan,@theKitty92,2025-11-27 13:33:30,2,False,1,3,2025-11,Churn
SESS-201761,Gestion de Cuenta,cambio_plan,@soyDev93,2026-04-02 03:13:41,1,True,0,3,2026-04,Resuelto
SESS-201774,Soporte Técnico y Despacho,logistica_envio,@theKitty75,2026-03-09 13:45:58,1,True,0,3,2026-03,Resuelto
SESS-201810,Soporte Técnico y Despacho,logistica_envio,@theMarely63,2025-12-30 05:06:25,2,False,1,3,2025-12,Churn
SESS-201917,Soporte Técnico y Despacho,logistica_envio,@soyMarely25,2026-03-21 05:04:41,1,True,0,3,2026-03,Resuelto
SESS-201999,Acceso y Seguridad,error_login,@soyDev14,2025-12-13 03:01:49,2,False,1,3,2025-12,Churn
SESS-202006,Gestion de Cuenta,cambio_plan,@theKitty93,2026-02-07 15:11:52,1,True,0,3,2026-02,Resuelto
SESS-202320,Acceso y Seguridad,error_login,@theMarely82,2026-04-06 09:33:48,1,True,0,3,2026-04,Resuelto
SESS-202371,Gestion de Cuenta,cambio_plan,@soyDev13,2026-03-20 11:52:20,1,True,0,3,2026-03,Resuelto
SESS-202578,Acceso y Seguridad,error_login,@theMarely81,2026-02-25 02:48:52,1,True,0,3,2026-02,Resuelto
SESS-202590,Gestion de Cuenta,cambio_plan,@theKitty39,2026-04-15 07:09:34,2,False,1,3,2026-04,Churn
SESS-202648,Gestion de Cuenta,cambio_plan,@theKitty29,2026-03-02 09:37:17,1,True,0,3,2026-03,Resuelto
SESS-202694,Soporte Técnico y Despacho,logistica_envio,@soyKitty62,2026-03-05 19:37:43,1,True,0,3,2026-03,Resuelto
SESS-202730,Gestion de Cuenta,cambio_plan,@soyMarely36,2025-11-14 00:15:11,1,True,0,3,2025-11,Resuelto
SESS-202756,Soporte Técnico y Despacho,logistica_envio,@soyKitty94,2026-02-22 13:45:56,1,True,0,3,2026-02,Resuelto
SESS-202818,Facturación y Cobros,problema_pago,@soyMarely46,2025-11-22 04:26:19,1,True,0,3,2025-11,Resuelto
SESS-202842,Facturación y Cobros,problema_pago,@soyMarely68,2026-02-11 00:41:57,2,False,1,3,2026-02,Churn
SESS-202888,Acceso y Seguridad,error_login,@soyDev34,2026-02-03 23:16:25,1,True,0,3,2026-02,Resuelto
SESS-202951,Acceso y Seguridad,error_login,@soyDev34,2025-12-02 01:08:10,1,True,0,3,2025-12,Resuelto
SESS-203018,Soporte Técnico y Despacho,logistica_envio,@soyKitty40,2026-01-02 14:13:06,2,False,1,3,2026-01,Churn
SESS-203023,Facturación y Cobros,problema_pago,@theMarely42,2026-04-09 10:44:04,1,True,0,3,2026-04,Resuelto
SESS-203125,Facturación y Cobros,problema_pago,@theKitty34,2026-04-10 22:15:13,1,True,0,3,2026-04,Resuelto
SESS-203214,Facturación y Cobros,problema_pago,@theDev94,2026-02-15 05:48:06,1,True,0,3,2026-02,Resuelto
SESS-203319,Gestion de Cuenta,cambio_plan,@soyKitty32,2026-03-19 02:12:35,2,False,1,3,2026-03,Churn
SESS-203479,Acceso y Seguridad,error_login,@soyKitty65,2026-02-03 19:24:31,2,False,1,3,2026-02,Churn
SESS-203509,Soporte Técnico y Despacho,logistica_envio,@theKitty70,2026-04-27 09:45:58,1,True,0,3,2026-04,Resuelto
SESS-203576,Gestion de Cuenta,cambio_plan,@soyDev81,2026-02-01 13:05:05,1,True,0,3,2026-02,Resuelto
SESS-203641,Soporte Técnico y Despacho,logistica_envio,@theMarely39,2026-02-21 20:07:01,2,False,1,3,2026-02,Churn
SESS-203817,Acceso y Seguridad,error_login,@soyKitty57,2026-02-16 03:54:29,1,True,0,3,2026-02,Resuelto
SESS-204240,Soporte Técnico y Despacho,logistica_envio,@soyKitty78,2026-05-03 18:28:42,1,True,0,3,2026-05,Resuelto
SESS-204269,Gestion de Cuenta,cambio_plan,@soyMarely33,2026-01-10 14:33:39,1,True,0,3,2026-01,Resuelto
SESS-204311,Acceso y Seguridad,error_login,@theMarely11,2026-01-25 02:49:27,1,True,0,3,2026-01,Resuelto
SESS-204594,Acceso y Seguridad,error_login,@soyMarely37,2025-11-28 20:24:15,1,True,0,3,2025-11,Resuelto
SESS-204756,Soporte Técnico y Despacho,logistica_envio,@soyDev96,2025-12-24 01:08:11,1,True,0,3,2025-12,Resuelto
SESS-204882,Facturación y Cobros,problema_pago,@soyMarely55,2026-04-10 02:19:01,1,True,0,3,2026-04,Resuelto
SESS-204958,Facturación y Cobros,problema_pago,@soyMarely30,2025-11-12 11:12:47,2,False,1,3,2025-11,Churn
SESS-204959,Facturación y Cobros,problema_pago,@soyKitty38,2026-03-03 12:35:52,2,False,1,3,2026-03,Churn
SESS-204971,Facturación y Cobros,problema_pago,@soyDev69,2026-03-06 06:48:04,1,True,0,3,2026-03,Resuelto
SESS-204988,Acceso y Seguridad,error_login,@soyDev34,2025-12-08 09:47:20,1,True,0,3,2025-12,Resuelto
SESS-205142,Gestion de Cuenta,cambio_plan,@theKitty83,2026-01-24 21:30:39,1,True,0,3,2026-01,Resuelto
SESS-205230,Facturación y Cobros,problema_pago,@theKitty83,2026-03-14 21:05:39,2,False,1,3,2026-03,Churn
SESS-205461,Gestion de Cuenta,cambio_plan,@theKitty80,2025-12-09 03:39:29,1,True,0,6,2025-12,Resuelto
SESS-205475,Facturación y Cobros,problema_pago,@theKitty29,2025-12-31 06:46:12,1,True,0,3,2025-12,Resuelto
SESS-205534,Acceso y Seguridad,error_login,@soyMarely40,2026-01-08 22:16:36,1,True,0,3,2026-01,Resuelto
SESS-205589,Facturación y Cobros,problema_pago,@theMarely35,2025-12-10 05:03:29,1,True,0,3,2025-12,Resuelto
SESS-205609,Acceso y Seguridad,error_login,@theMarely84,2026-04-21 21:24:53,1,True,0,3,2026-04,Resuelto
SESS-205666,Facturación y Cobros,problema_pago,@soyKitty79,2026-01-26 05:42:46,2,False,1,3,2026-01,Churn
SESS-205726,Facturación y Cobros,problema_pago,@soyKitty49,2025-12-29 06:30:56,2,False,1,3,2025-12,Churn
SESS-206027,Gestion de Cuenta,cambio_plan,@soyMarely43,2025-11-08 11:00:46,1,True,0,3,2025-11,Resuelto
SESS-206275,Gestion de Cuenta,cambio_plan,@soyMarely11,2026-04-08 17:30:18,1,True,0,3,2026-04,Resuelto
SESS-206417,Soporte Técnico y Despacho,logistica_envio,@soyKitty96,2026-03-15 16:38:35,2,False,1,3,2026-03,Churn
SESS-206832,Gestion de Cuenta,cambio_plan,@theDev74,2026-03-01 18:20:17,1,True,0,3,2026-03,Resuelto
SESS-207188,Soporte Técnico y Despacho,logistica_envio,@soyKitty86,2026-02-18 11:51:19,2,False,1,3,2026-02,Churn
SESS-207198,Soporte Técnico y Despacho,logistica_envio,@soyDev26,2026-05-06 11:55:43,1,True,0,3,2026-05,Resuelto
SESS-207249,Acceso y Seguridad,error_login,@soyDev89,2026-02-26 18:45:33,1,True,0,3,2026-02,Resuelto
SESS-207340,Facturación y Cobros,problema_pago,@soyMarely18,2025-12-04 09:13:29,2,False,1,3,2025-12,Churn
SESS-207352,Gestion de Cuenta,cambio_plan,@soyDev47,2026-02-01 20:19:04,1,True,0,3,2026-02,Resuelto
SESS-207383,Acceso y Seguridad,error_login,@soyKitty32,2026-02-16 04:08:00,2,False,1,3,2026-02,Churn
SESS-207401,Facturación y Cobros,problema_pago,@theKitty62,2026-02-07 19:36:43,2,False,1,3,2026-02,Churn
SESS-207500,Facturación y Cobros,problema_pago,@theKitty20,2026-03-15 16:19:56,1,True,0,3,2026-03,Resuelto
SESS-207643,Soporte Técnico y Despacho,logistica_envio,@theDev50,2026-03-16 16:56:58,2,False,1,3,2026-03,Churn
SESS-207722,Acceso y Seguridad,error_login,@theMarely87,2026-02-19 23:54:35,1,True,0,3,2026-02,Resuelto
SESS-207949,Acceso y Seguridad,error_login,@theMarely56,2025-12-01 06:43:35,1,True,0,3,2025-12,Resuelto
SESS-207988,Soporte Técnico y Despacho,logistica_envio,@soyDev81,2026-03-03 13:58:22,2,False,1,3,2026-03,Churn
SESS-208084,Acceso y Seguridad,error_login,@theMarely65,2026-04-14 19:27:10,2,False,1,3,2026-04,Churn
SESS-208280,Soporte Técnico y Despacho,logistica_envio,@theKitty22,2026-03-18 16:58:43,1,True,0,3,2026-03,Resuelto
SESS-208387,Acceso y Seguridad,error_login,@soyDev90,2026-01-10 02:15:12,1,True,0,3,2026-01,Resuelto
SESS-208388,Acceso y Seguridad,error_login,@theDev16,2026-02-27 06:54:41,2,False,1,3,2026-02,Churn
SESS-208920,Acceso y Seguridad,error_login,@soyDev50,2026-02-16 20:32:07,1,True,0,3,2026-02,Resuelto
SESS-208994,Gestion de Cuenta,cambio_plan,@soyMarely85,2026-02-17 19:44:35,2,False,1,3,2026-02,Churn
SESS-209374,Acceso y Seguridad,error_login,@soyKitty19,2026-04-12 18:32:45,1,True,0,3,2026-04,Resuelto
SESS-209381,Acceso y Seguridad,error_login,@theMarely74,2026-01-26 02:41:10,1,True,0,3,2026-01,Resuelto
SESS-209462,Facturación y Cobros,problema_pago,@theKitty36,2025-12-04 19:51:04,2,False,1,3,2025-12,Churn
SESS-209506,Acceso y Seguridad,error_login,@soyKitty24,2026-03-10 14:47:48,1,True,0,3,2026-03,Resuelto
SESS-209617,Facturación y Cobros,problema_pago,@theKitty59,2026-04-17 17:07:05,1,True,0,3,2026-04,Resuelto
SESS-209788,Acceso y Seguridad,error_login,@theMarely68,2025-12-28 09:24:24,1,True,0,3,2025-12,Resuelto
SESS-209872,Acceso y Seguridad,error_login,@soyDev59,2026-03-21 19:47:32,1,True,0,3,2026-03,Resuelto
SESS-210066,Gestion de Cuenta,cambio_plan,@soyKitty85,2025-12-09 10:35:59,1,True,0,3,2025-12,Resuelto
SESS-210374,Facturación y Cobros,problema_pago,@soyDev95,2026-01-15 21:17:39,2,False,1,3,2026-01,Churn
SESS-210493,Facturación y Cobros,problema_pago,@soyMarely61,2025-12-31 08:02:52,2,False,1,3,2025-12,Churn
SESS-210659,Soporte Técnico y Despacho,logistica_envio,@theMarely31,2026-01-15 21:45:15,2,False,1,3,2026-01,Churn
SESS-210723,Acceso y Seguridad,error_login,@soyKitty70,2026-04-13 06:51:07,2,False,1,3,2026-04,Churn
SESS-210733,Gestion de Cuenta,cambio_plan,@soyMarely15,2026-03-09 20:13:02,1,True,0,3,2026-03,Resuelto
SESS-210783,Soporte Técnico y Despacho,logistica_envio,@theKitty51,2026-01-02 12:31:26,2,False,1,3,2026-01,Churn
SESS-210892,Acceso y Seguridad,error_login,@theMarely53,2025-11-08 10:47:04,1,True,0,3,2025-11,Resuelto
SESS-211065,Gestion de Cuenta,cambio_plan,@soyKitty46,2026-03-12 00:41:46,1,True,0,3,2026-03,Resuelto
SESS-211103,Acceso y Seguridad,error_login,@soyMarely26,2026-02-10 14:02:13,2,False,1,3,2026-02,Churn
SESS-211363,Acceso y Seguridad,error_login,@soyMarely84,2026-04-15 21:29:12,1,True,0,3,2026-04,Resuelto
SESS-211496,Gestion de Cuenta,cambio_plan,@theDev45,2026-04-12 06:38:52,2,False,1,3,2026-04,Churn
SESS-211760,Gestion de Cuenta,cambio_plan,@soyMarely70,2026-01-12 08:35:42,2,False,1,3,2026-01,Churn
SESS-211820,Gestion de Cuenta,cambio_plan,@theDev59,2026-02-17 01:08:33,2,False,1,3,2026-02,Churn
SESS-211830,Soporte Técnico y Despacho,logistica_envio,@soyDev28,2025-12-02 05:04:31,1,True,0,3,2025-12,Resuelto
SESS-212099,Acceso y Seguridad,error_login,@theMarely57,2026-03-19 20:33:44,1,True,0,3,2026-03,Resuelto
SESS-212194,Facturación y Cobros,problema_pago,@theKitty37,2026-02-07 20:58:01,1,True,0,3,2026-02,Resuelto
SESS-212319,Acceso y Seguridad,error_login,@theMarely27,2026-01-06 02:11:32,1,True,0,3,2026-01,Resuelto
SESS-212380,Acceso y Seguridad,error_login,@theKitty37,2026-01-08 23:53:13,1,True,0,3,2026-01,Resuelto
SESS-212383,Acceso y Seguridad,error_login,@theDev10,2025-12-04 23:39:35,1,True,0,3,2025-12,Resuelto
SESS-212399,Soporte Técnico y Despacho,logistica_envio,@theKitty16,2026-03-26 01:10:44,1,True,0,3,2026-03,Resuelto
SESS-212438,Acceso y Seguridad,error_login,@soyMarely49,2026-02-01 15:05:11,2,False,1,3,2026-02,Churn
SESS-212548,Gestion de Cuenta,cambio_plan,@soyDev33,2025-12-03 04:03:44,1,True,0,3,2025-12,Resuelto
SESS-212840,Acceso y Seguridad,error_login,@soyDev69,2025-12-16 02:46:56,1,True,0,3,2025-12,Resuelto
SESS-213170,Soporte Técnico y Despacho,logistica_envio,@soyDev64,2026-03-02 11:50:21,2,False,1,3,2026-03,Churn
SESS-213226,Gestion de Cuenta,cambio_plan,@soyDev37,2026-03-22 04:00:34,1,True,0,3,2026-03,Resuelto
SESS-213270,Facturación y Cobros,problema_pago,@soyKitty97,2026-01-05 13:50:28,2,False,1,3,2026-01,Churn
SESS-213291,Gestion de Cuenta,cambio_plan,@theMarely28,2026-03-15 09:25:37,1,True,0,3,2026-03,Resuelto
SESS-213423,Gestion de Cuenta,cambio_plan,@theMarely35,2026-03-28 17:32:15,1,True,0,3,2026-03,Resuelto
SESS-213511,Acceso y Seguridad,error_login,@soyMarely83,2026-01-02 21:46:50,2,False,1,3,2026-01,Churn
SESS-213570,Soporte Técnico y Despacho,logistica_envio,@theMarely34,2026-03-21 06:54:11,2,False,1,3,2026-03,Churn
SESS-213704,Soporte Técnico y Despacho,logistica_envio,@soyDev26,2026-04-08 12:44:15,1,True,0,3,2026-04,Resuelto
SESS-213712,Soporte Técnico y Despacho,logistica_envio,@soyKitty24,2026-03-21 04:59:08,1,True,0,3,2026-03,Resuelto
SESS-213854,Acceso y Seguridad,error_login,@soyDev81,2025-11-30 11:50:09,1,True,0,3,2025-11,Resuelto
SESS-213970,Facturación y Cobros,problema_pago,@soyMarely72,2026-02-11 21:06:35,1,True,0,3,2026-02,Resuelto
SESS-214193,Gestion de Cuenta,cambio_plan,@soyDev53,2026-02-12 15:06:33,2,False,1,3,2026-02,Churn
SESS-214423,Gestion de Cuenta,cambio_plan,@soyDev89,2026-03-23 16:48:08,1,True,0,3,2026-03,Resuelto
SESS-214468,Acceso y Seguridad,error_login,@theDev57,2026-01-24 11:33:03,1,True,0,3,2026-01,Resuelto
SESS-214703,Soporte Técnico y Despacho,logistica_envio,@theMarely42,2026-04-10 21:20:04,1,True,0,3,2026-04,Resuelto
SESS-214836,Facturación y Cobros,problema_pago,@soyDev14,2026-03-21 21:24:51,1,True,0,3,2026-03,Resuelto
SESS-214942,Acceso y Seguridad,error_login,@theMarely10,2025-11-27 13:41:33,1,True,0,3,2025-11,Resuelto
SESS-214961,Acceso y Seguridad,error_login,@theKitty21,2026-01-09 02:14:41,2,False,1,3,2026-01,Churn
SESS-215008,Facturación y Cobros,problema_pago,@theMarely95,2026-04-19 20:42:23,1,True,0,3,2026-04,Resuelto
SESS-215134,Gestion de Cuenta,cambio_plan,@soyKitty66,2026-02-12 19:00:17,2,False,1,3,2026-02,Churn
SESS-215199,Facturación y Cobros,problema_pago,@theDev57,2026-02-06 20:45:31,1,True,0,3,2026-02,Resuelto
SESS-215211,Gestion de Cuenta,cambio_plan,@theMarely57,2025-11-19 10:09:31,2,False,1,3,2025-11,Churn
SESS-215215,Soporte Técnico y Despacho,logistica_envio,@theMarely83,2025-12-10 07:38:23,1,True,0,3,2025-12,Resuelto
SESS-215288,Acceso y Seguridad,error_login,@soyKitty83,2025-11-28 18:54:34,1,True,0,3,2025-11,Resuelto
SESS-215331,Soporte Técnico y Despacho,logistica_envio,@soyMarely75,2026-04-06 00:13:52,2,False,1,3,2026-04,Churn
SESS-215592,Soporte Técnico y Despacho,logistica_envio,@theKitty64,2025-12-05 06:35:38,2,False,1,3,2025-12,Churn
SESS-215758,Facturación y Cobros,problema_pago,@soyKitty33,2026-03-31 02:19:54,1,True,0,3,2026-03,Resuelto
SESS-215847,Gestion de Cuenta,cambio_plan,@soyMarely64,2025-12-02 01:40:45,2,False,1,3,2025-12,Churn
SESS-215998,Acceso y Seguridad,error_login,@theMarely85,2026-04-01 15:21:05,1,True,0,3,2026-04,Resuelto
SESS-216341,Soporte Técnico y Despacho,logistica_envio,@theKitty26,2026-03-27 21:11:22,1,True,0,3,2026-03,Resuelto
SESS-216636,Gestion de Cuenta,cambio_plan,@theDev81,2026-02-05 06:20:43,1,True,0,3,2026-02,Resuelto
SESS-216682,Acceso y Seguridad,error_login,@soyKitty24,2026-02-16 23:46:32,1,True,0,3,2026-02,Resuelto
SESS-216772,Soporte Técnico y Despacho,logistica_envio,@theKitty74,2026-03-18 02:50:33,2,False,1,3,2026-03,Churn
SESS-217279,Soporte Técnico y Despacho,logistica_envio,@theMarely66,2025-12-04 17:33:38,2,False,1,3,2025-12,Churn
SESS-217297,Facturación y Cobros,problema_pago,@soyKitty39,2026-01-18 08:26:57,1,True,0,3,2026-01,Resuelto
SESS-217386,Gestion de Cuenta,cambio_plan,@theKitty50,2026-04-30 15:58:00,1,True,0,3,2026-04,Resuelto
SESS-217560,Facturación y Cobros,problema_pago,@theMarely51,2026-02-19 00:02:44,1,True,0,3,2026-02,Resuelto
SESS-217627,Gestion de Cuenta,cambio_plan,@theMarely10,2026-01-27 20:53:55,1,True,0,3,2026-01,Resuelto
SESS-217629,Facturación y Cobros,problema_pago,@soyDev41,2026-03-27 00:30:29,2,False,1,3,2026-03,Churn
SESS-217738,Soporte Técnico y Despacho,logistica_envio,@theMarely64,2026-05-01 11:00:34,1,True,0,3,2026-05,Resuelto
SESS-217781,Facturación y Cobros,problema_pago,@soyKitty44,2026-01-05 09:14:43,2,False,1,3,2026-01,Churn
SESS-218043,Gestion de Cuenta,cambio_plan,@soyKitty92,2025-11-28 23:35:46,1,True,0,3,2025-11,Resuelto
SESS-218088,Facturación y Cobros,problema_pago,@soyMarely46,2025-12-01 23:38:38,2,False,1,3,2025-12,Churn
SESS-218167,Gestion de Cuenta,cambio_plan,@theMarely32,2025-12-04 13:05:16,2,False,1,3,2025-12,Churn
SESS-218232,Facturación y Cobros,problema_pago,@theDev76,2025-12-19 20:23:06,1,True,0,3,2025-12,Resuelto
SESS-218384,Gestion de Cuenta,cambio_plan,@theKitty12,2026-03-28 07:57:21,1,True,0,3,2026-03,Resuelto
SESS-218640,Facturación y Cobros,problema_pago,@soyKitty84,2025-11-20 13:43:02,1,True,0,3,2025-11,Resuelto
SESS-218808,Acceso y Seguridad,error_login,@theDev32,2026-04-10 23:03:19,2,False,1,3,2026-04,Churn
SESS-218958,Gestion de Cuenta,cambio_plan,@theKitty35,2026-01-11 14:28:16,1,True,0,3,2026-01,Resuelto
SESS-219052,Soporte Técnico y Despacho,logistica_envio,@soyMarely39,2026-03-09 21:06:56,1,True,0,3,2026-03,Resuelto
SESS-219165,Facturación y Cobros,problema_pago,@soyKitty38,2026-04-21 17:11:15,2,False,1,3,2026-04,Churn
SESS-219202,Gestion de Cuenta,cambio_plan,@theMarely65,2026-02-26 06:44:06,1,True,0,3,2026-02,Resuelto
SESS-219234,Acceso y Seguridad,error_login,@soyDev68,2026-02-01 00:43:29,2,False,1,3,2026-02,Churn
SESS-219388,Facturación y Cobros,problema_pago,@theKitty54,2026-02-14 08:13:05,2,False,1,3,2026-02,Churn
SESS-219389,Soporte Técnico y Despacho,logistica_envio,@soyDev68,2026-04-01 00:28:52,1,True,0,3,2026-04,Resuelto
SESS-219439,Acceso y Seguridad,error_login,@soyMarely60,2025-11-11 23:05:00,1,True,0,3,2025-11,Resuelto
SESS-219446,Facturación y Cobros,problema_pago,@theKitty98,2026-01-09 10:42:10,2,False,1,3,2026-01,Churn
SESS-219706,Soporte Técnico y Despacho,logistica_envio,@soyKitty76,2026-04-16 05:19:13,1,True,0,3,2026-04,Resuelto
SESS-220161,Facturación y Cobros,problema_pago,@theDev46,2026-01-21 09:41:52,1,True,0,3,2026-01,Resuelto
SESS-220242,Soporte Técnico y Despacho,logistica_envio,@soyKitty75,2025-11-20 00:15:02,2,False,1,3,2025-11,Churn
SESS-220422,Gestion de Cuenta,cambio_plan,@theKitty95,2026-02-15 00:11:59,1,True,0,3,2026-02,Resuelto
SESS-220434,Soporte Técnico y Despacho,logistica_envio,@soyKitty20,2026-02-19 13:42:38,1,True,0,3,2026-02,Resuelto
SESS-220561,Gestion de Cuenta,cambio_plan,@soyDev75,2026-02-12 12:14:37,2,False,1,3,2026-02,Churn
SESS-221011,Gestion de Cuenta,cambio_plan,@theKitty39,2025-11-29 12:35:44,1,True,0,3,2025-11,Resuelto
SESS-221016,Acceso y Seguridad,error_login,@soyMarely87,2026-03-30 11:56:40,1,True,0,3,2026-03,Resuelto
SESS-221086,Acceso y Seguridad,error_login,@theMarely60,2026-03-18 21:39:57,1,True,0,3,2026-03,Resuelto
SESS-221169,Soporte Técnico y Despacho,logistica_envio,@soyMarely53,2026-02-25 07:04:13,2,False,1,3,2026-02,Churn
SESS-221282,Gestion de Cuenta,cambio_plan,@theKitty22,2026-01-19 07:41:38,2,False,1,3,2026-01,Churn
SESS-221569,Soporte Técnico y Despacho,logistica_envio,@soyDev23,2026-04-03 09:53:10,1,True,0,3,2026-04,Resuelto
SESS-221617,Acceso y Seguridad,error_login,@theDev16,2026-01-13 08:58:47,2,False,1,3,2026-01,Churn
SESS-221913,Acceso y Seguridad,error_login,@theKitty86,2025-11-23 15:01:43,1,True,0,3,2025-11,Resuelto
SESS-221969,Facturación y Cobros,problema_pago,@soyDev79,2026-01-05 20:45:39,1,True,0,3,2026-01,Resuelto
SESS-222330,Facturación y Cobros,problema_pago,@soyDev91,2026-03-05 19:53:56,1,True,0,3,2026-03,Resuelto
SESS-222431,Gestion de Cuenta,cambio_plan,@theKitty13,2026-03-09 08:08:59,1,True,0,3,2026-03,Resuelto
SESS-222548,Soporte Técnico y Despacho,logistica_envio,@theKitty27,2026-02-10 13:11:57,1,True,0,3,2026-02,Resuelto
SESS-222738,Acceso y Seguridad,error_login,@theMarely17,2026-02-10 02:52:56,1,True,0,3,2026-02,Resuelto
SESS-222751,Acceso y Seguridad,error_login,@soyMarely64,2025-11-12 15:00:03,2,False,1,3,2025-11,Churn
SESS-222752,Gestion de Cuenta,cambio_plan,@soyMarely39,2026-02-08 13:02:46,2,False,1,3,2026-02,Churn
SESS-222847,Soporte Técnico y Despacho,logistica_envio,@theKitty26,2026-02-21 12:58:22,1,True,0,3,2026-02,Resuelto
SESS-222863,Gestion de Cuenta,cambio_plan,@soyDev57,2026-01-17 22:05:01,1,True,0,3,2026-01,Resuelto
SESS-222962,Gestion de Cuenta,cambio_plan,@theKitty10,2025-11-28 15:37:15,2,False,1,3,2025-11,Churn
SESS-223033,Acceso y Seguridad,error_login,@soyKitty81,2026-01-02 01:29:46,2,False,1,3,2026-01,Churn
SESS-223054,Facturación y Cobros,problema_pago,@soyMarely75,2026-01-23 17:29:15,2,False,1,3,2026-01,Churn
SESS-223148,Soporte Técnico y Despacho,logistica_envio,@theMarely57,2026-04-05 11:15:51,1,True,0,3,2026-04,Resuelto
SESS-223273,Facturación y Cobros,problema_pago,@theDev45,2026-01-14 19:24:52,2,False,1,3,2026-01,Churn
SESS-223387,Facturación y Cobros,problema_pago,@soyKitty47,2025-11-13 00:57:13,1,True,0,3,2025-11,Resuelto
SESS-223396,Soporte Técnico y Despacho,logistica_envio,@soyMarely52,2026-04-02 11:18:46,1,True,0,3,2026-04,Resuelto
SESS-223470,Facturación y Cobros,problema_pago,@soyDev43,2026-03-17 10:28:51,2,False,1,3,2026-03,Churn
SESS-223664,Acceso y Seguridad,error_login,@soyDev86,2025-12-08 22:09:44,2,False,1,3,2025-12,Churn
SESS-224038,Soporte Técnico y Despacho,logistica_envio,@soyMarely22,2026-03-05 03:57:21,1,True,0,3,2026-03,Resuelto
SESS-224072,Acceso y Seguridad,error_login,@theMarely78,2026-02-23 16:18:36,1,True,0,3,2026-02,Resuelto
SESS-224174,Facturación y Cobros,problema_pago,@theDev21,2025-12-25 19:52:06,1,True,0,3,2025-12,Resuelto
SESS-224199,Acceso y Seguridad,error_login,@soyDev11,2025-12-19 12:31:44,1,True,0,3,2025-12,Resuelto
SESS-224298,Acceso y Seguridad,error_login,@soyMarely58,2026-04-29 13:37:13,1,True,0,3,2026-04,Resuelto
SESS-224379,Acceso y Seguridad,error_login,@theDev58,2025-12-27 07:07:31,1,True,0,3,2025-12,Resuelto
SESS-224400,Acceso y Seguridad,error_login,@soyDev94,2025-11-28 04:31:23,2,False,1,3,2025-11,Churn
SESS-224410,Facturación y Cobros,problema_pago,@soyKitty79,2025-11-30 07:17:06,1,True,0,3,2025-11,Resuelto
SESS-224716,Facturación y Cobros,problema_pago,@theMarely55,2026-03-19 04:12:34,2,False,1,3,2026-03,Churn
SESS-224838,Gestion de Cuenta,cambio_plan,@soyMarely35,2026-03-26 01:51:17,1,True,0,3,2026-03,Resuelto
SESS-224996,Acceso y Seguridad,error_login,@soyDev50,2026-01-27 17:25:53,2,False,1,3,2026-01,Churn
SESS-225014,Acceso y Seguridad,error_login,@theKitty35,2026-01-31 11:45:51,2,False,1,3,2026-01,Churn
SESS-225073,Gestion de Cuenta,cambio_plan,@soyMarely26,2026-02-02 02:53:04,1,True,0,3,2026-02,Resuelto
SESS-225079,Soporte Técnico y Despacho,logistica_envio,@theMarely52,2026-01-14 13:45:08,1,True,0,3,2026-01,Resuelto
SESS-225626,Soporte Técnico y Despacho,logistica_envio,@theDev36,2026-04-12 19:10:26,1,True,0,3,2026-04,Resuelto
SESS-225782,Facturación y Cobros,problema_pago,@soyKitty71,2026-01-23 10:43:13,2,False,1,3,2026-01,Churn
SESS-225799,Acceso y Seguridad,error_login,@soyDev78,2025-12-28 13:06:14,1,True,0,3,2025-12,Resuelto
SESS-225849,Gestion de Cuenta,cambio_plan,@soyMarely37,2025-11-08 09:24:17,2,False,1,3,2025-11,Churn
SESS-226155,Facturación y Cobros,problema_pago,@theKitty77,2026-04-16 09:17:30,2,False,1,3,2026-04,Churn
SESS-226212,Soporte Técnico y Despacho,logistica_envio,@theKitty11,2025-11-18 09:48:07,1,True,0,3,2025-11,Resuelto
SESS-226482,Soporte Técnico y Despacho,logistica_envio,@theMarely58,2025-12-23 15:00:13,1,True,0,3,2025-12,Resuelto
SESS-226540,Acceso y Seguridad,error_login,@theDev25,2025-11-09 06:21:44,1,True,0,3,2025-11,Resuelto
SESS-226772,Soporte Técnico y Despacho,logistica_envio,@soyDev25,2026-03-16 11:51:07,1,True,0,3,2026-03,Resuelto
SESS-226798,Gestion de Cuenta,cambio_plan,@soyMarely46,2026-02-22 08:11:31,2,False,1,3,2026-02,Churn
SESS-226822,Soporte Técnico y Despacho,logistica_envio,@soyDev95,2026-02-08 01:28:39,1,True,0,3,2026-02,Resuelto
SESS-227006,Soporte Técnico y Despacho,logistica_envio,@soyDev93,2026-01-19 10:42:35,2,False,1,3,2026-01,Churn
SESS-227195,Gestion de Cuenta,cambio_plan,@soyKitty10,2026-03-19 00:20:17,2,False,1,3,2026-03,Churn
SESS-227379,Gestion de Cuenta,cambio_plan,@soyKitty44,2026-01-21 06:13:24,1,True,0,3,2026-01,Resuelto
SESS-227434,Soporte Técnico y Despacho,logistica_envio,@soyMarely35,2025-12-23 20:07:26,2,False,1,3,2025-12,Churn
SESS-227850,Gestion de Cuenta,cambio_plan,@soyDev39,2026-02-12 12:35:43,2,False,1,3,2026-02,Churn
SESS-227876,Soporte Técnico y Despacho,logistica_envio,@soyDev98,2026-03-06 22:03:59,1,True,0,3,2026-03,Resuelto
SESS-227897,Soporte Técnico y Despacho,logistica_envio,@soyKitty10,2025-12-01 04:52:56,2,False,1,3,2025-12,Churn
SESS-228008,Acceso y Seguridad,error_login,@theKitty58,2026-03-15 19:13:27,1,True,0,3,2026-03,Resuelto
SESS-228088,Facturación y Cobros,problema_pago,@soyDev90,2026-03-15 15:34:05,2,False,1,3,2026-03,Churn
SESS-228152,Soporte Técnico y Despacho,logistica_envio,@theKitty41,2026-03-15 11:38:09,2,False,1,3,2026-03,Churn
SESS-228449,Acceso y Seguridad,error_login,@soyMarely43,2025-12-14 04:27:56,1,True,0,3,2025-12,Resuelto
SESS-228518,Facturación y Cobros,problema_pago,@theDev92,2025-12-06 03:10:26,1,True,0,3,2025-12,Resuelto
SESS-228917,Soporte Técnico y Despacho,logistica_envio,@soyDev18,2026-04-07 06:52:45,1,True,0,3,2026-04,Resuelto
SESS-229072,Acceso y Seguridad,error_login,@theMarely62,2026-03-12 00:32:17,1,True,0,3,2026-03,Resuelto
SESS-229189,Facturación y Cobros,problema_pago,@soyDev95,2026-01-26 11:12:13,1,True,0,3,2026-01,Resuelto
SESS-229247,Acceso y Seguridad,error_login,@soyKitty62,2025-12-03 00:43:45,1,True,0,3,2025-12,Resuelto
SESS-229502,Facturación y Cobros,problema_pago,@soyKitty59,2026-03-22 23:45:38,1,True,0,3,2026-03,Resuelto
SESS-229692,Acceso y Seguridad,error_login,@theDev51,2026-05-01 15:42:18,1,True,0,3,2026-05,Resuelto
SESS-229817,Gestion de Cuenta,cambio_plan,@theDev54,2026-03-11 22:11:44,1,True,0,3,2026-03,Resuelto
SESS-229819,Facturación y Cobros,problema_pago,@theDev96,2026-03-25 17:25:04,2,False,1,3,2026-03,Churn
SESS-229998,Facturación y Cobros,problema_pago,@soyKitty42,2026-05-04 10:19:58,2,False,1,3,2026-05,Churn
SESS-230065,Soporte Técnico y Despacho,logistica_envio,@theKitty27,2025-12-27 00:11:04,2,False,1,3,2025-12,Churn
SESS-230157,Gestion de Cuenta,cambio_plan,@theKitty98,2026-02-04 23:25:17,1,True,0,3,2026-02,Resuelto
SESS-230614,Soporte Técnico y Despacho,logistica_envio,@soyKitty37,2025-11-14 21:46:30,1,True,0,3,2025-11,Resuelto
SESS-230929,Soporte Técnico y Despacho,logistica_envio,@soyMarely41,2026-01-19 17:18:47,1,True,0,3,2026-01,Resuelto
SESS-231003,Soporte Técnico y Despacho,logistica_envio,@soyKitty87,2026-03-07 15:19:00,2,False,1,3,2026-03,Churn
SESS-231013,Gestion de Cuenta,cambio_plan,@theDev91,2026-04-14 02:11:06,1,True,0,3,2026-04,Resuelto
SESS-231447,Acceso y Seguridad,error_login,@soyKitty99,2026-01-13 22:18:30,1,True,0,3,2026-01,Resuelto
SESS-231520,Acceso y Seguridad,error_login,@theKitty81,2026-02-18 01:09:30,2,False,1,3,2026-02,Churn
SESS-231543,Gestion de Cuenta,cambio_plan,@soyKitty83,2025-11-19 15:49:56,1,True,0,3,2025-11,Resuelto
SESS-231613,Soporte Técnico y Despacho,logistica_envio,@theDev88,2026-01-31 14:13:02,1,True,0,3,2026-01,Resuelto
SESS-231955,Acceso y Seguridad,error_login,@theKitty50,2025-11-09 21:46:52,1,True,0,3,2025-11,Resuelto
SESS-232093,Gestion de Cuenta,cambio_plan,@soyDev88,2026-01-13 13:28:29,1,True,0,3,2026-01,Resuelto
SESS-232122,Gestion de Cuenta,cambio_plan,@theDev71,2025-12-12 06:55:38,1,True,0,3,2025-12,Resuelto
SESS-232293,Facturación y Cobros,problema_pago,@theDev31,2026-03-20 15:05:56,2,False,1,3,2026-03,Churn
SESS-232330,Gestion de Cuenta,cambio_plan,@theKitty51,2026-02-22 01:26:55,1,True,0,3,2026-02,Resuelto
SESS-232623,Soporte Técnico y Despacho,logistica_envio,@soyDev21,2026-01-02 16:31:17,1,True,0,3,2026-01,Resuelto
SESS-232694,Gestion de Cuenta,cambio_plan,@soyMarely43,2026-01-12 03:44:58,1,True,0,3,2026-01,Resuelto
SESS-232762,Facturación y Cobros,problema_pago,@theKitty91,2026-01-29 22:12:40,1,True,0,3,2026-01,Resuelto
SESS-232782,Soporte Técnico y Despacho,logistica_envio,@theMarely18,2026-04-22 06:23:25,1,True,0,3,2026-04,Resuelto
SESS-232856,Acceso y Seguridad,error_login,@soyDev61,2025-11-11 21:13:49,1,True,0,3,2025-11,Resuelto
SESS-232960,Acceso y Seguridad,error_login,@theMarely92,2026-01-10 17:03:17,1,True,0,3,2026-01,Resuelto
SESS-233060,Soporte Técnico y Despacho,logistica_envio,@soyKitty34,2026-02-10 19:15:50,1,True,0,3,2026-02,Resuelto
SESS-233083,Gestion de Cuenta,cambio_plan,@theDev46,2026-04-12 14:03:27,2,False,1,3,2026-04,Churn
SESS-233343,Soporte Técnico y Despacho,logistica_envio,@soyDev46,2026-04-12 06:40:26,1,True,0,3,2026-04,Resuelto
SESS-233360,Facturación y Cobros,problema_pago,@soyDev86,2026-02-03 13:07:42,1,True,0,3,2026-02,Resuelto
SESS-233493,Acceso y Seguridad,error_login,@soyDev15,2026-02-20 12:16:33,2,False,1,3,2026-02,Churn
SESS-233579,Facturación y Cobros,problema_pago,@soyKitty68,2025-12-14 10:00:14,2,False,1,3,2025-12,Churn
SESS-233599,Soporte Técnico y Despacho,logistica_envio,@soyKitty85,2026-03-23 18:48:15,1,True,0,3,2026-03,Resuelto
SESS-233752,Soporte Técnico y Despacho,logistica_envio,@soyMarely92,2026-03-05 22:48:19,1,True,0,3,2026-03,Resuelto
SESS-233820,Facturación y Cobros,problema_pago,@theDev47,2026-01-04 18:22:44,1,True,0,3,2026-01,Resuelto
SESS-233858,Soporte Técnico y Despacho,logistica_envio,@theMarely49,2026-03-31 15:33:23,1,True,0,3,2026-03,Resuelto
SESS-234257,Gestion de Cuenta,cambio_plan,@theMarely30,2025-12-23 09:31:58,2,False,1,3,2025-12,Churn
SESS-234919,Acceso y Seguridad,error_login,@theDev90,2026-04-15 15:40:24,1,True,0,3,2026-04,Resuelto
SESS-235151,Acceso y Seguridad,error_login,@soyDev34,2025-11-19 16:33:46,1,True,0,3,2025-11,Resuelto
SESS-235285,Soporte Técnico y Despacho,logistica_envio,@soyDev66,2026-02-22 08:23:01,1,True,0,3,2026-02,Resuelto
SESS-235432,Soporte Técnico y Despacho,logistica_envio,@theKitty78,2025-12-16 11:59:34,2,False,1,3,2025-12,Churn
SESS-235448,Facturación y Cobros,problema_pago,@theMarely37,2025-12-24 01:08:52,2,False,1,3,2025-12,Churn
SESS-235640,Soporte Técnico y Despacho,logistica_envio,@theDev89,2026-03-04 15:08:49,2,False,1,3,2026-03,Churn
SESS-235911,Gestion de Cuenta,cambio_plan,@theDev61,2026-02-20 21:45:33,1,True,0,3,2026-02,Resuelto
SESS-236187,Acceso y Seguridad,error_login,@soyKitty47,2026-04-10 08:22:46,2,False,1,3,2026-04,Churn
SESS-236450,Soporte Técnico y Despacho,logistica_envio,@soyMarely41,2025-12-11 12:18:44,1,True,0,3,2025-12,Resuelto
SESS-236481,Gestion de Cuenta,cambio_plan,@soyMarely59,2026-03-31 14:22:14,1,True,0,3,2026-03,Resuelto
SESS-236783,Gestion de Cuenta,cambio_plan,@soyDev84,2025-12-10 05:52:03,1,True,0,3,2025-12,Resuelto
SESS-236867,Facturación y Cobros,problema_pago,@soyMarely92,2026-02-21 14:42:41,1,True,0,3,2026-02,Resuelto
SESS-236870,Acceso y Seguridad,error_login,@theDev99,2026-04-04 00:38:07,1,True,0,3,2026-04,Resuelto
SESS-237563,Acceso y Seguridad,error_login,@theDev29,2026-02-21 06:43:39,2,False,1,3,2026-02,Churn
SESS-237621,Soporte Técnico y Despacho,logistica_envio,@theKitty49,2026-04-19 15:09:18,2,False,1,3,2026-04,Churn
SESS-237642,Gestion de Cuenta,cambio_plan,@soyDev78,2026-01-15 14:07:53,2,False,1,3,2026-01,Churn
SESS-237675,Gestion de Cuenta,cambio_plan,@soyMarely92,2026-02-07 18:53:25,1,True,0,3,2026-02,Resuelto
SESS-237786,Soporte Técnico y Despacho,logistica_envio,@soyDev96,2026-04-28 10:16:52,1,True,0,3,2026-04,Resuelto
SESS-237845,Acceso y Seguridad,error_login,@soyMarely85,2026-04-01 18:06:14,1,True,0,3,2026-04,Resuelto
SESS-238180,Facturación y Cobros,problema_pago,@soyKitty33,2026-01-14 06:00:00,2,False,1,3,2026-01,Churn
SESS-238214,Gestion de Cuenta,cambio_plan,@soyDev14,2026-04-28 04:23:57,2,False,1,3,2026-04,Churn
SESS-238449,Soporte Técnico y Despacho,logistica_envio,@theDev41,2026-03-29 12:25:36,1,True,0,3,2026-03,Resuelto
SESS-238488,Facturación y Cobros,problema_pago,@theDev59,2026-03-15 16:21:19,1,True,0,3,2026-03,Resuelto
SESS-238531,Acceso y Seguridad,error_login,@soyKitty78,2026-01-27 12:51:13,1,True,0,3,2026-01,Resuelto
SESS-238532,Facturación y Cobros,problema_pago,@theDev94,2026-03-24 18:56:51,1,True,0,3,2026-03,Resuelto
SESS-239448,Gestion de Cuenta,cambio_plan,@theDev55,2026-02-06 22:09:02,1,True,0,3,2026-02,Resuelto
SESS-239997,Gestion de Cuenta,cambio_plan,@theDev68,2026-03-28 01:38:59,2,False,1,3,2026-03,Churn
SESS-240152,Facturación y Cobros,problema_pago,@theMarely72,2025-12-03 14:57:56,2,False,1,3,2025-12,Churn
SESS-240256,Facturación y Cobros,problema_pago,@soyKitty48,2026-03-07 02:46:18,1,True,0,3,2026-03,Resuelto
SESS-240263,Soporte Técnico y Despacho,logistica_envio,@soyDev22,2025-12-02 09:57:00,1,True,0,3,2025-12,Resuelto
SESS-240473,Gestion de Cuenta,cambio_plan,@theDev69,2025-11-13 02:24:25,1,True,0,3,2025-11,Resuelto
SESS-240580,Gestion de Cuenta,cambio_plan,@theMarely38,2026-04-10 00:05:47,1,True,0,3,2026-04,Resuelto
SESS-240646,Facturación y Cobros,problema_pago,@soyMarely29,2026-01-04 22:52:40,2,False,1,3,2026-01,Churn
SESS-241495,Acceso y Seguridad,error_login,@soyDev23,2026-01-02 22:31:17,1,True,0,3,2026-01,Resuelto
SESS-241604,Gestion de Cuenta,cambio_plan,@soyDev53,2026-04-12 20:56:53,2,False,1,3,2026-04,Churn
SESS-241678,Acceso y Seguridad,error_login,@soyKitty12,2025-11-13 17:08:33,2,False,1,3,2025-11,Churn
SESS-241717,Soporte Técnico y Despacho,logistica_envio,@theKitty76,2026-03-20 23:39:51,1,True,0,3,2026-03,Resuelto
SESS-241866,Gestion de Cuenta,cambio_plan,@theDev25,2026-01-09 08:40:59,1,True,0,3,2026-01,Resuelto
SESS-241967,Gestion de Cuenta,cambio_plan,@theDev28,2026-02-06 12:12:38,2,False,1,3,2026-02,Churn
SESS-241995,Soporte Técnico y Despacho,logistica_envio,@soyMarely97,2026-04-10 10:56:22,1,True,0,3,2026-04,Resuelto
SESS-242076,Gestion de Cuenta,cambio_plan,@theKitty19,2026-02-08 18:11:07,2,False,1,3,2026-02,Churn
SESS-242168,Gestion de Cuenta,cambio_plan,@theKitty47,2025-12-07 16:19:49,1,True,0,3,2025-12,Resuelto
SESS-242179,Gestion de Cuenta,cambio_plan,@theDev61,2026-04-21 09:45:58,1,True,0,3,2026-04,Resuelto
SESS-242528,Soporte Técnico y Despacho,logistica_envio,@soyMarely21,2026-02-20 21:30:43,1,True,0,3,2026-02,Resuelto
SESS-242551,Facturación y Cobros,problema_pago,@soyDev65,2026-04-27 01:34:17,2,False,1,3,2026-04,Churn
SESS-242626,Acceso y Seguridad,error_login,@theMarely18,2026-01-21 23:20:16,1,True,0,3,2026-01,Resuelto
SESS-242716,Soporte Técnico y Despacho,logistica_envio,@theMarely39,2025-12-25 07:13:29,1,True,0,3,2025-12,Resuelto
SESS-242792,Gestion de Cuenta,cambio_plan,@soyMarely98,2025-11-18 09:52:48,2,False,1,3,2025-11,Churn
SESS-242814,Facturación y Cobros,problema_pago,@soyMarely57,2025-11-22 07:08:14,1,True,0,3,2025-11,Resuelto
SESS-242901,Acceso y Seguridad,error_login,@theMarely26,2026-03-26 02:19:35,1,True,0,3,2026-03,Resuelto
SESS-243084,Acceso y Seguridad,error_login,@theMarely36,2026-03-12 10:30:54,1,True,0,3,2026-03,Resuelto
SESS-243126,Gestion de Cuenta,cambio_plan,@theKitty63,2026-03-24 10:42:51,2,False,1,3,2026-03,Churn
SESS-243405,Soporte Técnico y Despacho,logistica_envio,@soyMarely87,2026-01-15 07:58:44,1,True,0,3,2026-01,Resuelto
SESS-243446,Acceso y Seguridad,error_login,@soyDev80,2025-11-20 14:26:45,1,True,0,3,2025-11,Resuelto
SESS-243815,Acceso y Seguridad,error_login,@theKitty77,2026-03-21 01:11:10,2,False,1,3,2026-03,Churn
SESS-244242,Acceso y Seguridad,error_login,@soyMarely97,2026-05-06 07:41:02,1,True,0,3,2026-05,Resuelto
SESS-244323,Soporte Técnico y Despacho,logistica_envio,@soyDev78,2026-01-07 12:28:55,1,True,0,3,2026-01,Resuelto
SESS-244325,Facturación y Cobros,problema_pago,@theDev74,2026-02-07 15:04:26,1,True,0,3,2026-02,Resuelto
SESS-244358,Gestion de Cuenta,cambio_plan,@theDev46,2025-11-28 11:25:49,2,False,1,3,2025-11,Churn
SESS-244489,Facturación y Cobros,problema_pago,@soyMarely64,2026-02-19 18:09:21,1,True,0,3,2026-02,Resuelto
SESS-244509,Acceso y Seguridad,error_login,@soyMarely83,2026-03-08 09:57:37,2,False,1,3,2026-03,Churn
SESS-244694,Gestion de Cuenta,cambio_plan,@soyMarely17,2025-12-06 08:29:34,1,True,0,3,2025-12,Resuelto
SESS-244794,Facturación y Cobros,problema_pago,@theKitty35,2026-02-13 05:50:58,1,True,0,3,2026-02,Resuelto
SESS-244946,Soporte Técnico y Despacho,logistica_envio,@soyDev36,2025-12-06 20:13:17,2,False,1,3,2025-12,Churn
SESS-245330,Gestion de Cuenta,cambio_plan,@theDev71,2025-11-25 10:07:58,2,False,1,3,2025-11,Churn
SESS-245592,Soporte Técnico y Despacho,logistica_envio,@theMarely29,2026-04-25 17:04:23,1,True,0,3,2026-04,Resuelto
SESS-245925,Soporte Técnico y Despacho,logistica_envio,@theKitty30,2025-12-14 22:50:52,2,False,1,3,2025-12,Churn
SESS-246036,Soporte Técnico y Despacho,logistica_envio,@theDev37,2026-03-14 00:43:51,1,True,0,3,2026-03,Resuelto
SESS-246046,Facturación y Cobros,problema_pago,@theKitty18,2026-01-10 22:47:36,2,False,1,3,2026-01,Churn
SESS-246069,Acceso y Seguridad,error_login,@theMarely10,2026-03-16 12:43:49,2,False,1,3,2026-03,Churn
SESS-246152,Acceso y Seguridad,error_login,@soyKitty28,2025-12-27 05:11:23,1,True,0,3,2025-12,Resuelto
SESS-246168,Gestion de Cuenta,cambio_plan,@soyKitty61,2026-04-12 12:02:27,1,True,0,3,2026-04,Resuelto
SESS-246578,Gestion de Cuenta,cambio_plan,@soyKitty37,2025-11-23 00:14:19,1,True,0,3,2025-11,Resuelto
SESS-246869,Facturación y Cobros,problema_pago,@theDev83,2026-02-19 13:46:36,1,True,0,3,2026-02,Resuelto
SESS-246880,Acceso y Seguridad,error_login,@soyKitty37,2026-04-22 22:49:26,1,True,0,3,2026-04,Resuelto
SESS-247089,Facturación y Cobros,problema_pago,@soyDev12,2025-12-12 11:06:11,2,False,1,3,2025-12,Churn
SESS-247203,Acceso y Seguridad,error_login,@theDev23,2025-11-18 04:03:41,2,False,1,3,2025-11,Churn
SESS-247366,Acceso y Seguridad,error_login,@soyDev61,2026-01-23 10:46:13,1,True,0,3,2026-01,Resuelto
SESS-247423,Acceso y Seguridad,error_login,@soyKitty34,2025-12-28 03:42:25,1,True,0,3,2025-12,Resuelto
SESS-247435,Gestion de Cuenta,cambio_plan,@soyKitty50,2026-03-28 03:28:19,1,True,0,3,2026-03,Resuelto
SESS-247561,Acceso y Seguridad,error_login,@theDev90,2025-11-13 17:18:50,1,True,0,3,2025-11,Resuelto
SESS-247579,Acceso y Seguridad,error_login,@theMarely60,2026-04-23 01:00:05,2,False,1,3,2026-04,Churn
SESS-247603,Acceso y Seguridad,error_login,@soyKitty54,2025-12-14 16:37:21,1,True,0,3,2025-12,Resuelto
SESS-247623,Soporte Técnico y Despacho,logistica_envio,@theMarely91,2026-02-26 15:58:25,2,False,1,3,2026-02,Churn
SESS-247675,Acceso y Seguridad,error_login,@theDev27,2026-03-26 12:25:27,1,True,0,3,2026-03,Resuelto
SESS-247739,Acceso y Seguridad,error_login,@soyKitty72,2026-01-20 19:36:48,2,False,1,3,2026-01,Churn
SESS-247769,Soporte Técnico y Despacho,logistica_envio,@soyMarely45,2025-11-29 15:09:55,1,True,0,3,2025-11,Resuelto
SESS-247871,Soporte Técnico y Despacho,logistica_envio,@soyKitty11,2025-12-01 05:49:08,1,True,0,3,2025-12,Resuelto
SESS-248152,Soporte Técnico y Despacho,logistica_envio,@theKitty37,2025-11-22 14:33:09,2,False,1,3,2025-11,Churn
SESS-248200,Facturación y Cobros,problema_pago,@soyDev44,2026-02-11 18:27:59,1,True,0,3,2026-02,Resuelto
SESS-248318,Soporte Técnico y Despacho,logistica_envio,@soyDev87,2026-03-18 13:59:38,2,False,1,3,2026-03,Churn
SESS-248472,Acceso y Seguridad,error_login,@theMarely50,2026-02-24 07:01:50,1,True,0,3,2026-02,Resuelto
SESS-248568,Acceso y Seguridad,error_login,@theDev38,2026-01-04 23:21:42,1,True,0,3,2026-01,Resuelto
SESS-248710,Facturación y Cobros,problema_pago,@soyKitty45,2025-11-17 22:35:53,1,True,0,3,2025-11,Resuelto
SESS-248736,Facturación y Cobros,problema_pago,@theDev89,2025-11-15 07:24:44,2,False,1,3,2025-11,Churn
SESS-248890,Facturación y Cobros,problema_pago,@soyKitty63,2026-02-10 21:59:24,1,True,0,3,2026-02,Resuelto
SESS-249012,Facturación y Cobros,problema_pago,@soyDev23,2026-02-20 09:56:11,1,True,0,3,2026-02,Resuelto
SESS-249101,Acceso y Seguridad,error_login,@soyKitty78,2026-03-20 16:57:16,1,True,0,3,2026-03,Resuelto
SESS-249119,Gestion de Cuenta,cambio_plan,@soyMarely18,2025-12-02 23:43:22,1,True,0,3,2025-12,Resuelto
SESS-249360,Soporte Técnico y Despacho,logistica_envio,@theDev81,2025-11-26 19:41:27,2,False,1,3,2025-11,Churn
SESS-249484,Gestion de Cuenta,cambio_plan,@theKitty89,2025-11-22 16:25:46,2,False,1,3,2025-11,Churn
SESS-250386,Soporte Técnico y Despacho,logistica_envio,@theMarely42,2026-03-18 16:53:27,2,False,1,3,2026-03,Churn
SESS-250458,Acceso y Seguridad,error_login,@theMarely48,2026-03-28 06:16:32,2,False,1,3,2026-03,Churn
SESS-250468,Facturación y Cobros,problema_pago,@theMarely59,2026-02-22 04:42:16,2,False,1,3,2026-02,Churn
SESS-250500,Soporte Técnico y Despacho,logistica_envio,@theKitty24,2025-11-24 07:47:39,2,False,1,3,2025-11,Churn
SESS-250971,Acceso y Seguridad,error_login,@theKitty72,2026-01-14 14:55:54,1,True,0,3,2026-01,Resuelto
SESS-251074,Soporte Técnico y Despacho,logistica_envio,@soyDev87,2026-04-02 15:41:01,2,False,1,3,2026-04,Churn
SESS-251239,Soporte Técnico y Despacho,logistica_envio,@theDev77,2025-12-07 05:09:27,1,True,0,3,2025-12,Resuelto
SESS-251278,Gestion de Cuenta,cambio_plan,@theMarely71,2025-12-26 19:02:30,1,True,0,3,2025-12,Resuelto
SESS-251343,Soporte Técnico y Despacho,logistica_envio,@soyKitty44,2026-03-01 12:14:44,1,True,0,3,2026-03,Resuelto
SESS-251352,Gestion de Cuenta,cambio_plan,@theKitty59,2026-01-10 01:31:54,2,False,1,3,2026-01,Churn
SESS-251534,Acceso y Seguridad,error_login,@soyDev78,2026-03-12 05:16:55,1,True,0,3,2026-03,Resuelto
SESS-251547,Facturación y Cobros,problema_pago,@soyDev70,2025-11-17 19:46:53,1,True,0,3,2025-11,Resuelto
SESS-251581,Facturación y Cobros,problema_pago,@theDev61,2026-03-10 13:18:08,1,True,0,3,2026-03,Resuelto
SESS-251767,Facturación y Cobros,problema_pago,@soyDev44,2026-02-23 03:24:59,1,True,0,3,2026-02,Resuelto
SESS-251842,Gestion de Cuenta,cambio_plan,@soyMarely81,2025-12-07 06:17:42,1,True,0,3,2025-12,Resuelto
SESS-252005,Acceso y Seguridad,error_login,@theDev12,2026-04-19 08:06:38,1,True,0,3,2026-04,Resuelto
SESS-252101,Acceso y Seguridad,error_login,@theKitty52,2026-03-08 15:33:39,2,False,1,3,2026-03,Churn
SESS-252154,Gestion de Cuenta,cambio_plan,@soyMarely23,2026-04-22 05:47:33,1,True,0,3,2026-04,Resuelto
SESS-252294,Facturación y Cobros,problema_pago,@theDev47,2026-01-15 12:43:48,2,False,1,3,2026-01,Churn
SESS-252376,Gestion de Cuenta,cambio_plan,@soyDev99,2026-02-02 01:08:55,2,False,1,3,2026-02,Churn
SESS-252540,Gestion de Cuenta,cambio_plan,@theDev99,2026-04-30 19:39:07,1,True,0,3,2026-04,Resuelto
SESS-252722,Gestion de Cuenta,cambio_plan,@soyMarely78,2026-04-09 02:29:57,1,True,0,3,2026-04,Resuelto
SESS-252765,Soporte Técnico y Despacho,logistica_envio,@soyKitty40,2026-05-02 19:08:18,1,True,0,3,2026-05,Resuelto
SESS-252834,Acceso y Seguridad,error_login,@soyKitty33,2026-02-24 16:28:56,1,True,0,3,2026-02,Resuelto
SESS-252900,Gestion de Cuenta,cambio_plan,@soyKitty68,2026-03-14 02:29:35,2,False,1,3,2026-03,Churn
SESS-252958,Acceso y Seguridad,error_login,@theMarely97,2026-02-27 22:18:05,2,False,1,3,2026-02,Churn
SESS-253061,Acceso y Seguridad,error_login,@theDev28,2025-11-11 06:17:32,1,True,0,3,2025-11,Resuelto
SESS-253149,Soporte Técnico y Despacho,logistica_envio,@theKitty61,2026-03-25 18:28:39,1,True,0,3,2026-03,Resuelto
SESS-253427,Soporte Técnico y Despacho,logistica_envio,@theDev65,2026-03-12 17:11:40,1,True,0,3,2026-03,Resuelto
SESS-253432,Gestion de Cuenta,cambio_plan,@theKitty11,2026-04-24 09:23:29,2,False,1,3,2026-04,Churn
SESS-253451,Acceso y Seguridad,error_login,@soyMarely40,2026-03-30 22:27:19,1,True,0,3,2026-03,Resuelto
SESS-253520,Soporte Técnico y Despacho,logistica_envio,@soyDev83,2026-04-23 12:35:14,1,True,0,3,2026-04,Resuelto
SESS-253635,Soporte Técnico y Despacho,logistica_envio,@soyKitty27,2026-02-23 15:49:58,1,True,0,3,2026-02,Resuelto
SESS-253700,Facturación y Cobros,problema_pago,@theDev29,2026-04-27 17:51:43,2,False,1,3,2026-04,Churn
SESS-253819,Soporte Técnico y Despacho,logistica_envio,@soyMarely95,2025-11-12 21:35:57,1,True,0,3,2025-11,Resuelto
SESS-253912,Gestion de Cuenta,cambio_plan,@soyKitty34,2025-12-30 05:09:26,2,False,1,3,2025-12,Churn
SESS-253922,Acceso y Seguridad,error_login,@theMarely29,2026-03-02 03:57:15,1,True,0,3,2026-03,Resuelto
SESS-254025,Acceso y Seguridad,error_login,@theMarely11,2026-03-17 00:31:52,2,False,1,3,2026-03,Churn
SESS-254120,Facturación y Cobros,problema_pago,@soyDev11,2025-11-19 05:52:18,2,False,1,3,2025-11,Churn
SESS-254565,Gestion de Cuenta,cambio_plan,@theKitty35,2026-02-23 02:29:40,1,True,0,3,2026-02,Resuelto
SESS-254762,Facturación y Cobros,problema_pago,@soyDev81,2026-02-26 11:46:06,2,False,1,3,2026-02,Churn
SESS-255044,Facturación y Cobros,problema_pago,@theKitty43,2025-12-02 13:18:53,1,True,0,3,2025-12,Resuelto
SESS-255424,Facturación y Cobros,problema_pago,@soyDev69,2026-04-06 12:28:32,1,True,0,3,2026-04,Resuelto
SESS-255467,Acceso y Seguridad,error_login,@theDev71,2026-01-01 08:41:30,2,False,1,3,2026-01,Churn
SESS-255533,Soporte Técnico y Despacho,logistica_envio,@theKitty10,2026-04-02 23:26:50,1,True,0,3,2026-04,Resuelto
SESS-255651,Acceso y Seguridad,error_login,@theDev83,2025-12-12 06:31:29,1,True,0,3,2025-12,Resuelto
SESS-255811,Gestion de Cuenta,cambio_plan,@soyDev59,2026-01-15 01:39:30,1,True,0,3,2026-01,Resuelto
SESS-255848,Gestion de Cuenta,cambio_plan,@theKitty97,2025-12-14 22:11:09,1,True,0,3,2025-12,Resuelto
SESS-255879,Soporte Técnico y Despacho,logistica_envio,@soyKitty22,2025-11-21 02:09:31,1,True,0,3,2025-11,Resuelto
SESS-255963,Facturación y Cobros,problema_pago,@soyKitty46,2026-01-22 01:56:39,2,False,1,3,2026-01,Churn
SESS-256030,Gestion de Cuenta,cambio_plan,@theKitty95,2026-05-06 23:56:06,1,True,0,3,2026-05,Resuelto
SESS-256083,Facturación y Cobros,problema_pago,@soyDev88,2025-11-28 01:32:35,2,False,1,3,2025-11,Churn
SESS-256121,Facturación y Cobros,problema_pago,@theKitty79,2025-11-11 08:35:22,1,True,0,3,2025-11,Resuelto
SESS-256213,Acceso y Seguridad,error_login,@theDev86,2026-03-03 13:41:26,1,True,0,3,2026-03,Resuelto
SESS-256289,Facturación y Cobros,problema_pago,@soyKitty36,2025-11-12 04:00:45,1,True,0,3,2025-11,Resuelto
SESS-256394,Facturación y Cobros,problema_pago,@soyKitty37,2025-12-18 04:57:51,1,True,0,3,2025-12,Resuelto
SESS-256466,Acceso y Seguridad,error_login,@soyKitty62,2026-04-05 21:17:34,1,True,0,3,2026-04,Resuelto
SESS-256578,Gestion de Cuenta,cambio_plan,@theDev34,2026-05-04 14:58:00,1,True,0,3,2026-05,Resuelto
SESS-256727,Soporte Técnico y Despacho,logistica_envio,@theMarely61,2026-05-05 16:36:05,1,True,0,3,2026-05,Resuelto
SESS-256739,Soporte Técnico y Despacho,logistica_envio,@theMarely11,2025-11-24 16:08:18,1,True,0,3,2025-11,Resuelto
SESS-256811,Soporte Técnico y Despacho,logistica_envio,@soyKitty28,2026-02-09 19:21:39,2,False,1,3,2026-02,Churn
SESS-256824,Soporte Técnico y Despacho,logistica_envio,@soyMarely20,2025-11-13 02:08:18,1,True,0,3,2025-11,Resuelto
SESS-256904,Facturación y Cobros,problema_pago,@soyKitty48,2025-12-12 21:50:47,2,False,1,3,2025-12,Churn
SESS-256990,Gestion de Cuenta,cambio_plan,@theDev82,2025-12-29 17:21:34,2,False,1,3,2025-12,Churn
SESS-257235,Soporte Técnico y Despacho,logistica_envio,@theMarely99,2026-04-11 01:02:12,1,True,0,3,2026-04,Resuelto
SESS-257267,Acceso y Seguridad,error_login,@theKitty48,2026-02-24 07:58:25,2,False,1,3,2026-02,Churn
SESS-257294,Gestion de Cuenta,cambio_plan,@soyDev12,2025-12-19 22:50:46,2,False,1,3,2025-12,Churn
SESS-257582,Facturación y Cobros,problema_pago,@soyMarely32,2026-01-20 05:55:25,1,True,0,3,2026-01,Resuelto
SESS-257647,Facturación y Cobros,problema_pago,@theDev22,2026-02-19 18:02:38,1,True,0,3,2026-02,Resuelto
SESS-257849,Facturación y Cobros,problema_pago,@soyDev90,2026-03-06 10:47:27,2,False,1,3,2026-03,Churn
SESS-257958,Facturación y Cobros,problema_pago,@soyKitty35,2026-04-01 14:54:03,2,False,1,3,2026-04,Churn
SESS-258107,Soporte Técnico y Despacho,logistica_envio,@theKitty70,2026-01-16 01:20:36,1,True,0,3,2026-01,Resuelto
SESS-258188,Soporte Técnico y Despacho,logistica_envio,@theKitty48,2026-03-18 13:56:23,2,False,1,3,2026-03,Churn
SESS-258219,Acceso y Seguridad,error_login,@theMarely45,2026-01-24 16:14:40,1,True,0,3,2026-01,Resuelto
SESS-258345,Facturación y Cobros,problema_pago,@theMarely41,2026-01-22 01:29:18,2,False,1,3,2026-01,Churn
SESS-258379,Facturación y Cobros,problema_pago,@theDev55,2026-03-22 21:40:04,2,False,1,3,2026-03,Churn
SESS-258539,Facturación y Cobros,problema_pago,@soyDev37,2025-11-25 02:10:43,1,True,0,3,2025-11,Resuelto
SESS-258552,Gestion de Cuenta,cambio_plan,@theMarely27,2025-11-11 19:56:30,2,False,1,3,2025-11,Churn
SESS-258673,Acceso y Seguridad,error_login,@soyDev67,2026-02-28 07:29:19,1,True,0,3,2026-02,Resuelto
SESS-258858,Gestion de Cuenta,cambio_plan,@soyKitty54,2026-03-23 16:02:27,1,True,0,3,2026-03,Resuelto
SESS-259007,Soporte Técnico y Despacho,logistica_envio,@soyMarely26,2026-03-20 04:28:21,1,True,0,3,2026-03,Resuelto
SESS-259013,Gestion de Cuenta,cambio_plan,@theKitty83,2026-02-20 02:01:01,2,False,1,3,2026-02,Churn
SESS-259079,Facturación y Cobros,problema_pago,@theKitty88,2025-12-30 18:48:00,2,False,1,3,2025-12,Churn
SESS-259141,Gestion de Cuenta,cambio_plan,@soyKitty74,2026-01-21 07:12:14,2,False,1,3,2026-01,Churn
SESS-259270,Soporte Técnico y Despacho,logistica_envio,@theKitty26,2025-11-11 18:07:11,2,False,1,3,2025-11,Churn
SESS-259293,Soporte Técnico y Despacho,logistica_envio,@soyDev77,2025-11-21 16:06:57,2,False,1,3,2025-11,Churn
SESS-259573,Soporte Técnico y Despacho,logistica_envio,@soyKitty70,2026-04-18 18:07:23,2,False,1,3,2026-04,Churn
SESS-259704,Facturación y Cobros,problema_pago,@soyMarely21,2026-03-11 19:16:26,2,False,1,3,2026-03,Churn
SESS-259877,Facturación y Cobros,problema_pago,@soyKitty14,2026-03-08 15:49:08,1,True,0,3,2026-03,Resuelto
SESS-259920,Soporte Técnico y Despacho,logistica_envio,@soyMarely96,2026-04-18 19:07:12,2,False,1,3,2026-04,Churn
SESS-259947,Facturación y Cobros,problema_pago,@soyMarely90,2026-01-09 00:55:26,1,True,0,3,2026-01,Resuelto
SESS-259957,Gestion de Cuenta,cambio_plan,@theKitty84,2025-12-17 07:38:27,1,True,0,3,2025-12,Resuelto
SESS-260027,Soporte Técnico y Despacho,logistica_envio,@soyMarely90,2026-04-24 04:55:19,2,False,1,3,2026-04,Churn
SESS-260149,Soporte Técnico y Despacho,logistica_envio,@theDev47,2026-01-05 19:00:42,1,True,0,3,2026-01,Resuelto
SESS-260457,Gestion de Cuenta,cambio_plan,@theMarely79,2026-01-13 16:43:58,1,True,0,3,2026-01,Resuelto
SESS-260653,Soporte Técnico y Despacho,logistica_envio,@soyMarely18,2026-01-06 22:08:20,2,False,1,3,2026-01,Churn
SESS-260669,Acceso y Seguridad,error_login,@theMarely92,2025-12-30 18:12:32,1,True,0,3,2025-12,Resuelto
SESS-260671,Soporte Técnico y Despacho,logistica_envio,@theDev92,2025-12-25 08:47:48,1,True,0,3,2025-12,Resuelto
SESS-260680,Soporte Técnico y Despacho,logistica_envio,@soyMarely98,2026-04-13 10:29:44,2,False,1,3,2026-04,Churn
SESS-260844,Soporte Técnico y Despacho,logistica_envio,@theKitty40,2025-12-05 18:15:51,1,True,0,3,2025-12,Resuelto
SESS-261194,Gestion de Cuenta,cambio_plan,@theMarely42,2026-03-05 04:13:24,2,False,1,3,2026-03,Churn
SESS-261249,Acceso y Seguridad,error_login,@soyMarely57,2026-02-28 21:21:19,2,False,1,3,2026-02,Churn
SESS-261302,Acceso y Seguridad,error_login,@theKitty81,2026-03-29 04:45:22,2,False,1,3,2026-03,Churn
SESS-261467,Soporte Técnico y Despacho,logistica_envio,@theKitty66,2026-04-16 07:46:10,1,True,0,3,2026-04,Resuelto
SESS-261501,Facturación y Cobros,problema_pago,@theDev36,2026-03-15 00:29:10,2,False,1,3,2026-03,Churn
SESS-261526,Facturación y Cobros,problema_pago,@soyMarely81,2025-12-21 04:20:53,1,True,0,3,2025-12,Resuelto
SESS-261529,Acceso y Seguridad,error_login,@soyKitty42,2026-04-20 09:40:06,2,False,1,3,2026-04,Churn
SESS-261649,Gestion de Cuenta,cambio_plan,@theDev82,2025-11-24 07:04:07,1,True,0,3,2025-11,Resuelto
SESS-261676,Soporte Técnico y Despacho,logistica_envio,@soyKitty67,2026-01-27 22:43:47,2,False,1,3,2026-01,Churn
SESS-261860,Soporte Técnico y Despacho,logistica_envio,@soyDev18,2026-01-28 23:19:59,1,True,0,3,2026-01,Resuelto
SESS-262202,Acceso y Seguridad,error_login,@soyDev77,2025-12-30 22:11:51,1,True,0,3,2025-12,Resuelto
SESS-262365,Soporte Técnico y Despacho,logistica_envio,@theMarely73,2026-03-16 20:31:31,1,True,0,3,2026-03,Resuelto
SESS-262395,Soporte Técnico y Despacho,logistica_envio,@soyDev90,2026-01-31 14:01:50,2,False,1,3,2026-01,Churn
SESS-262684,Acceso y Seguridad,error_login,@soyMarely37,2025-12-18 23:56:24,1,True,0,3,2025-12,Resuelto
SESS-262693,Soporte Técnico y Despacho,logistica_envio,@theDev66,2025-12-07 19:53:06,2,False,1,3,2025-12,Churn
SESS-262944,Gestion de Cuenta,cambio_plan,@soyDev18,2026-04-18 14:24:41,1,True,0,3,2026-04,Resuelto
SESS-262961,Gestion de Cuenta,cambio_plan,@theKitty17,2025-12-16 10:56:52,1,True,0,3,2025-12,Resuelto
SESS-262994,Facturación y Cobros,problema_pago,@theMarely80,2025-12-28 20:03:30,1,True,0,3,2025-12,Resuelto
SESS-263074,Gestion de Cuenta,cambio_plan,@theDev90,2025-12-24 19:28:44,1,True,0,3,2025-12,Resuelto
SESS-263186,Acceso y Seguridad,error_login,@soyDev72,2026-03-30 00:16:56,2,False,1,3,2026-03,Churn
SESS-263396,Soporte Técnico y Despacho,logistica_envio,@theDev74,2026-01-23 09:11:28,2,False,1,3,2026-01,Churn
SESS-263445,Soporte Técnico y Despacho,logistica_envio,@theMarely73,2026-03-19 07:40:25,2,False,1,3,2026-03,Churn
SESS-263699,Gestion de Cuenta,cambio_plan,@soyMarely18,2026-02-25 08:16:41,1,True,0,3,2026-02,Resuelto
SESS-263700,Soporte Técnico y Despacho,logistica_envio,@theMarely62,2025-12-15 21:44:05,1,True,0,3,2025-12,Resuelto
SESS-263742,Facturación y Cobros,problema_pago,@theDev75,2026-03-18 10:38:19,1,True,0,3,2026-03,Resuelto
SESS-264065,Soporte Técnico y Despacho,logistica_envio,@theDev31,2025-12-10 04:53:17,2,False,1,3,2025-12,Churn
SESS-264141,Acceso y Seguridad,error_login,@soyMarely16,2026-04-29 20:23:12,2,False,1,3,2026-04,Churn
SESS-264274,Acceso y Seguridad,error_login,@theMarely29,2025-12-31 13:03:46,1,True,0,3,2025-12,Resuelto
SESS-264364,Gestion de Cuenta,cambio_plan,@soyMarely69,2025-12-20 16:13:38,2,False,1,3,2025-12,Churn
SESS-264462,Acceso y Seguridad,error_login,@soyDev56,2025-12-01 19:19:23,2,False,1,3,2025-12,Churn
SESS-264496,Gestion de Cuenta,cambio_plan,@theDev64,2025-12-06 16:09:46,1,True,0,3,2025-12,Resuelto
SESS-264554,Soporte Técnico y Despacho,logistica_envio,@soyDev62,2025-11-29 18:03:29,1,True,0,3,2025-11,Resuelto
SESS-264652,Gestion de Cuenta,cambio_plan,@theKitty92,2025-12-07 14:57:59,1,True,0,3,2025-12,Resuelto
SESS-264750,Facturación y Cobros,problema_pago,@soyKitty78,2026-01-20 08:41:55,2,False,1,3,2026-01,Churn
SESS-264930,Gestion de Cuenta,cambio_plan,@theKitty31,2026-04-27 17:37:28,1,True,0,3,2026-04,Resuelto
SESS-265044,Facturación y Cobros,problema_pago,@soyKitty18,2025-11-23 23:33:20,2,False,1,3,2025-11,Churn
SESS-265116,Soporte Técnico y Despacho,logistica_envio,@theKitty30,2026-01-09 00:41:23,2,False,1,3,2026-01,Churn
SESS-265408,Gestion de Cuenta,cambio_plan,@theDev31,2026-02-16 14:22:27,2,False,1,3,2026-02,Churn
SESS-265619,Facturación y Cobros,problema_pago,@theKitty62,2025-11-20 03:40:21,2,False,1,3,2025-11,Churn
SESS-265969,Facturación y Cobros,problema_pago,@soyMarely30,2026-01-07 13:48:38,1,True,0,3,2026-01,Resuelto
SESS-266005,Facturación y Cobros,problema_pago,@soyKitty75,2026-02-02 05:06:31,1,True,0,3,2026-02,Resuelto
SESS-266213,Soporte Técnico y Despacho,logistica_envio,@soyMarely59,2026-02-04 03:30:51,1,True,0,3,2026-02,Resuelto
SESS-266258,Gestion de Cuenta,cambio_plan,@soyMarely64,2026-01-30 01:08:03,2,False,1,3,2026-01,Churn
SESS-266390,Acceso y Seguridad,error_login,@theMarely63,2026-04-29 22:33:40,2,False,1,3,2026-04,Churn
SESS-266562,Gestion de Cuenta,cambio_plan,@theKitty78,2026-04-03 13:21:12,1,True,0,3,2026-04,Resuelto
SESS-266680,Acceso y Seguridad,error_login,@theKitty97,2025-12-16 22:47:40,1,True,0,3,2025-12,Resuelto
SESS-266754,Facturación y Cobros,problema_pago,@soyDev37,2025-11-13 14:40:53,1,True,0,3,2025-11,Resuelto
SESS-267039,Acceso y Seguridad,error_login,@theKitty60,2025-12-26 02:46:42,1,True,0,3,2025-12,Resuelto
SESS-267098,Gestion de Cuenta,cambio_plan,@soyKitty75,2026-03-20 15:45:39,2,False,1,3,2026-03,Churn
SESS-267192,Soporte Técnico y Despacho,logistica_envio,@theMarely11,2026-04-05 07:55:43,1,True,0,3,2026-04,Resuelto
SESS-267322,Gestion de Cuenta,cambio_plan,@theMarely34,2026-04-22 17:40:02,1,True,0,3,2026-04,Resuelto
SESS-267448,Acceso y Seguridad,error_login,@theKitty82,2026-03-23 02:16:40,1,True,0,3,2026-03,Resuelto
SESS-267534,Acceso y Seguridad,error_login,@theKitty32,2026-04-22 19:27:02,1,True,0,3,2026-04,Resuelto
SESS-267536,Acceso y Seguridad,error_login,@soyKitty66,2026-03-31 03:57:00,2,False,1,3,2026-03,Churn
SESS-267539,Acceso y Seguridad,error_login,@soyMarely59,2026-04-11 07:52:19,1,True,0,3,2026-04,Resuelto
SESS-267660,Gestion de Cuenta,cambio_plan,@theMarely48,2025-12-04 01:24:20,1,True,0,3,2025-12,Resuelto
SESS-267730,Gestion de Cuenta,cambio_plan,@soyMarely54,2025-12-19 06:55:48,2,False,1,3,2025-12,Churn
SESS-267956,Acceso y Seguridad,error_login,@soyKitty68,2026-02-08 13:39:04,1,True,0,3,2026-02,Resuelto
SESS-268041,Acceso y Seguridad,error_login,@theKitty52,2025-12-18 10:55:50,1,True,0,3,2025-12,Resuelto
SESS-268184,Facturación y Cobros,problema_pago,@soyMarely46,2026-02-11 14:39:48,1,True,0,3,2026-02,Resuelto
SESS-268284,Soporte Técnico y Despacho,logistica_envio,@theDev58,2026-01-08 10:03:01,1,True,0,3,2026-01,Resuelto
SESS-268428,Soporte Técnico y Despacho,logistica_envio,@theMarely82,2026-03-16 00:19:41,2,False,1,3,2026-03,Churn
SESS-268444,Facturación y Cobros,problema_pago,@soyKitty83,2026-03-29 01:36:38,1,True,0,3,2026-03,Resuelto
SESS-268472,Acceso y Seguridad,error_login,@soyDev71,2026-03-25 15:25:47,1,True,0,3,2026-03,Resuelto
SESS-268546,Gestion de Cuenta,cambio_plan,@soyDev62,2025-12-27 07:39:02,2,False,1,3,2025-12,Churn
SESS-268644,Facturación y Cobros,problema_pago,@soyKitty74,2026-01-14 18:36:42,2,False,1,3,2026-01,Churn
SESS-268666,Soporte Técnico y Despacho,logistica_envio,@soyDev71,2025-11-25 06:47:45,2,False,1,3,2025-11,Churn
SESS-268693,Soporte Técnico y Despacho,logistica_envio,@theKitty47,2025-11-30 01:45:03,1,True,0,3,2025-11,Resuelto
SESS-268701,Facturación y Cobros,problema_pago,@soyDev71,2025-12-23 09:11:05,1,True,0,3,2025-12,Resuelto
SESS-268718,Soporte Técnico y Despacho,logistica_envio,@theDev87,2025-12-09 05:17:09,1,True,0,3,2025-12,Resuelto
SESS-268876,Soporte Técnico y Despacho,logistica_envio,@soyKitty19,2026-02-12 00:22:08,1,True,0,3,2026-02,Resuelto
SESS-269024,Gestion de Cuenta,cambio_plan,@theMarely94,2026-04-01 22:15:40,2,False,1,3,2026-04,Churn
SESS-269075,Soporte Técnico y Despacho,logistica_envio,@theDev23,2026-03-12 16:40:04,1,True,0,3,2026-03,Resuelto
SESS-269086,Soporte Técnico y Despacho,logistica_envio,@theDev64,2025-12-25 01:18:41,1,True,0,3,2025-12,Resuelto
SESS-269343,Soporte Técnico y Despacho,logistica_envio,@soyMarely49,2026-01-06 15:48:55,2,False,1,3,2026-01,Churn
SESS-269362,Facturación y Cobros,problema_pago,@theDev16,2026-01-19 04:12:58,1,True,0,3,2026-01,Resuelto
SESS-269463,Acceso y Seguridad,error_login,@soyMarely82,2025-11-30 20:59:22,1,True,0,3,2025-11,Resuelto
SESS-269527,Acceso y Seguridad,error_login,@theKitty53,2026-02-27 18:06:38,1,True,0,3,2026-02,Resuelto
SESS-269854,Facturación y Cobros,problema_pago,@theMarely49,2026-04-27 18:31:56,1,True,0,3,2026-04,Resuelto
SESS-269903,Soporte Técnico y Despacho,logistica_envio,@theMarely23,2025-12-24 03:37:00,1,True,0,3,2025-12,Resuelto
SESS-270025,Acceso y Seguridad,error_login,@soyKitty48,2025-11-09 12:19:50,1,True,0,3,2025-11,Resuelto
SESS-270105,Facturación y Cobros,problema_pago,@theKitty44,2026-04-18 08:21:21,1,True,0,3,2026-04,Resuelto
SESS-270178,Gestion de Cuenta,cambio_plan,@theMarely33,2026-01-25 12:20:57,1,True,0,3,2026-01,Resuelto
SESS-270231,Facturación y Cobros,problema_pago,@theKitty65,2026-03-12 10:37:20,1,True,0,3,2026-03,Resuelto
SESS-270413,Facturación y Cobros,problema_pago,@soyDev11,2025-12-29 12:05:13,1,True,0,3,2025-12,Resuelto
SESS-270551,Soporte Técnico y Despacho,logistica_envio,@soyDev49,2026-04-25 17:06:31,1,True,0,3,2026-04,Resuelto
SESS-270774,Gestion de Cuenta,cambio_plan,@soyKitty44,2026-03-22 10:39:06,2,False,1,3,2026-03,Churn
SESS-271005,Soporte Técnico y Despacho,logistica_envio,@theKitty61,2026-04-03 11:20:45,1,True,0,3,2026-04,Resuelto
SESS-271028,Soporte Técnico y Despacho,logistica_envio,@soyMarely53,2026-02-03 18:08:43,1,True,0,3,2026-02,Resuelto
SESS-271309,Gestion de Cuenta,cambio_plan,@theMarely83,2026-01-18 06:06:15,2,False,1,3,2026-01,Churn
SESS-271424,Facturación y Cobros,problema_pago,@soyDev58,2025-11-24 20:45:20,2,False,1,3,2025-11,Churn
SESS-271488,Gestion de Cuenta,cambio_plan,@theMarely26,2026-03-11 23:57:09,1,True,0,3,2026-03,Resuelto
SESS-271645,Gestion de Cuenta,cambio_plan,@theKitty51,2026-03-27 20:30:26,1,True,0,3,2026-03,Resuelto
SESS-271672,Soporte Técnico y Despacho,logistica_envio,@theMarely73,2025-11-10 03:14:43,1,True,0,3,2025-11,Resuelto
SESS-271809,Gestion de Cuenta,cambio_plan,@theKitty38,2026-02-16 14:44:19,1,True,0,3,2026-02,Resuelto
SESS-271886,Acceso y Seguridad,error_login,@theDev25,2025-11-17 21:40:30,1,True,0,3,2025-11,Resuelto
SESS-271942,Gestion de Cuenta,cambio_plan,@soyDev56,2026-03-08 05:26:33,1,True,0,3,2026-03,Resuelto
SESS-271972,Acceso y Seguridad,error_login,@theMarely97,2026-02-14 21:17:47,1,True,0,3,2026-02,Resuelto
SESS-272020,Gestion de Cuenta,cambio_plan,@theDev43,2026-04-18 04:53:21,2,False,1,3,2026-04,Churn
SESS-272127,Gestion de Cuenta,cambio_plan,@soyMarely34,2026-03-19 19:11:53,1,True,0,3,2026-03,Resuelto
SESS-272282,Acceso y Seguridad,error_login,@soyDev53,2025-12-30 05:42:11,1,True,0,3,2025-12,Resuelto
SESS-272297,Facturación y Cobros,problema_pago,@theMarely49,2025-11-20 01:05:26,1,True,0,3,2025-11,Resuelto
SESS-272489,Soporte Técnico y Despacho,logistica_envio,@theKitty17,2026-01-25 20:51:01,1,True,0,3,2026-01,Resuelto
SESS-272504,Facturación y Cobros,problema_pago,@soyDev55,2026-02-04 02:00:56,1,True,0,3,2026-02,Resuelto
SESS-272583,Facturación y Cobros,problema_pago,@soyMarely24,2026-02-15 04:56:36,1,True,0,3,2026-02,Resuelto
SESS-272959,Soporte Técnico y Despacho,logistica_envio,@theMarely25,2026-02-14 23:35:07,1,True,0,3,2026-02,Resuelto
SESS-273242,Acceso y Seguridad,error_login,@soyKitty44,2026-03-22 04:23:41,2,False,1,3,2026-03,Churn
SESS-273366,Facturación y Cobros,problema_pago,@soyDev61,2026-03-12 11:36:36,1,True,0,3,2026-03,Resuelto
SESS-273433,Soporte Técnico y Despacho,logistica_envio,@theKitty47,2025-12-17 08:47:09,1,True,0,3,2025-12,Resuelto
SESS-273437,Acceso y Seguridad,error_login,@soyMarely64,2026-02-02 15:24:17,1,True,0,3,2026-02,Resuelto
SESS-273684,Acceso y Seguridad,error_login,@theDev67,2026-04-11 08:03:11,1,True,0,3,2026-04,Resuelto
SESS-273804,Soporte Técnico y Despacho,logistica_envio,@theDev40,2026-04-09 14:14:48,2,False,1,3,2026-04,Churn
SESS-273908,Facturación y Cobros,problema_pago,@theKitty78,2025-11-21 08:41:28,1,True,0,3,2025-11,Resuelto
SESS-273945,Facturación y Cobros,problema_pago,@soyDev29,2026-02-08 08:34:29,1,True,0,3,2026-02,Resuelto
SESS-274038,Facturación y Cobros,problema_pago,@theKitty96,2026-02-23 01:14:31,2,False,1,3,2026-02,Churn
SESS-274052,Soporte Técnico y Despacho,logistica_envio,@theKitty38,2026-03-12 15:12:34,2,False,1,3,2026-03,Churn
SESS-274207,Facturación y Cobros,problema_pago,@theKitty73,2026-04-03 10:21:34,1,True,0,3,2026-04,Resuelto
SESS-274273,Gestion de Cuenta,cambio_plan,@soyDev61,2026-03-13 02:20:58,1,True,0,3,2026-03,Resuelto
SESS-274410,Facturación y Cobros,problema_pago,@theKitty56,2025-12-21 00:59:04,2,False,1,3,2025-12,Churn
SESS-274476,Gestion de Cuenta,cambio_plan,@soyKitty89,2025-11-27 22:53:01,1,True,0,3,2025-11,Resuelto
SESS-274551,Facturación y Cobros,problema_pago,@theKitty97,2026-05-06 06:59:06,1,True,0,3,2026-05,Resuelto
SESS-274652,Soporte Técnico y Despacho,logistica_envio,@theDev15,2026-04-25 02:17:40,1,True,0,3,2026-04,Resuelto
SESS-274664,Soporte Técnico y Despacho,logistica_envio,@soyMarely35,2025-12-07 10:12:15,2,False,1,3,2025-12,Churn
SESS-275021,Soporte Técnico y Despacho,logistica_envio,@theKitty26,2026-01-05 22:49:14,1,True,0,3,2026-01,Resuelto
SESS-275063,Gestion de Cuenta,cambio_plan,@soyMarely69,2026-04-24 20:38:42,2,False,1,3,2026-04,Churn
SESS-275227,Gestion de Cuenta,cambio_plan,@theKitty81,2026-04-16 19:25:01,2,False,1,3,2026-04,Churn
SESS-275461,Gestion de Cuenta,cambio_plan,@theMarely22,2025-12-22 20:19:52,2,False,1,3,2025-12,Churn
SESS-275980,Facturación y Cobros,problema_pago,@theDev81,2026-04-15 23:01:11,2,False,1,3,2026-04,Churn
SESS-276139,Facturación y Cobros,problema_pago,@theKitty42,2025-11-14 15:06:33,2,False,1,3,2025-11,Churn
SESS-276186,Acceso y Seguridad,error_login,@theDev70,2026-03-16 16:24:19,2,False,1,3,2026-03,Churn
SESS-276280,Soporte Técnico y Despacho,logistica_envio,@soyMarely45,2026-04-05 07:23:14,1,True,0,3,2026-04,Resuelto
SESS-276304,Acceso y Seguridad,error_login,@soyKitty90,2025-12-14 04:58:18,2,False,1,3,2025-12,Churn
SESS-276306,Facturación y Cobros,problema_pago,@soyMarely44,2026-01-31 10:22:15,1,True,0,3,2026-01,Resuelto
SESS-276317,Gestion de Cuenta,cambio_plan,@soyMarely50,2026-02-07 21:08:47,1,True,0,3,2026-02,Resuelto
SESS-276592,Acceso y Seguridad,error_login,@theMarely80,2026-02-06 10:11:00,2,False,1,3,2026-02,Churn
SESS-276633,Gestion de Cuenta,cambio_plan,@soyKitty46,2026-01-28 07:55:22,2,False,1,3,2026-01,Churn
SESS-276740,Facturación y Cobros,problema_pago,@soyDev34,2026-03-10 17:35:49,1,True,0,3,2026-03,Resuelto
SESS-277230,Facturación y Cobros,problema_pago,@soyDev90,2026-02-17 04:34:47,2,False,1,3,2026-02,Churn
SESS-277469,Gestion de Cuenta,cambio_plan,@soyMarely28,2026-04-15 23:53:40,1,True,0,3,2026-04,Resuelto
SESS-277628,Facturación y Cobros,problema_pago,@theKitty31,2026-02-27 18:45:21,2,False,1,3,2026-02,Churn
SESS-277697,Gestion de Cuenta,cambio_plan,@theMarely80,2026-03-30 13:10:13,1,True,0,3,2026-03,Resuelto
SESS-277803,Acceso y Seguridad,error_login,@theMarely50,2025-12-07 01:11:11,1,True,0,3,2025-12,Resuelto
SESS-277839,Acceso y Seguridad,error_login,@theKitty24,2026-03-12 16:47:22,1,True,0,3,2026-03,Resuelto
SESS-277998,Gestion de Cuenta,cambio_plan,@soyDev11,2025-12-13 07:37:58,1,True,0,3,2025-12,Resuelto
SESS-278005,Facturación y Cobros,problema_pago,@soyMarely20,2026-03-20 04:16:00,1,True,0,3,2026-03,Resuelto
SESS-278070,Acceso y Seguridad,error_login,@theDev48,2026-04-14 23:44:10,1,True,0,3,2026-04,Resuelto
SESS-278092,Facturación y Cobros,problema_pago,@theKitty99,2026-01-27 22:49:28,1,True,0,3,2026-01,Resuelto
SESS-278154,Soporte Técnico y Despacho,logistica_envio,@soyDev43,2026-02-02 05:03:35,1,True,0,3,2026-02,Resuelto
SESS-278319,Soporte Técnico y Despacho,logistica_envio,@soyMarely18,2026-04-22 10:36:25,1,True,0,3,2026-04,Resuelto
SESS-278371,Facturación y Cobros,problema_pago,@theDev34,2026-01-18 21:52:01,1,True,0,3,2026-01,Resuelto
SESS-278592,Facturación y Cobros,problema_pago,@theKitty28,2025-12-15 05:02:57,1,True,0,3,2025-12,Resuelto
SESS-278795,Gestion de Cuenta,cambio_plan,@theMarely96,2025-11-18 07:35:33,1,True,0,3,2025-11,Resuelto
SESS-278987,Gestion de Cuenta,cambio_plan,@theMarely94,2026-01-29 06:25:40,1,True,0,3,2026-01,Resuelto
SESS-279011,Gestion de Cuenta,cambio_plan,@soyKitty83,2026-05-06 20:05:18,1,True,0,3,2026-05,Resuelto
SESS-279066,Gestion de Cuenta,cambio_plan,@theMarely15,2025-11-16 22:56:35,1,True,0,3,2025-11,Resuelto
SESS-279753,Gestion de Cuenta,cambio_plan,@theMarely36,2025-11-21 09:38:39,1,True,0,3,2025-11,Resuelto
SESS-279869,Acceso y Seguridad,error_login,@soyDev52,2026-04-09 06:30:41,2,False,1,3,2026-04,Churn
SESS-279971,Acceso y Seguridad,error_login,@theMarely14,2026-04-24 12:42:01,1,True,0,3,2026-04,Resuelto
SESS-280002,Acceso y Seguridad,error_login,@soyKitty11,2026-01-23 10:46:54,1,True,0,3,2026-01,Resuelto
SESS-280065,Soporte Técnico y Despacho,logistica_envio,@soyKitty60,2026-02-27 09:01:22,1,True,0,3,2026-02,Resuelto
SESS-280171,Acceso y Seguridad,error_login,@theMarely11,2026-03-26 05:09:08,1,True,0,3,2026-03,Resuelto
SESS-280182,Gestion de Cuenta,cambio_plan,@theMarely99,2025-12-31 10:35:25,2,False,1,3,2025-12,Churn
SESS-280185,Soporte Técnico y Despacho,logistica_envio,@theKitty83,2026-02-24 00:10:33,1,True,0,3,2026-02,Resuelto
SESS-280213,Soporte Técnico y Despacho,logistica_envio,@theDev71,2026-05-05 01:42:10,1,True,0,3,2026-05,Resuelto
SESS-280332,Soporte Técnico y Despacho,logistica_envio,@soyKitty89,2026-04-01 00:18:48,2,False,1,3,2026-04,Churn
SESS-280390,Acceso y Seguridad,error_login,@theMarely33,2026-02-15 17:46:44,1,True,0,3,2026-02,Resuelto
SESS-280623,Soporte Técnico y Despacho,logistica_envio,@soyDev53,2025-11-10 04:05:09,2,False,1,3,2025-11,Churn
SESS-280650,Facturación y Cobros,problema_pago,@soyMarely83,2026-02-23 01:03:57,1,True,0,3,2026-02,Resuelto
SESS-280671,Gestion de Cuenta,cambio_plan,@theMarely57,2026-04-23 02:30:06,1,True,0,3,2026-04,Resuelto
SESS-280682,Gestion de Cuenta,cambio_plan,@theKitty24,2026-03-08 15:49:14,2,False,1,3,2026-03,Churn
SESS-280687,Facturación y Cobros,problema_pago,@soyKitty75,2026-04-16 05:33:45,1,True,0,3,2026-04,Resuelto
SESS-280935,Acceso y Seguridad,error_login,@soyDev93,2026-03-10 16:30:46,2,False,1,3,2026-03,Churn
SESS-280951,Soporte Técnico y Despacho,logistica_envio,@theDev32,2025-12-11 10:49:44,2,False,1,3,2025-12,Churn
SESS-280959,Acceso y Seguridad,error_login,@soyKitty61,2026-02-28 15:35:31,1,True,0,3,2026-02,Resuelto
SESS-281009,Soporte Técnico y Despacho,logistica_envio,@theMarely15,2026-03-30 15:08:31,1,True,0,3,2026-03,Resuelto
SESS-281240,Facturación y Cobros,problema_pago,@soyMarely19,2026-04-16 12:28:23,1,True,0,3,2026-04,Resuelto
SESS-281425,Facturación y Cobros,problema_pago,@theKitty61,2026-03-30 00:49:47,2,False,1,3,2026-03,Churn
SESS-281860,Acceso y Seguridad,error_login,@theMarely72,2026-03-09 05:39:14,1,True,0,3,2026-03,Resuelto
SESS-282085,Facturación y Cobros,problema_pago,@theMarely87,2026-03-04 17:17:17,1,True,0,3,2026-03,Resuelto
SESS-282150,Acceso y Seguridad,error_login,@soyKitty71,2025-11-10 17:05:20,2,False,1,3,2025-11,Churn
SESS-282365,Gestion de Cuenta,cambio_plan,@soyKitty57,2025-12-20 15:05:01,2,False,1,3,2025-12,Churn
SESS-282545,Gestion de Cuenta,cambio_plan,@theDev19,2026-04-27 21:59:11,1,True,0,3,2026-04,Resuelto
SESS-282753,Acceso y Seguridad,error_login,@soyMarely77,2026-02-02 11:01:40,1,True,0,3,2026-02,Resuelto
SESS-282976,Soporte Técnico y Despacho,logistica_envio,@theMarely69,2026-03-10 03:32:03,1,True,0,3,2026-03,Resuelto
SESS-283179,Gestion de Cuenta,cambio_plan,@theDev69,2025-12-18 15:14:44,1,True,0,3,2025-12,Resuelto
SESS-283315,Acceso y Seguridad,error_login,@theKitty69,2026-01-22 14:24:25,1,True,0,3,2026-01,Resuelto
SESS-283364,Acceso y Seguridad,error_login,@theDev66,2026-02-20 01:56:57,1,True,0,3,2026-02,Resuelto
SESS-283490,Facturación y Cobros,problema_pago,@soyDev98,2026-02-03 17:48:45,1,True,0,3,2026-02,Resuelto
SESS-283524,Facturación y Cobros,problema_pago,@theKitty83,2026-04-05 04:17:42,1,True,0,3,2026-04,Resuelto
SESS-284009,Gestion de Cuenta,cambio_plan,@soyKitty66,2026-04-04 14:30:08,1,True,0,3,2026-04,Resuelto
SESS-284020,Acceso y Seguridad,error_login,@theMarely70,2026-02-19 11:26:58,2,False,1,3,2026-02,Churn
SESS-284074,Facturación y Cobros,problema_pago,@theMarely13,2026-03-10 11:03:23,1,True,0,3,2026-03,Resuelto
SESS-284227,Soporte Técnico y Despacho,logistica_envio,@theMarely77,2026-04-20 10:08:32,1,True,0,3,2026-04,Resuelto
SESS-284776,Gestion de Cuenta,cambio_plan,@theKitty54,2025-12-26 09:17:34,1,True,0,3,2025-12,Resuelto
SESS-284862,Soporte Técnico y Despacho,logistica_envio,@soyMarely79,2026-01-15 18:04:24,1,True,0,3,2026-01,Resuelto
SESS-285039,Facturación y Cobros,problema_pago,@soyMarely26,2025-12-31 12:43:54,1,True,0,3,2025-12,Resuelto
SESS-285083,Acceso y Seguridad,error_login,@soyKitty76,2025-12-08 04:05:37,1,True,0,3,2025-12,Resuelto
SESS-285236,Facturación y Cobros,problema_pago,@theMarely72,2026-02-04 18:05:41,1,True,0,3,2026-02,Resuelto
SESS-285266,Facturación y Cobros,problema_pago,@theKitty34,2026-01-10 04:03:03,2,False,1,3,2026-01,Churn
SESS-285510,Soporte Técnico y Despacho,logistica_envio,@soyDev86,2026-02-10 05:26:56,2,False,1,3,2026-02,Churn
SESS-285629,Soporte Técnico y Despacho,logistica_envio,@theMarely48,2026-01-31 03:08:38,1,True,0,3,2026-01,Resuelto
SESS-285723,Facturación y Cobros,problema_pago,@theMarely10,2025-12-17 09:09:23,1,True,0,3,2025-12,Resuelto
SESS-285932,Acceso y Seguridad,error_login,@theMarely90,2026-03-27 08:36:07,2,False,1,3,2026-03,Churn
SESS-285933,Facturación y Cobros,problema_pago,@soyKitty45,2026-01-15 01:34:18,2,False,1,3,2026-01,Churn
SESS-285984,Acceso y Seguridad,error_login,@theKitty40,2026-04-29 05:14:47,1,True,0,3,2026-04,Resuelto
SESS-286187,Gestion de Cuenta,cambio_plan,@soyKitty80,2025-12-29 17:13:08,1,True,0,3,2025-12,Resuelto
SESS-286226,Acceso y Seguridad,error_login,@soyMarely30,2026-01-28 14:16:13,1,True,0,3,2026-01,Resuelto
SESS-286436,Gestion de Cuenta,cambio_plan,@soyKitty43,2026-03-14 07:57:55,1,True,0,3,2026-03,Resuelto
SESS-286569,Acceso y Seguridad,error_login,@soyMarely80,2026-01-21 19:37:26,1,True,0,3,2026-01,Resuelto
SESS-286618,Acceso y Seguridad,error_login,@soyDev63,2026-02-27 17:41:19,1,True,0,3,2026-02,Resuelto
SESS-286683,Soporte Técnico y Despacho,logistica_envio,@soyMarely36,2026-02-16 09:21:12,1,True,0,3,2026-02,Resuelto
SESS-286930,Gestion de Cuenta,cambio_plan,@theKitty40,2026-01-24 11:19:10,1,True,0,3,2026-01,Resuelto
SESS-287008,Soporte Técnico y Despacho,logistica_envio,@soyKitty76,2026-04-30 18:09:37,1,True,0,3,2026-04,Resuelto
SESS-287181,Soporte Técnico y Despacho,logistica_envio,@theMarely17,2026-04-08 00:15:39,1,True,0,3,2026-04,Resuelto
SESS-287395,Soporte Técnico y Despacho,logistica_envio,@theDev92,2025-12-15 22:39:28,1,True,0,3,2025-12,Resuelto
SESS-287426,Acceso y Seguridad,error_login,@soyKitty12,2026-03-07 20:45:03,1,True,0,3,2026-03,Resuelto
SESS-287430,Facturación y Cobros,problema_pago,@soyMarely68,2025-12-11 01:40:19,2,False,1,3,2025-12,Churn
SESS-287461,Soporte Técnico y Despacho,logistica_envio,@soyDev25,2026-02-19 08:56:44,1,True,0,3,2026-02,Resuelto
SESS-287867,Gestion de Cuenta,cambio_plan,@theDev96,2025-11-11 14:56:46,1,True,0,3,2025-11,Resuelto
SESS-287961,Acceso y Seguridad,error_login,@soyMarely13,2026-02-28 21:32:56,1,True,0,3,2026-02,Resuelto
SESS-288284,Acceso y Seguridad,error_login,@soyDev45,2025-12-21 00:34:55,1,True,0,3,2025-12,Resuelto
SESS-288289,Gestion de Cuenta,cambio_plan,@theDev51,2026-01-07 00:29:11,2,False,1,3,2026-01,Churn
SESS-288360,Soporte Técnico y Despacho,logistica_envio,@soyDev92,2025-12-28 08:40:53,2,False,1,3,2025-12,Churn
SESS-288410,Facturación y Cobros,problema_pago,@theDev66,2025-11-19 15:20:36,1,True,0,3,2025-11,Resuelto
SESS-288492,Gestion de Cuenta,cambio_plan,@soyDev48,2026-04-11 22:50:17,1,True,0,3,2026-04,Resuelto
SESS-288528,Soporte Técnico y Despacho,logistica_envio,@theMarely13,2026-03-21 17:43:45,2,False,1,3,2026-03,Churn
SESS-288739,Gestion de Cuenta,cambio_plan,@theKitty39,2026-03-30 15:22:45,2,False,1,3,2026-03,Churn
SESS-289038,Gestion de Cuenta,cambio_plan,@theKitty36,2025-11-13 02:09:53,2,False,1,3,2025-11,Churn
SESS-289165,Facturación y Cobros,problema_pago,@theDev20,2025-12-31 07:38:57,2,False,1,3,2025-12,Churn
SESS-289298,Soporte Técnico y Despacho,logistica_envio,@theKitty93,2026-03-01 18:42:50,2,False,1,3,2026-03,Churn
SESS-289412,Gestion de Cuenta,cambio_plan,@theMarely60,2026-03-29 12:28:10,1,True,0,3,2026-03,Resuelto
SESS-289716,Soporte Técnico y Despacho,logistica_envio,@soyMarely59,2026-03-29 23:43:40,2,False,1,3,2026-03,Churn
SESS-289793,Facturación y Cobros,problema_pago,@theMarely22,2026-05-03 19:15:24,1,True,0,3,2026-05,Resuelto
SESS-290198,Gestion de Cuenta,cambio_plan,@theKitty82,2026-01-02 22:13:38,1,True,0,3,2026-01,Resuelto
SESS-290211,Acceso y Seguridad,error_login,@soyKitty65,2026-04-06 09:59:27,1,True,0,3,2026-04,Resuelto
SESS-290315,Gestion de Cuenta,cambio_plan,@soyMarely26,2025-12-04 07:29:40,1,True,0,3,2025-12,Resuelto
SESS-290433,Soporte Técnico y Despacho,logistica_envio,@soyMarely47,2025-12-23 07:03:33,1,True,0,3,2025-12,Resuelto
SESS-290642,Soporte Técnico y Despacho,logistica_envio,@soyDev74,2026-04-07 03:00:54,1,True,0,3,2026-04,Resuelto
SESS-290684,Gestion de Cuenta,cambio_plan,@soyMarely82,2026-03-07 16:23:07,2,False,1,3,2026-03,Churn
SESS-290896,Gestion de Cuenta,cambio_plan,@soyMarely54,2026-05-02 06:14:13,1,True,0,3,2026-05,Resuelto
SESS-290963,Gestion de Cuenta,cambio_plan,@soyKitty24,2026-02-06 04:32:02,2,False,1,3,2026-02,Churn
SESS-291101,Soporte Técnico y Despacho,logistica_envio,@soyKitty20,2026-04-23 20:52:06,1,True,0,3,2026-04,Resuelto
SESS-291194,Gestion de Cuenta,cambio_plan,@theDev93,2025-12-01 08:49:27,1,True,0,3,2025-12,Resuelto
SESS-291368,Gestion de Cuenta,cambio_plan,@soyKitty31,2026-01-14 11:26:25,1,True,0,3,2026-01,Resuelto
SESS-291728,Soporte Técnico y Despacho,logistica_envio,@soyDev36,2026-02-21 18:51:41,1,True,0,3,2026-02,Resuelto
SESS-292257,Facturación y Cobros,problema_pago,@soyKitty31,2026-01-10 21:08:02,1,True,0,3,2026-01,Resuelto
SESS-292266,Soporte Técnico y Despacho,logistica_envio,@soyMarely18,2025-12-11 22:36:15,1,True,0,3,2025-12,Resuelto
SESS-292425,Facturación y Cobros,problema_pago,@soyDev40,2026-04-28 06:34:46,2,False,1,3,2026-04,Churn
SESS-292586,Soporte Técnico y Despacho,logistica_envio,@soyDev76,2026-05-05 20:16:18,1,True,0,3,2026-05,Resuelto
SESS-292751,Facturación y Cobros,problema_pago,@soyDev17,2026-04-29 18:19:22,1,True,0,3,2026-04,Resuelto
SESS-292793,Gestion de Cuenta,cambio_plan,@soyMarely93,2026-03-16 07:02:15,1,True,0,3,2026-03,Resuelto
SESS-292828,Facturación y Cobros,problema_pago,@theKitty76,2026-04-26 13:27:41,1,True,0,3,2026-04,Resuelto
SESS-292937,Acceso y Seguridad,error_login,@theKitty32,2025-12-01 06:32:30,2,False,1,3,2025-12,Churn
SESS-292998,Gestion de Cuenta,cambio_plan,@soyDev43,2025-12-13 14:20:23,1,True,0,3,2025-12,Resuelto
SESS-293031,Facturación y Cobros,problema_pago,@soyDev79,2025-12-02 15:32:44,1,True,0,3,2025-12,Resuelto
SESS-293304,Facturación y Cobros,problema_pago,@theDev63,2026-02-22 06:50:17,2,False,1,3,2026-02,Churn
SESS-293398,Acceso y Seguridad,error_login,@soyDev17,2025-11-30 02:26:28,2,False,1,3,2025-11,Churn
SESS-293426,Soporte Técnico y Despacho,logistica_envio,@theKitty61,2025-12-21 03:51:06,2,False,1,3,2025-12,Churn
SESS-293456,Facturación y Cobros,problema_pago,@soyMarely28,2025-12-20 00:21:00,1,True,0,3,2025-12,Resuelto
SESS-293568,Acceso y Seguridad,error_login,@soyKitty98,2025-12-20 00:08:43,1,True,0,3,2025-12,Resuelto
SESS-293580,Soporte Técnico y Despacho,logistica_envio,@theMarely89,2026-01-24 14:10:58,1,True,0,3,2026-01,Resuelto
SESS-293763,Facturación y Cobros,problema_pago,@soyDev19,2026-03-27 02:01:02,1,True,0,3,2026-03,Resuelto
SESS-293796,Facturación y Cobros,problema_pago,@theDev46,2026-03-26 00:17:20,1,True,0,3,2026-03,Resuelto
SESS-293868,Gestion de Cuenta,cambio_plan,@soyKitty55,2026-01-23 17:37:41,1,True,0,3,2026-01,Resuelto
SESS-293978,Soporte Técnico y Despacho,logistica_envio,@soyKitty77,2026-03-08 06:25:48,1,True,0,3,2026-03,Resuelto
SESS-294118,Acceso y Seguridad,error_login,@soyKitty33,2026-01-01 09:16:20,1,True,0,3,2026-01,Resuelto
SESS-294777,Soporte Técnico y Despacho,logistica_envio,@soyDev32,2025-11-08 22:51:23,1,True,0,3,2025-11,Resuelto
SESS-295233,Soporte Técnico y Despacho,logistica_envio,@soyDev78,2026-03-17 05:40:36,2,False,1,3,2026-03,Churn
SESS-295355,Gestion de Cuenta,cambio_plan,@soyDev59,2026-02-12 01:27:03,1,True,0,3,2026-02,Resuelto
SESS-295558,Facturación y Cobros,problema_pago,@soyMarely52,2026-04-13 17:39:31,1,True,0,3,2026-04,Resuelto
SESS-295883,Soporte Técnico y Despacho,logistica_envio,@theDev12,2026-02-09 22:00:19,2,False,1,3,2026-02,Churn
SESS-295921,Soporte Técnico y Despacho,logistica_envio,@theMarely97,2025-12-26 15:31:14,1,True,0,3,2025-12,Resuelto
SESS-295929,Gestion de Cuenta,cambio_plan,@theDev47,2026-01-21 07:42:07,1,True,0,3,2026-01,Resuelto
SESS-296206,Gestion de Cuenta,cambio_plan,@soyMarely14,2025-11-08 13:00:10,1,True,0,3,2025-11,Resuelto
SESS-296250,Acceso y Seguridad,error_login,@soyMarely93,2025-12-06 13:42:51,1,True,0,3,2025-12,Resuelto
SESS-296258,Gestion de Cuenta,cambio_plan,@soyKitty11,2025-12-18 19:57:27,2,False,1,3,2025-12,Churn
SESS-296262,Gestion de Cuenta,cambio_plan,@soyMarely15,2026-04-18 12:31:24,1,True,0,3,2026-04,Resuelto
SESS-296709,Facturación y Cobros,problema_pago,@theMarely53,2025-11-18 23:08:35,2,False,1,3,2025-11,Churn
SESS-296715,Soporte Técnico y Despacho,logistica_envio,@theKitty82,2026-01-05 11:27:16,2,False,1,3,2026-01,Churn
SESS-296755,Soporte Técnico y Despacho,logistica_envio,@soyMarely14,2025-12-02 22:34:43,1,True,0,3,2025-12,Resuelto
SESS-296858,Acceso y Seguridad,error_login,@soyMarely43,2026-01-17 21:35:49,2,False,1,3,2026-01,Churn
SESS-296916,Facturación y Cobros,problema_pago,@soyMarely39,2026-02-15 18:55:37,1,True,0,3,2026-02,Resuelto
SESS-297061,Facturación y Cobros,problema_pago,@theDev11,2026-01-09 05:32:49,1,True,0,3,2026-01,Resuelto
SESS-297298,Acceso y Seguridad,error_login,@theDev16,2025-11-14 06:22:42,2,False,1,3,2025-11,Churn
SESS-297438,Facturación y Cobros,problema_pago,@theMarely18,2026-02-28 00:37:30,1,True,0,3,2026-02,Resuelto
SESS-297462,Facturación y Cobros,problema_pago,@theKitty89,2026-01-22 22:28:59,1,True,0,3,2026-01,Resuelto
SESS-297583,Soporte Técnico y Despacho,logistica_envio,@soyKitty83,2026-03-25 09:36:17,1,True,0,3,2026-03,Resuelto
SESS-297963,Facturación y Cobros,problema_pago,@soyDev70,2025-12-12 17:03:00,2,False,1,3,2025-12,Churn
SESS-298112,Gestion de Cuenta,cambio_plan,@soyDev28,2026-02-23 20:16:30,2,False,1,3,2026-02,Churn
SESS-298295,Soporte Técnico y Despacho,logistica_envio,@theMarely15,2026-04-07 20:27:56,2,False,1,3,2026-04,Churn
SESS-298448,Gestion de Cuenta,cambio_plan,@theMarely29,2026-01-25 15:37:57,1,True,0,3,2026-01,Resuelto
SESS-298511,Gestion de Cuenta,cambio_plan,@theDev40,2026-03-25 01:11:59,1,True,0,3,2026-03,Resuelto
SESS-298523,Facturación y Cobros,problema_pago,@soyKitty68,2026-04-11 14:04:20,1,True,0,3,2026-04,Resuelto
SESS-298911,Soporte Técnico y Despacho,logistica_envio,@theMarely73,2025-12-30 05:59:07,2,False,1,3,2025-12,Churn
SESS-298916,Facturación y Cobros,problema_pago,@soyKitty15,2026-04-14 07:51:35,1,True,0,3,2026-04,Resuelto
SESS-299066,Soporte Técnico y Despacho,logistica_envio,@soyKitty81,2026-01-11 19:14:08,2,False,1,3,2026-01,Churn
SESS-299479,Facturación y Cobros,problema_pago,@soyKitty66,2025-11-27 12:02:36,1,True,0,3,2025-11,Resuelto
SESS-299538,Gestion de Cuenta,cambio_plan,@soyKitty16,2026-03-30 19:25:32,1,True,0,3,2026-03,Resuelto
SESS-299557,Acceso y Seguridad,error_login,@soyDev60,2026-02-09 16:18:57,1,True,0,3,2026-02,Resuelto
SESS-299657,Facturación y Cobros,problema_pago,@theKitty32,2025-11-27 08:08:07,1,True,0,3,2025-11,Resuelto
SESS-299709,Facturación y Cobros,problema_pago,@soyDev86,2026-04-06 21:34:59,2,False,1,3,2026-04,Churn
SESS-299915,Acceso y Seguridad,error_login,@soyMarely70,2026-01-09 10:55:56,1,True,0,3,2026-01,Resuelto
SESS-300049,Facturación y Cobros,problema_pago,@theKitty23,2026-03-24 13:12:15,1,True,0,3,2026-03,Resuelto
SESS-300062,Facturación y Cobros,problema_pago,@theKitty21,2026-04-21 21:07:34,1,True,0,3,2026-04,Resuelto
SESS-300284,Gestion de Cuenta,cambio_plan,@theMarely69,2026-01-04 12:26:49,1,True,0,3,2026-01,Resuelto
SESS-300434,Soporte Técnico y Despacho,logistica_envio,@soyMarely44,2025-11-19 22:02:56,1,True,0,3,2025-11,Resuelto
SESS-300483,Facturación y Cobros,problema_pago,@theMarely84,2026-02-12 02:40:06,1,True,0,3,2026-02,Resuelto
SESS-300509,Gestion de Cuenta,cambio_plan,@theKitty75,2026-03-12 19:23:27,1,True,0,3,2026-03,Resuelto
SESS-300712,Acceso y Seguridad,error_login,@soyDev37,2026-05-06 21:16:21,2,False,1,3,2026-05,Churn
SESS-300811,Soporte Técnico y Despacho,logistica_envio,@soyDev84,2026-01-06 21:03:33,1,True,0,3,2026-01,Resuelto
SESS-300962,Acceso y Seguridad,error_login,@soyDev68,2026-03-02 18:05:20,1,True,0,3,2026-03,Resuelto
SESS-301185,Facturación y Cobros,problema_pago,@theDev59,2026-05-02 21:48:44,1,True,0,3,2026-05,Resuelto
SESS-301198,Soporte Técnico y Despacho,logistica_envio,@theKitty37,2026-04-13 06:40:41,1,True,0,3,2026-04,Resuelto
SESS-301296,Gestion de Cuenta,cambio_plan,@theMarely78,2026-02-04 00:24:31,2,False,1,3,2026-02,Churn
SESS-301647,Gestion de Cuenta,cambio_plan,@soyKitty96,2026-03-30 05:32:08,1,True,0,3,2026-03,Resuelto
SESS-302088,Acceso y Seguridad,error_login,@theMarely67,2026-01-30 03:53:08,2,False,1,3,2026-01,Churn
SESS-302443,Soporte Técnico y Despacho,logistica_envio,@soyMarely95,2025-11-10 23:11:23,1,True,0,3,2025-11,Resuelto
SESS-302766,Gestion de Cuenta,cambio_plan,@soyMarely12,2026-01-02 17:07:44,1,True,0,3,2026-01,Resuelto
SESS-302805,Facturación y Cobros,problema_pago,@soyMarely44,2026-03-31 13:31:04,2,False,1,3,2026-03,Churn
SESS-302897,Gestion de Cuenta,cambio_plan,@theKitty51,2026-02-03 19:53:19,1,True,0,3,2026-02,Resuelto
SESS-302998,Gestion de Cuenta,cambio_plan,@theDev19,2026-02-26 07:43:48,1,True,0,3,2026-02,Resuelto
SESS-303078,Facturación y Cobros,problema_pago,@soyMarely80,2026-01-16 18:30:57,2,False,1,3,2026-01,Churn
SESS-303487,Soporte Técnico y Despacho,logistica_envio,@soyKitty56,2025-12-09 01:27:30,2,False,1,3,2025-12,Churn
SESS-304045,Facturación y Cobros,problema_pago,@theMarely93,2026-03-11 02:38:52,2,False,1,3,2026-03,Churn
SESS-304158,Acceso y Seguridad,error_login,@soyMarely87,2026-02-27 05:31:15,1,True,0,3,2026-02,Resuelto
SESS-304592,Acceso y Seguridad,error_login,@theKitty84,2026-03-09 13:07:51,1,True,0,3,2026-03,Resuelto
SESS-304625,Acceso y Seguridad,error_login,@soyMarely13,2026-02-11 02:49:10,2,False,1,3,2026-02,Churn
SESS-304668,Acceso y Seguridad,error_login,@theKitty40,2025-12-18 16:19:49,2,False,1,3,2025-12,Churn
SESS-304736,Acceso y Seguridad,error_login,@theDev72,2026-03-20 21:57:29,2,False,1,3,2026-03,Churn
SESS-304791,Facturación y Cobros,problema_pago,@theKitty16,2026-04-07 00:41:42,1,True,0,3,2026-04,Resuelto
SESS-304909,Facturación y Cobros,problema_pago,@soyKitty77,2025-12-09 12:18:24,1,True,0,3,2025-12,Resuelto
SESS-304966,Acceso y Seguridad,error_login,@theKitty95,2025-12-06 19:14:32,1,True,0,3,2025-12,Resuelto
SESS-305564,Soporte Técnico y Despacho,logistica_envio,@soyMarely67,2026-04-15 01:39:41,2,False,1,3,2026-04,Churn
SESS-305694,Acceso y Seguridad,error_login,@soyKitty42,2026-02-12 09:50:38,2,False,1,3,2026-02,Churn
SESS-305912,Acceso y Seguridad,error_login,@soyMarely65,2025-11-26 05:21:19,2,False,1,3,2025-11,Churn
SESS-305947,Facturación y Cobros,problema_pago,@theDev72,2025-12-31 06:39:29,2,False,1,3,2025-12,Churn
SESS-306393,Facturación y Cobros,problema_pago,@theMarely56,2026-03-04 04:42:02,1,True,0,3,2026-03,Resuelto
SESS-306514,Soporte Técnico y Despacho,logistica_envio,@soyDev53,2025-11-10 19:15:36,1,True,0,3,2025-11,Resuelto
SESS-306619,Gestion de Cuenta,cambio_plan,@theKitty28,2026-01-09 10:29:00,1,True,0,3,2026-01,Resuelto
SESS-306640,Acceso y Seguridad,error_login,@soyMarely26,2026-01-06 11:03:43,1,True,0,3,2026-01,Resuelto
SESS-306687,Soporte Técnico y Despacho,logistica_envio,@theMarely24,2026-03-01 02:43:57,2,False,1,3,2026-03,Churn
SESS-306786,Gestion de Cuenta,cambio_plan,@theMarely54,2026-01-06 16:57:05,2,False,1,3,2026-01,Churn
SESS-306801,Facturación y Cobros,problema_pago,@soyMarely36,2026-05-06 04:58:56,1,True,0,3,2026-05,Resuelto
SESS-306902,Acceso y Seguridad,error_login,@theDev30,2026-01-31 04:53:31,2,False,1,3,2026-01,Churn
SESS-306954,Facturación y Cobros,problema_pago,@soyDev20,2025-11-24 11:50:42,1,True,0,3,2025-11,Resuelto
SESS-307123,Soporte Técnico y Despacho,logistica_envio,@soyMarely86,2026-04-07 04:11:56,1,True,0,3,2026-04,Resuelto
SESS-307244,Gestion de Cuenta,cambio_plan,@soyMarely32,2025-11-13 13:08:23,2,False,1,3,2025-11,Churn
SESS-307371,Acceso y Seguridad,error_login,@theMarely19,2026-02-28 12:10:20,1,True,0,3,2026-02,Resuelto
SESS-307623,Soporte Técnico y Despacho,logistica_envio,@soyKitty72,2026-03-10 01:25:33,1,True,0,3,2026-03,Resuelto
SESS-307808,Acceso y Seguridad,error_login,@soyKitty25,2026-01-10 20:13:40,1,True,0,3,2026-01,Resuelto
SESS-307863,Soporte Técnico y Despacho,logistica_envio,@theDev94,2026-02-13 23:03:14,1,True,0,3,2026-02,Resuelto
SESS-308198,Facturación y Cobros,problema_pago,@soyKitty84,2026-01-07 10:33:25,1,True,0,3,2026-01,Resuelto
SESS-308239,Gestion de Cuenta,cambio_plan,@theMarely65,2026-04-02 01:57:20,1,True,0,3,2026-04,Resuelto
SESS-308334,Facturación y Cobros,problema_pago,@soyMarely47,2025-12-17 02:54:35,1,True,0,3,2025-12,Resuelto
SESS-308435,Soporte Técnico y Despacho,logistica_envio,@theDev72,2026-02-09 20:01:31,1,True,0,3,2026-02,Resuelto
SESS-308725,Soporte Técnico y Despacho,logistica_envio,@soyDev63,2026-04-27 17:21:27,1,True,0,3,2026-04,Resuelto
SESS-309119,Facturación y Cobros,problema_pago,@theDev53,2025-11-17 04:40:44,1,True,0,3,2025-11,Resuelto
SESS-309121,Acceso y Seguridad,error_login,@soyKitty88,2026-02-12 06:01:05,2,False,1,3,2026-02,Churn
SESS-309271,Soporte Técnico y Despacho,logistica_envio,@soyKitty66,2026-01-07 00:16:29,1,True,0,3,2026-01,Resuelto
SESS-309325,Facturación y Cobros,problema_pago,@soyDev82,2026-04-04 09:16:51,1,True,0,3,2026-04,Resuelto
SESS-309369,Soporte Técnico y Despacho,logistica_envio,@soyDev91,2025-12-11 01:48:05,1,True,0,3,2025-12,Resuelto
SESS-309420,Acceso y Seguridad,error_login,@theMarely22,2025-12-29 03:08:52,2,False,1,3,2025-12,Churn
SESS-309454,Facturación y Cobros,problema_pago,@theDev55,2026-02-08 22:52:28,2,False,1,3,2026-02,Churn
SESS-309478,Acceso y Seguridad,error_login,@soyDev32,2026-02-23 03:56:48,1,True,0,3,2026-02,Resuelto
SESS-309480,Facturación y Cobros,problema_pago,@soyDev75,2026-02-18 13:50:40,2,False,1,3,2026-02,Churn
SESS-309772,Acceso y Seguridad,error_login,@soyKitty88,2025-12-21 17:38:56,1,True,0,3,2025-12,Resuelto
SESS-309774,Facturación y Cobros,problema_pago,@soyKitty81,2026-03-27 22:11:08,2,False,1,3,2026-03,Churn
SESS-310116,Facturación y Cobros,problema_pago,@theKitty40,2025-12-08 05:30:54,2,False,1,3,2025-12,Churn
SESS-310264,Soporte Técnico y Despacho,logistica_envio,@soyDev18,2026-01-11 00:33:54,1,True,0,3,2026-01,Resuelto
SESS-310414,Gestion de Cuenta,cambio_plan,@soyMarely33,2025-11-08 06:43:46,2,False,1,3,2025-11,Churn
SESS-310679,Acceso y Seguridad,error_login,@soyKitty16,2026-03-15 21:10:16,1,True,0,3,2026-03,Resuelto
SESS-311137,Acceso y Seguridad,error_login,@theDev44,2026-01-02 14:37:13,1,True,0,3,2026-01,Resuelto
SESS-311383,Acceso y Seguridad,error_login,@soyDev39,2026-04-16 23:07:58,1,True,0,3,2026-04,Resuelto
SESS-311395,Facturación y Cobros,problema_pago,@soyKitty24,2026-02-02 00:51:31,2,False,1,3,2026-02,Churn
SESS-311578,Acceso y Seguridad,error_login,@soyMarely73,2025-12-28 01:15:23,1,True,0,3,2025-12,Resuelto
SESS-311612,Facturación y Cobros,problema_pago,@theKitty85,2026-02-12 05:57:38,1,True,0,3,2026-02,Resuelto
SESS-311627,Facturación y Cobros,problema_pago,@soyDev99,2026-03-22 11:21:45,1,True,0,3,2026-03,Resuelto
SESS-311935,Acceso y Seguridad,error_login,@soyKitty31,2025-11-12 23:43:20,2,False,1,3,2025-11,Churn
SESS-312001,Facturación y Cobros,problema_pago,@soyKitty14,2026-05-03 21:38:59,1,True,0,3,2026-05,Resuelto
SESS-312107,Gestion de Cuenta,cambio_plan,@theDev81,2026-02-06 04:23:24,1,True,0,3,2026-02,Resuelto
SESS-312307,Gestion de Cuenta,cambio_plan,@soyKitty50,2026-04-25 02:25:08,1,True,0,3,2026-04,Resuelto
SESS-312327,Facturación y Cobros,problema_pago,@soyMarely97,2026-01-20 10:04:48,2,False,1,3,2026-01,Churn
SESS-312329,Soporte Técnico y Despacho,logistica_envio,@theDev59,2026-04-21 20:33:00,1,True,0,3,2026-04,Resuelto
SESS-312367,Gestion de Cuenta,cambio_plan,@theDev87,2026-01-02 01:13:37,1,True,0,3,2026-01,Resuelto
SESS-312465,Soporte Técnico y Despacho,logistica_envio,@soyDev66,2026-03-12 03:52:21,1,True,0,3,2026-03,Resuelto
SESS-312581,Facturación y Cobros,problema_pago,@theKitty80,2026-02-18 13:17:28,1,True,0,3,2026-02,Resuelto
SESS-312821,Facturación y Cobros,problema_pago,@soyMarely96,2026-02-25 18:14:04,1,True,0,3,2026-02,Resuelto
SESS-312965,Facturación y Cobros,problema_pago,@soyDev33,2025-12-04 23:26:53,1,True,0,3,2025-12,Resuelto
SESS-313170,Soporte Técnico y Despacho,logistica_envio,@theMarely53,2025-11-13 13:34:38,1,True,0,3,2025-11,Resuelto
SESS-313695,Facturación y Cobros,problema_pago,@theKitty13,2026-03-04 03:25:42,2,False,1,3,2026-03,Churn
SESS-313719,Facturación y Cobros,problema_pago,@theKitty17,2025-11-16 12:02:02,2,False,1,3,2025-11,Churn
SESS-313978,Gestion de Cuenta,cambio_plan,@soyDev74,2026-02-12 22:34:29,1,True,0,3,2026-02,Resuelto
SESS-314094,Acceso y Seguridad,error_login,@soyDev36,2026-01-16 13:28:37,1,True,0,3,2026-01,Resuelto
SESS-314131,Gestion de Cuenta,cambio_plan,@soyKitty98,2025-12-01 09:47:32,1,True,0,3,2025-12,Resuelto
SESS-314291,Soporte Técnico y Despacho,logistica_envio,@soyDev58,2026-02-19 05:25:48,2,False,1,3,2026-02,Churn
SESS-314309,Acceso y Seguridad,error_login,@soyMarely27,2025-11-23 18:33:25,1,True,0,3,2025-11,Resuelto
SESS-314412,Soporte Técnico y Despacho,logistica_envio,@theMarely38,2026-02-13 20:43:59,2,False,1,3,2026-02,Churn
SESS-314629,Soporte Técnico y Despacho,logistica_envio,@soyMarely83,2026-03-23 23:48:45,1,True,0,3,2026-03,Resuelto
SESS-314687,Gestion de Cuenta,cambio_plan,@theDev42,2026-05-04 14:48:48,1,True,0,3,2026-05,Resuelto
SESS-315222,Facturación y Cobros,problema_pago,@soyKitty40,2025-12-20 06:29:48,2,False,1,3,2025-12,Churn
SESS-315511,Soporte Técnico y Despacho,logistica_envio,@soyDev88,2025-11-27 10:39:59,2,False,1,3,2025-11,Churn
SESS-315514,Facturación y Cobros,problema_pago,@theDev89,2026-03-21 18:17:33,2,False,1,3,2026-03,Churn
SESS-315559,Gestion de Cuenta,cambio_plan,@soyDev60,2026-04-17 05:01:59,1,True,0,3,2026-04,Resuelto
SESS-315849,Acceso y Seguridad,error_login,@soyDev96,2025-11-14 11:50:57,1,True,0,3,2025-11,Resuelto
SESS-316472,Facturación y Cobros,problema_pago,@theDev27,2025-12-30 15:44:42,2,False,1,3,2025-12,Churn
SESS-316562,Gestion de Cuenta,cambio_plan,@theKitty42,2025-11-16 14:26:02,1,True,0,3,2025-11,Resuelto
SESS-316732,Gestion de Cuenta,cambio_plan,@theMarely64,2025-11-09 21:59:05,1,True,0,3,2025-11,Resuelto
SESS-316781,Gestion de Cuenta,cambio_plan,@theKitty68,2026-02-24 00:49:36,2,False,1,3,2026-02,Churn
SESS-316859,Soporte Técnico y Despacho,logistica_envio,@soyKitty98,2026-02-09 15:12:45,1,True,0,3,2026-02,Resuelto
SESS-316926,Soporte Técnico y Despacho,logistica_envio,@theKitty95,2026-05-05 00:16:29,1,True,0,3,2026-05,Resuelto
SESS-317062,Gestion de Cuenta,cambio_plan,@theDev40,2026-04-04 15:20:35,2,False,1,3,2026-04,Churn
SESS-317226,Gestion de Cuenta,cambio_plan,@soyKitty91,2026-01-15 00:25:49,1,True,0,3,2026-01,Resuelto
SESS-317282,Acceso y Seguridad,error_login,@theDev55,2026-03-14 18:57:08,2,False,1,3,2026-03,Churn
SESS-317420,Gestion de Cuenta,cambio_plan,@theMarely37,2026-01-06 03:09:14,1,True,0,3,2026-01,Resuelto
SESS-317719,Soporte Técnico y Despacho,logistica_envio,@soyMarely89,2026-02-19 02:27:20,1,True,0,3,2026-02,Resuelto
SESS-317742,Soporte Técnico y Despacho,logistica_envio,@soyDev63,2026-04-19 17:57:00,1,True,0,3,2026-04,Resuelto
SESS-317804,Acceso y Seguridad,error_login,@soyMarely87,2026-02-03 21:28:05,2,False,1,3,2026-02,Churn
SESS-317998,Soporte Técnico y Despacho,logistica_envio,@theKitty24,2026-01-26 11:03:40,1,True,0,3,2026-01,Resuelto
SESS-318319,Facturación y Cobros,problema_pago,@soyMarely33,2025-11-27 04:46:39,2,False,1,3,2025-11,Churn
SESS-318350,Soporte Técnico y Despacho,logistica_envio,@soyDev76,2026-04-08 02:10:29,1,True,0,3,2026-04,Resuelto
SESS-318385,Soporte Técnico y Despacho,logistica_envio,@soyMarely69,2026-02-16 13:38:34,2,False,1,3,2026-02,Churn
SESS-318436,Soporte Técnico y Despacho,logistica_envio,@soyKitty11,2026-04-11 17:24:19,2,False,1,3,2026-04,Churn
SESS-318499,Gestion de Cuenta,cambio_plan,@theDev46,2026-03-27 03:55:09,2,False,1,3,2026-03,Churn
SESS-318518,Gestion de Cuenta,cambio_plan,@soyKitty98,2026-01-10 01:11:06,1,True,0,3,2026-01,Resuelto
SESS-318564,Acceso y Seguridad,error_login,@theMarely85,2026-01-04 06:51:52,2,False,1,3,2026-01,Churn
SESS-318613,Gestion de Cuenta,cambio_plan,@theMarely99,2026-02-12 23:56:36,2,False,1,3,2026-02,Churn
SESS-318638,Acceso y Seguridad,error_login,@soyMarely44,2026-03-30 11:58:24,1,True,0,3,2026-03,Resuelto
SESS-318803,Facturación y Cobros,problema_pago,@soyMarely67,2026-02-11 18:05:23,1,True,0,3,2026-02,Resuelto
SESS-318813,Soporte Técnico y Despacho,logistica_envio,@soyMarely25,2026-04-13 01:32:45,2,False,1,3,2026-04,Churn
SESS-318868,Gestion de Cuenta,cambio_plan,@theMarely57,2026-01-31 10:56:02,2,False,1,3,2026-01,Churn
SESS-318929,Acceso y Seguridad,error_login,@soyMarely85,2026-02-27 23:48:40,2,False,1,3,2026-02,Churn
SESS-319044,Soporte Técnico y Despacho,logistica_envio,@soyKitty64,2026-03-15 22:55:00,1,True,0,3,2026-03,Resuelto
SESS-319063,Acceso y Seguridad,error_login,@soyMarely76,2026-04-26 23:13:36,2,False,1,3,2026-04,Churn
SESS-319074,Facturación y Cobros,problema_pago,@soyKitty90,2025-11-11 17:12:54,1,True,0,3,2025-11,Resuelto
SESS-319163,Soporte Técnico y Despacho,logistica_envio,@theMarely85,2026-04-27 17:35:29,1,True,0,3,2026-04,Resuelto
SESS-319287,Gestion de Cuenta,cambio_plan,@theKitty69,2025-12-06 05:35:17,1,True,0,3,2025-12,Resuelto
SESS-319497,Acceso y Seguridad,error_login,@soyMarely65,2025-12-16 20:14:21,2,False,1,3,2025-12,Churn
SESS-319638,Acceso y Seguridad,error_login,@theMarely50,2026-01-16 06:54:23,1,True,0,3,2026-01,Resuelto
SESS-319845,Facturación y Cobros,problema_pago,@soyMarely47,2026-04-09 19:27:43,1,True,0,3,2026-04,Resuelto
SESS-319970,Gestion de Cuenta,cambio_plan,@theKitty15,2026-03-07 17:28:24,2,False,1,3,2026-03,Churn
SESS-319991,Gestion de Cuenta,cambio_plan,@theKitty49,2026-03-07 04:21:45,1,True,0,3,2026-03,Resuelto
SESS-320366,Soporte Técnico y Despacho,logistica_envio,@theKitty73,2025-11-23 17:36:01,1,True,0,3,2025-11,Resuelto
SESS-320377,Soporte Técnico y Despacho,logistica_envio,@theDev61,2026-01-18 20:35:37,2,False,1,3,2026-01,Churn
SESS-320446,Soporte Técnico y Despacho,logistica_envio,@theKitty55,2026-03-02 03:02:39,2,True,1,6,2026-03,Churn
SESS-320557,Facturación y Cobros,problema_pago,@theKitty41,2025-12-21 17:32:21,2,False,1,3,2025-12,Churn
SESS-320682,Acceso y Seguridad,error_login,@theKitty27,2026-02-28 19:24:02,1,True,0,3,2026-02,Resuelto
SESS-320811,Acceso y Seguridad,error_login,@theMarely40,2025-12-15 06:36:35,2,False,1,3,2025-12,Churn
SESS-320849,Acceso y Seguridad,error_login,@theDev65,2025-11-14 08:47:38,1,True,0,3,2025-11,Resuelto
SESS-320979,Acceso y Seguridad,error_login,@soyDev66,2026-02-18 08:09:51,1,True,0,3,2026-02,Resuelto
SESS-321003,Facturación y Cobros,problema_pago,@theMarely18,2026-01-11 22:33:28,2,False,1,3,2026-01,Churn
SESS-321094,Gestion de Cuenta,cambio_plan,@soyMarely75,2026-01-03 21:08:29,1,True,0,3,2026-01,Resuelto
SESS-321293,Facturación y Cobros,problema_pago,@soyDev35,2026-01-27 21:58:17,2,False,1,3,2026-01,Churn
SESS-321336,Facturación y Cobros,problema_pago,@theKitty15,2025-11-17 18:54:07,1,True,0,3,2025-11,Resuelto
SESS-321737,Facturación y Cobros,problema_pago,@soyKitty96,2026-05-03 18:15:10,1,True,0,3,2026-05,Resuelto
SESS-322131,Facturación y Cobros,problema_pago,@soyKitty42,2026-04-19 12:30:16,2,False,1,3,2026-04,Churn
SESS-322334,Facturación y Cobros,problema_pago,@soyKitty10,2026-01-28 01:37:11,1,True,0,3,2026-01,Resuelto
SESS-322593,Facturación y Cobros,problema_pago,@theMarely32,2026-01-15 09:14:35,2,False,1,3,2026-01,Churn
SESS-322617,Acceso y Seguridad,error_login,@soyDev84,2025-11-15 06:15:20,2,False,1,3,2025-11,Churn
SESS-322638,Acceso y Seguridad,error_login,@theMarely66,2026-03-21 09:22:27,2,False,1,3,2026-03,Churn
SESS-322646,Acceso y Seguridad,error_login,@soyMarely95,2026-04-04 22:53:28,1,True,0,3,2026-04,Resuelto
SESS-322700,Acceso y Seguridad,error_login,@theDev12,2026-01-29 03:49:40,1,True,0,3,2026-01,Resuelto
SESS-322879,Facturación y Cobros,problema_pago,@theDev34,2026-02-24 07:52:49,1,True,0,3,2026-02,Resuelto
SESS-323398,Facturación y Cobros,problema_pago,@theMarely20,2026-02-13 23:57:14,1,True,0,3,2026-02,Resuelto
SESS-323473,Gestion de Cuenta,cambio_plan,@soyKitty89,2025-12-28 09:13:17,1,True,0,3,2025-12,Resuelto
SESS-323953,Acceso y Seguridad,error_login,@theDev75,2026-03-26 19:19:18,1,True,0,3,2026-03,Resuelto
SESS-324003,Acceso y Seguridad,error_login,@soyKitty91,2026-01-10 23:43:26,2,False,1,3,2026-01,Churn
SESS-324008,Gestion de Cuenta,cambio_plan,@theMarely99,2025-12-25 17:23:21,2,False,1,3,2025-12,Churn
SESS-324301,Acceso y Seguridad,error_login,@soyDev84,2026-04-02 06:23:55,2,False,1,3,2026-04,Churn
SESS-324353,Acceso y Seguridad,error_login,@theKitty50,2026-01-16 16:22:35,1,True,0,3,2026-01,Resuelto
SESS-324361,Acceso y Seguridad,error_login,@soyDev40,2026-04-10 10:08:15,2,False,1,3,2026-04,Churn
SESS-324542,Acceso y Seguridad,error_login,@theDev78,2026-04-18 03:47:54,2,False,1,3,2026-04,Churn
SESS-324973,Gestion de Cuenta,cambio_plan,@soyMarely15,2025-11-12 15:53:30,1,True,0,3,2025-11,Resuelto
SESS-325024,Gestion de Cuenta,cambio_plan,@theMarely31,2026-02-03 10:42:00,2,False,1,3,2026-02,Churn
SESS-325037,Soporte Técnico y Despacho,logistica_envio,@soyMarely88,2025-11-11 03:49:04,2,False,1,3,2025-11,Churn
SESS-325308,Gestion de Cuenta,cambio_plan,@theMarely53,2026-02-21 00:55:21,2,False,1,3,2026-02,Churn
SESS-325341,Soporte Técnico y Despacho,logistica_envio,@soyDev15,2025-12-27 12:38:55,1,True,0,3,2025-12,Resuelto
SESS-325620,Facturación y Cobros,problema_pago,@soyKitty93,2025-12-25 14:16:02,2,False,1,3,2025-12,Churn
SESS-325917,Facturación y Cobros,problema_pago,@theKitty36,2026-02-04 03:07:53,2,False,1,3,2026-02,Churn
SESS-326112,Facturación y Cobros,problema_pago,@soyMarely23,2026-01-20 00:13:34,1,True,0,3,2026-01,Resuelto
SESS-326279,Soporte Técnico y Despacho,logistica_envio,@theMarely97,2026-01-04 05:03:26,1,True,0,3,2026-01,Resuelto
SESS-326485,Facturación y Cobros,problema_pago,@soyKitty28,2026-03-29 13:18:31,2,False,1,3,2026-03,Churn
SESS-326486,Acceso y Seguridad,error_login,@theMarely84,2026-03-02 21:02:08,2,False,1,3,2026-03,Churn
SESS-326508,Facturación y Cobros,problema_pago,@theDev92,2026-04-14 06:27:24,1,True,0,3,2026-04,Resuelto
SESS-326559,Gestion de Cuenta,cambio_plan,@theMarely84,2025-11-15 07:52:39,1,True,0,3,2025-11,Resuelto
SESS-326669,Gestion de Cuenta,cambio_plan,@soyDev81,2026-03-16 21:22:32,2,False,1,3,2026-03,Churn
SESS-326875,Soporte Técnico y Despacho,logistica_envio,@soyKitty58,2026-02-14 01:48:02,1,True,0,3,2026-02,Resuelto
SESS-326973,Gestion de Cuenta,cambio_plan,@soyDev37,2025-11-10 14:49:43,1,True,0,3,2025-11,Resuelto
SESS-327053,Facturación y Cobros,problema_pago,@soyMarely57,2026-01-26 19:25:07,2,False,1,3,2026-01,Churn
SESS-327357,Facturación y Cobros,problema_pago,@soyDev81,2026-03-27 17:40:55,1,True,0,3,2026-03,Resuelto
SESS-327459,Facturación y Cobros,problema_pago,@soyMarely84,2026-03-09 22:17:34,1,True,0,3,2026-03,Resuelto
SESS-327612,Acceso y Seguridad,error_login,@theMarely91,2026-03-28 11:29:48,2,False,1,3,2026-03,Churn
SESS-327615,Acceso y Seguridad,error_login,@soyDev67,2026-04-09 06:12:35,1,True,0,3,2026-04,Resuelto
SESS-327666,Soporte Técnico y Despacho,logistica_envio,@soyKitty25,2026-03-27 03:48:45,1,True,0,3,2026-03,Resuelto
SESS-327900,Soporte Técnico y Despacho,logistica_envio,@theMarely22,2025-12-27 15:16:34,1,True,0,3,2025-12,Resuelto
SESS-328028,Gestion de Cuenta,cambio_plan,@soyMarely81,2026-04-13 23:06:11,2,False,1,3,2026-04,Churn
SESS-328135,Facturación y Cobros,problema_pago,@theMarely19,2026-04-27 13:04:41,1,True,0,3,2026-04,Resuelto
SESS-328415,Gestion de Cuenta,cambio_plan,@theMarely18,2026-01-03 14:48:20,1,True,0,3,2026-01,Resuelto
SESS-328447,Facturación y Cobros,problema_pago,@soyMarely97,2026-01-23 18:31:47,1,True,0,3,2026-01,Resuelto
SESS-328535,Soporte Técnico y Despacho,logistica_envio,@theKitty63,2026-03-17 01:56:28,2,False,1,3,2026-03,Churn
SESS-328636,Soporte Técnico y Despacho,logistica_envio,@theDev30,2026-02-28 06:21:45,1,True,0,3,2026-02,Resuelto
SESS-328708,Gestion de Cuenta,cambio_plan,@soyDev71,2026-03-16 11:03:29,1,True,0,3,2026-03,Resuelto
SESS-328753,Gestion de Cuenta,cambio_plan,@soyKitty57,2025-12-14 03:00:16,1,True,0,3,2025-12,Resuelto
SESS-328827,Facturación y Cobros,problema_pago,@soyDev10,2026-04-14 03:37:01,1,True,0,3,2026-04,Resuelto
SESS-328916,Facturación y Cobros,problema_pago,@soyKitty90,2026-03-21 07:51:24,1,True,0,3,2026-03,Resuelto
SESS-328947,Facturación y Cobros,problema_pago,@theDev92,2025-12-05 05:58:09,1,True,0,3,2025-12,Resuelto
SESS-329010,Gestion de Cuenta,cambio_plan,@theMarely59,2026-02-19 11:43:37,2,False,1,3,2026-02,Churn
SESS-329014,Gestion de Cuenta,cambio_plan,@soyDev67,2025-12-09 00:27:29,2,False,1,3,2025-12,Churn
SESS-329129,Acceso y Seguridad,error_login,@soyMarely71,2026-02-14 04:14:09,1,True,0,3,2026-02,Resuelto
SESS-329246,Gestion de Cuenta,cambio_plan,@theMarely98,2026-03-13 06:08:46,1,True,0,3,2026-03,Resuelto
SESS-329276,Soporte Técnico y Despacho,logistica_envio,@theKitty54,2026-01-29 03:04:22,2,False,1,3,2026-01,Churn
SESS-329590,Gestion de Cuenta,cambio_plan,@theMarely59,2026-05-01 02:13:16,1,True,0,3,2026-05,Resuelto
SESS-329641,Facturación y Cobros,problema_pago,@soyDev40,2026-04-26 01:19:51,1,True,0,3,2026-04,Resuelto
SESS-329657,Acceso y Seguridad,error_login,@theDev33,2026-03-29 12:50:29,2,False,1,3,2026-03,Churn
SESS-329734,Soporte Técnico y Despacho,logistica_envio,@soyMarely19,2026-02-25 19:16:41,1,True,0,3,2026-02,Resuelto
SESS-329857,Soporte Técnico y Despacho,logistica_envio,@soyKitty82,2026-02-07 17:54:22,2,False,1,3,2026-02,Churn
SESS-330129,Facturación y Cobros,problema_pago,@soyDev47,2026-04-16 23:58:29,1,True,0,3,2026-04,Resuelto
SESS-330292,Acceso y Seguridad,error_login,@theMarely20,2025-12-01 03:48:39,1,True,0,3,2025-12,Resuelto
SESS-330377,Soporte Técnico y Despacho,logistica_envio,@theMarely25,2025-12-21 06:15:05,1,True,0,3,2025-12,Resuelto
SESS-330678,Soporte Técnico y Despacho,logistica_envio,@theDev25,2026-04-10 11:26:51,1,True,0,3,2026-04,Resuelto
SESS-330688,Acceso y Seguridad,error_login,@soyDev77,2026-02-10 02:12:48,1,True,0,3,2026-02,Resuelto
SESS-330885,Facturación y Cobros,problema_pago,@theDev97,2025-11-15 20:45:51,1,True,0,3,2025-11,Resuelto
SESS-331264,Gestion de Cuenta,cambio_plan,@theKitty91,2025-11-27 05:17:41,1,True,0,3,2025-11,Resuelto
SESS-331375,Gestion de Cuenta,cambio_plan,@soyMarely63,2026-01-23 05:43:11,2,False,1,3,2026-01,Churn
SESS-331725,Gestion de Cuenta,cambio_plan,@soyKitty13,2026-01-10 23:35:31,2,False,1,3,2026-01,Churn
SESS-331772,Soporte Técnico y Despacho,logistica_envio,@theDev84,2025-12-09 06:18:49,1,True,0,3,2025-12,Resuelto
SESS-331875,Acceso y Seguridad,error_login,@theDev32,2026-04-22 07:34:38,1,True,0,3,2026-04,Resuelto
SESS-332361,Soporte Técnico y Despacho,logistica_envio,@soyDev79,2026-03-22 22:33:59,2,False,1,3,2026-03,Churn
SESS-332529,Acceso y Seguridad,error_login,@theMarely61,2025-11-16 01:04:07,1,True,0,3,2025-11,Resuelto
SESS-332534,Gestion de Cuenta,cambio_plan,@soyKitty26,2026-01-24 08:28:09,1,True,0,3,2026-01,Resuelto
SESS-332657,Acceso y Seguridad,error_login,@soyMarely35,2026-01-16 18:54:42,2,False,1,3,2026-01,Churn
SESS-332715,Soporte Técnico y Despacho,logistica_envio,@theDev84,2026-03-02 15:16:14,1,True,0,3,2026-03,Resuelto
SESS-332966,Soporte Técnico y Despacho,logistica_envio,@soyDev97,2026-03-07 11:25:51,2,True,1,6,2026-03,Churn
SESS-333009,Acceso y Seguridad,error_login,@soyMarely64,2026-03-04 13:36:11,2,False,1,3,2026-03,Churn
SESS-333138,Gestion de Cuenta,cambio_plan,@soyDev38,2025-11-10 13:26:21,2,False,1,3,2025-11,Churn
SESS-333185,Facturación y Cobros,problema_pago,@theMarely59,2026-01-07 17:06:06,1,True,0,3,2026-01,Resuelto
SESS-333202,Acceso y Seguridad,error_login,@theDev25,2026-04-27 13:12:52,1,True,0,3,2026-04,Resuelto
SESS-333214,Soporte Técnico y Despacho,logistica_envio,@soyMarely51,2026-04-02 15:11:32,2,False,1,3,2026-04,Churn
SESS-333287,Acceso y Seguridad,error_login,@soyDev66,2026-01-14 08:05:12,2,False,1,3,2026-01,Churn
SESS-333340,Soporte Técnico y Despacho,logistica_envio,@soyKitty93,2026-04-30 19:17:55,2,False,1,3,2026-04,Churn
SESS-333366,Gestion de Cuenta,cambio_plan,@soyMarely35,2026-01-08 15:28:58,1,True,0,3,2026-01,Resuelto
SESS-333368,Soporte Técnico y Despacho,logistica_envio,@theKitty47,2026-03-03 09:45:50,1,True,0,3,2026-03,Resuelto
SESS-333568,Facturación y Cobros,problema_pago,@theDev73,2026-02-14 21:57:27,2,False,1,3,2026-02,Churn
SESS-333694,Acceso y Seguridad,error_login,@soyDev10,2026-04-14 15:59:45,2,False,1,3,2026-04,Churn
SESS-333758,Soporte Técnico y Despacho,logistica_envio,@soyDev27,2026-02-22 01:21:00,2,False,1,3,2026-02,Churn
SESS-333810,Soporte Técnico y Despacho,logistica_envio,@soyKitty95,2026-04-04 20:25:24,1,True,0,3,2026-04,Resuelto
SESS-333815,Soporte Técnico y Despacho,logistica_envio,@soyKitty39,2025-11-10 02:00:39,1,True,0,3,2025-11,Resuelto
SESS-334040,Soporte Técnico y Despacho,logistica_envio,@soyDev37,2026-02-10 19:47:59,1,True,0,3,2026-02,Resuelto
SESS-334098,Facturación y Cobros,problema_pago,@theMarely51,2025-12-28 23:30:21,1,True,0,3,2025-12,Resuelto
SESS-334103,Acceso y Seguridad,error_login,@theKitty68,2026-03-01 13:53:26,2,False,1,3,2026-03,Churn
SESS-334854,Gestion de Cuenta,cambio_plan,@theDev71,2026-01-16 18:25:32,2,False,1,3,2026-01,Churn
SESS-334891,Facturación y Cobros,problema_pago,@theDev20,2026-01-07 03:14:50,1,True,0,3,2026-01,Resuelto
SESS-334893,Soporte Técnico y Despacho,logistica_envio,@theKitty42,2025-11-18 20:26:58,1,True,0,3,2025-11,Resuelto
SESS-335038,Acceso y Seguridad,error_login,@theKitty60,2026-04-20 07:31:29,2,False,1,3,2026-04,Churn
SESS-335081,Soporte Técnico y Despacho,logistica_envio,@soyKitty83,2025-11-29 22:55:18,2,False,1,3,2025-11,Churn
SESS-335229,Soporte Técnico y Despacho,logistica_envio,@soyDev85,2025-12-21 11:18:51,1,True,0,3,2025-12,Resuelto
SESS-335241,Acceso y Seguridad,error_login,@soyKitty49,2025-12-22 19:42:20,1,True,0,3,2025-12,Resuelto
SESS-335249,Gestion de Cuenta,cambio_plan,@theMarely80,2026-01-04 13:57:00,2,False,1,3,2026-01,Churn
SESS-335299,Facturación y Cobros,problema_pago,@soyKitty74,2026-03-11 04:24:14,2,False,1,3,2026-03,Churn
SESS-335345,Gestion de Cuenta,cambio_plan,@theKitty76,2025-11-08 11:44:10,1,True,0,3,2025-11,Resuelto
SESS-335541,Soporte Técnico y Despacho,logistica_envio,@theKitty91,2026-03-06 15:31:37,2,False,1,3,2026-03,Churn
SESS-335554,Facturación y Cobros,problema_pago,@soyDev98,2026-03-11 09:55:21,1,True,0,3,2026-03,Resuelto
SESS-335608,Acceso y Seguridad,error_login,@soyDev24,2026-02-15 14:10:36,2,False,1,3,2026-02,Churn
SESS-335936,Acceso y Seguridad,error_login,@soyKitty17,2026-01-17 18:13:23,2,False,1,3,2026-01,Churn
SESS-335991,Soporte Técnico y Despacho,logistica_envio,@theMarely80,2025-12-03 09:47:37,1,True,0,3,2025-12,Resuelto
SESS-336018,Gestion de Cuenta,cambio_plan,@soyMarely85,2025-12-30 19:20:55,1,True,0,3,2025-12,Resuelto
SESS-336102,Facturación y Cobros,problema_pago,@soyDev18,2025-12-30 04:54:34,1,True,0,3,2025-12,Resuelto
SESS-336155,Acceso y Seguridad,error_login,@theKitty69,2025-12-02 00:03:40,2,False,1,3,2025-12,Churn
SESS-336199,Gestion de Cuenta,cambio_plan,@theKitty84,2026-03-10 05:49:46,1,True,0,3,2026-03,Resuelto
SESS-336281,Acceso y Seguridad,error_login,@theKitty54,2026-03-15 19:44:34,2,False,1,3,2026-03,Churn
SESS-336560,Acceso y Seguridad,error_login,@theDev17,2026-03-20 11:31:46,2,False,1,3,2026-03,Churn
SESS-336691,Gestion de Cuenta,cambio_plan,@theKitty49,2026-02-06 20:20:59,1,True,0,3,2026-02,Resuelto
SESS-336778,Soporte Técnico y Despacho,logistica_envio,@soyKitty92,2026-02-28 04:26:57,1,True,0,3,2026-02,Resuelto
SESS-336814,Gestion de Cuenta,cambio_plan,@theKitty45,2026-01-08 20:11:49,1,True,0,3,2026-01,Resuelto
SESS-336901,Soporte Técnico y Despacho,logistica_envio,@theKitty82,2026-02-02 15:37:46,1,True,0,3,2026-02,Resuelto
SESS-336919,Soporte Técnico y Despacho,logistica_envio,@theKitty39,2026-01-09 13:01:25,1,True,0,3,2026-01,Resuelto
SESS-336971,Gestion de Cuenta,cambio_plan,@soyMarely67,2025-12-13 23:09:46,1,True,0,3,2025-12,Resuelto
SESS-337159,Soporte Técnico y Despacho,logistica_envio,@soyMarely21,2026-01-29 01:15:44,1,True,0,3,2026-01,Resuelto
SESS-337174,Acceso y Seguridad,error_login,@soyDev59,2026-01-30 11:35:33,1,True,0,3,2026-01,Resuelto
SESS-337240,Facturación y Cobros,problema_pago,@soyMarely83,2025-11-15 18:01:11,2,False,1,3,2025-11,Churn
SESS-337378,Gestion de Cuenta,cambio_plan,@soyDev13,2026-01-12 08:39:13,1,True,0,3,2026-01,Resuelto
SESS-337458,Acceso y Seguridad,error_login,@theDev82,2026-04-20 03:20:29,2,False,1,3,2026-04,Churn
SESS-337696,Facturación y Cobros,problema_pago,@theKitty33,2026-04-26 19:50:30,1,True,0,3,2026-04,Resuelto
SESS-337859,Soporte Técnico y Despacho,logistica_envio,@soyKitty65,2026-01-21 21:47:22,2,False,1,3,2026-01,Churn
SESS-337870,Acceso y Seguridad,error_login,@soyKitty60,2025-11-25 08:30:40,2,False,1,3,2025-11,Churn
SESS-337888,Facturación y Cobros,problema_pago,@soyKitty17,2026-03-22 01:15:09,2,False,1,3,2026-03,Churn
SESS-337892,Gestion de Cuenta,cambio_plan,@soyMarely16,2026-03-18 12:38:30,2,False,1,3,2026-03,Churn
SESS-337910,Acceso y Seguridad,error_login,@soyMarely89,2025-12-13 05:21:51,1,True,0,3,2025-12,Resuelto
SESS-338028,Acceso y Seguridad,error_login,@soyDev13,2026-02-03 06:52:46,1,True,0,3,2026-02,Resuelto
SESS-338517,Facturación y Cobros,problema_pago,@theDev35,2026-04-30 10:09:19,1,True,0,3,2026-04,Resuelto
SESS-338686,Facturación y Cobros,problema_pago,@soyKitty19,2026-04-21 19:42:16,1,True,0,3,2026-04,Resuelto
SESS-338795,Facturación y Cobros,problema_pago,@soyMarely64,2025-11-11 20:10:00,1,True,0,3,2025-11,Resuelto
SESS-338863,Acceso y Seguridad,error_login,@soyDev18,2026-01-09 22:26:08,1,True,0,3,2026-01,Resuelto
SESS-338915,Acceso y Seguridad,error_login,@theMarely54,2026-04-04 21:19:25,1,True,0,3,2026-04,Resuelto
SESS-339216,Gestion de Cuenta,cambio_plan,@soyKitty13,2026-04-26 05:25:53,2,False,1,3,2026-04,Churn
SESS-339252,Gestion de Cuenta,cambio_plan,@theDev50,2026-02-08 17:36:14,1,True,0,3,2026-02,Resuelto
SESS-339553,Gestion de Cuenta,cambio_plan,@theMarely16,2026-02-20 23:26:50,2,False,1,3,2026-02,Churn
SESS-339577,Soporte Técnico y Despacho,logistica_envio,@theKitty34,2025-12-09 13:38:50,1,True,0,3,2025-12,Resuelto
SESS-339589,Facturación y Cobros,problema_pago,@soyDev84,2025-11-17 14:02:51,1,True,0,3,2025-11,Resuelto
SESS-339693,Facturación y Cobros,problema_pago,@soyDev75,2026-02-11 02:22:19,1,True,0,3,2026-02,Resuelto
SESS-339913,Acceso y Seguridad,error_login,@theDev54,2026-03-20 06:11:06,1,True,0,3,2026-03,Resuelto
SESS-340080,Acceso y Seguridad,error_login,@theKitty13,2026-02-28 04:07:35,1,True,0,3,2026-02,Resuelto
SESS-340092,Gestion de Cuenta,cambio_plan,@soyMarely48,2026-03-23 02:41:07,2,False,1,3,2026-03,Churn
SESS-340326,Soporte Técnico y Despacho,logistica_envio,@theKitty60,2025-11-17 04:07:17,2,False,1,3,2025-11,Churn
SESS-340541,Gestion de Cuenta,cambio_plan,@soyMarely33,2026-04-23 18:15:39,1,True,0,6,2026-04,Resuelto
SESS-340736,Gestion de Cuenta,cambio_plan,@theMarely59,2025-11-13 23:02:02,1,True,0,3,2025-11,Resuelto
SESS-340744,Soporte Técnico y Despacho,logistica_envio,@theDev89,2026-01-09 16:13:28,1,True,0,3,2026-01,Resuelto
SESS-340748,Gestion de Cuenta,cambio_plan,@theMarely86,2026-01-19 21:43:10,1,True,0,3,2026-01,Resuelto
SESS-340824,Gestion de Cuenta,cambio_plan,@soyMarely51,2026-01-09 17:49:06,2,False,1,3,2026-01,Churn
SESS-340937,Acceso y Seguridad,error_login,@soyKitty67,2026-01-28 23:22:29,1,True,0,3,2026-01,Resuelto
SESS-341161,Acceso y Seguridad,error_login,@soyDev11,2026-01-28 05:53:38,1,True,0,3,2026-01,Resuelto
SESS-341268,Gestion de Cuenta,cambio_plan,@theKitty72,2025-12-29 14:46:30,1,True,0,3,2025-12,Resuelto
SESS-341370,Gestion de Cuenta,cambio_plan,@soyDev18,2026-01-21 23:16:29,2,False,1,3,2026-01,Churn
SESS-341412,Soporte Técnico y Despacho,logistica_envio,@soyKitty42,2026-04-30 15:58:58,2,False,1,3,2026-04,Churn
SESS-341584,Facturación y Cobros,problema_pago,@soyDev65,2025-12-18 18:30:02,1,True,0,3,2025-12,Resuelto
SESS-341707,Facturación y Cobros,problema_pago,@theDev73,2025-11-24 04:53:09,1,True,0,3,2025-11,Resuelto
SESS-341722,Gestion de Cuenta,cambio_plan,@theMarely40,2026-01-15 23:20:31,1,True,0,3,2026-01,Resuelto
SESS-341761,Facturación y Cobros,problema_pago,@theMarely36,2026-01-30 23:13:06,2,False,1,3,2026-01,Churn
SESS-341955,Gestion de Cuenta,cambio_plan,@soyMarely33,2026-03-22 09:49:27,1,True,0,3,2026-03,Resuelto
SESS-342006,Gestion de Cuenta,cambio_plan,@theKitty94,2026-05-02 13:53:47,1,True,0,3,2026-05,Resuelto
SESS-342542,Gestion de Cuenta,cambio_plan,@soyKitty33,2025-11-25 09:18:18,1,True,0,3,2025-11,Resuelto
SESS-342672,Soporte Técnico y Despacho,logistica_envio,@theKitty27,2026-04-14 11:53:39,1,True,0,3,2026-04,Resuelto
SESS-342785,Acceso y Seguridad,error_login,@soyDev71,2026-01-22 13:15:06,1,True,0,3,2026-01,Resuelto
SESS-342879,Acceso y Seguridad,error_login,@soyDev81,2026-04-09 23:09:46,1,True,0,3,2026-04,Resuelto
SESS-343260,Facturación y Cobros,problema_pago,@soyKitty33,2025-11-15 19:47:17,1,True,0,3,2025-11,Resuelto
SESS-343414,Acceso y Seguridad,error_login,@theDev47,2026-03-18 20:52:39,2,False,1,3,2026-03,Churn
SESS-343486,Acceso y Seguridad,error_login,@theMarely69,2026-01-13 04:19:38,2,False,1,3,2026-01,Churn
SESS-343919,Gestion de Cuenta,cambio_plan,@soyMarely97,2026-01-16 22:58:47,1,True,0,3,2026-01,Resuelto
SESS-343956,Gestion de Cuenta,cambio_plan,@theKitty75,2025-11-11 18:36:17,1,True,0,3,2025-11,Resuelto
SESS-344084,Facturación y Cobros,problema_pago,@soyKitty75,2025-11-15 19:43:35,1,True,0,3,2025-11,Resuelto
SESS-344102,Acceso y Seguridad,error_login,@theDev52,2026-01-14 23:27:34,1,True,0,3,2026-01,Resuelto
SESS-344163,Acceso y Seguridad,error_login,@theDev82,2026-03-18 12:47:09,1,True,0,3,2026-03,Resuelto
SESS-344207,Gestion de Cuenta,cambio_plan,@theMarely57,2026-04-01 14:40:27,2,False,1,3,2026-04,Churn
SESS-344230,Acceso y Seguridad,error_login,@soyDev52,2026-01-08 01:00:06,2,False,1,3,2026-01,Churn
SESS-344259,Soporte Técnico y Despacho,logistica_envio,@theKitty89,2026-05-02 14:29:50,1,True,0,3,2026-05,Resuelto
SESS-344362,Soporte Técnico y Despacho,logistica_envio,@soyKitty17,2025-12-28 07:38:41,2,False,1,3,2025-12,Churn
SESS-344429,Acceso y Seguridad,error_login,@soyDev54,2026-02-05 13:24:14,1,True,0,3,2026-02,Resuelto
SESS-344463,Acceso y Seguridad,error_login,@theKitty87,2026-04-11 13:17:40,1,True,0,3,2026-04,Resuelto
SESS-344661,Acceso y Seguridad,error_login,@theKitty33,2026-01-02 04:54:04,1,True,0,3,2026-01,Resuelto
SESS-344688,Soporte Técnico y Despacho,logistica_envio,@soyKitty67,2026-03-02 01:31:09,2,False,1,3,2026-03,Churn
SESS-345102,Acceso y Seguridad,error_login,@soyDev77,2025-12-07 07:02:57,1,True,0,3,2025-12,Resuelto
SESS-345219,Gestion de Cuenta,cambio_plan,@theKitty65,2025-12-19 01:49:32,1,True,0,3,2025-12,Resuelto
SESS-345418,Gestion de Cuenta,cambio_plan,@theMarely76,2026-03-24 16:41:22,1,True,0,3,2026-03,Resuelto
SESS-345626,Soporte Técnico y Despacho,logistica_envio,@soyMarely23,2025-11-20 20:15:33,1,True,0,3,2025-11,Resuelto
SESS-345717,Gestion de Cuenta,cambio_plan,@theMarely12,2025-11-19 14:07:51,1,True,0,3,2025-11,Resuelto
SESS-346113,Soporte Técnico y Despacho,logistica_envio,@soyKitty24,2026-02-04 09:46:16,2,False,1,3,2026-02,Churn
SESS-346142,Facturación y Cobros,problema_pago,@theKitty30,2025-11-09 01:23:54,2,False,1,3,2025-11,Churn
SESS-346324,Facturación y Cobros,problema_pago,@soyKitty14,2025-11-17 23:34:51,2,False,1,3,2025-11,Churn
SESS-346789,Acceso y Seguridad,error_login,@soyKitty99,2026-01-09 01:46:07,1,True,0,3,2026-01,Resuelto
SESS-346792,Gestion de Cuenta,cambio_plan,@soyMarely41,2026-02-19 14:28:10,1,True,0,3,2026-02,Resuelto
SESS-346945,Acceso y Seguridad,error_login,@soyDev32,2026-03-04 10:34:07,1,True,0,3,2026-03,Resuelto
SESS-346961,Facturación y Cobros,problema_pago,@soyKitty11,2025-11-23 00:59:55,2,False,1,3,2025-11,Churn
SESS-347034,Soporte Técnico y Despacho,logistica_envio,@theMarely20,2025-12-09 03:41:53,1,True,0,3,2025-12,Resuelto
SESS-347199,Soporte Técnico y Despacho,logistica_envio,@theKitty81,2025-12-17 14:59:26,2,False,1,3,2025-12,Churn
SESS-347304,Soporte Técnico y Despacho,logistica_envio,@theDev60,2025-11-18 21:45:40,1,True,0,3,2025-11,Resuelto
SESS-347649,Acceso y Seguridad,error_login,@theMarely74,2026-03-21 02:33:03,1,True,0,3,2026-03,Resuelto
SESS-347800,Acceso y Seguridad,error_login,@theKitty16,2026-02-20 22:23:49,1,True,0,3,2026-02,Resuelto
SESS-348016,Acceso y Seguridad,error_login,@soyMarely14,2025-12-09 08:26:46,1,True,0,3,2025-12,Resuelto
SESS-348153,Soporte Técnico y Despacho,logistica_envio,@soyMarely30,2026-05-02 19:36:34,1,True,0,3,2026-05,Resuelto
SESS-348158,Acceso y Seguridad,error_login,@theMarely78,2025-12-02 06:34:18,2,False,1,3,2025-12,Churn
SESS-348190,Acceso y Seguridad,error_login,@theMarely37,2026-03-19 16:13:28,1,True,0,3,2026-03,Resuelto
SESS-348243,Facturación y Cobros,problema_pago,@soyMarely61,2026-03-09 11:29:15,1,True,0,3,2026-03,Resuelto
SESS-348259,Gestion de Cuenta,cambio_plan,@theKitty91,2026-01-05 13:13:03,1,True,0,3,2026-01,Resuelto
SESS-348283,Gestion de Cuenta,cambio_plan,@soyDev13,2026-02-12 12:52:47,2,False,1,3,2026-02,Churn
SESS-348558,Soporte Técnico y Despacho,logistica_envio,@soyKitty69,2026-04-08 15:12:23,1,True,0,3,2026-04,Resuelto
SESS-348681,Soporte Técnico y Despacho,logistica_envio,@theKitty58,2026-03-26 17:45:20,2,False,1,3,2026-03,Churn
SESS-348793,Gestion de Cuenta,cambio_plan,@theKitty75,2025-12-28 03:58:42,2,False,1,3,2025-12,Churn
SESS-348947,Soporte Técnico y Despacho,logistica_envio,@soyMarely23,2026-01-09 05:41:28,2,False,1,3,2026-01,Churn
SESS-348964,Facturación y Cobros,problema_pago,@theKitty27,2026-04-11 01:14:59,1,True,0,3,2026-04,Resuelto
SESS-349002,Gestion de Cuenta,cambio_plan,@soyDev89,2026-02-28 15:38:10,2,False,1,3,2026-02,Churn
SESS-349146,Soporte Técnico y Despacho,logistica_envio,@theMarely63,2026-03-23 23:24:50,1,True,0,3,2026-03,Resuelto
SESS-349483,Acceso y Seguridad,error_login,@theDev60,2026-03-30 17:36:36,1,True,0,3,2026-03,Resuelto
SESS-349556,Acceso y Seguridad,error_login,@theMarely57,2026-02-14 16:49:39,2,False,1,3,2026-02,Churn
SESS-349563,Gestion de Cuenta,cambio_plan,@theMarely54,2026-04-01 06:39:05,2,False,1,3,2026-04,Churn
SESS-349638,Soporte Técnico y Despacho,logistica_envio,@soyMarely19,2025-12-30 16:07:50,2,False,1,3,2025-12,Churn
SESS-350295,Gestion de Cuenta,cambio_plan,@soyDev83,2026-01-24 23:02:54,1,True,0,3,2026-01,Resuelto
SESS-350381,Facturación y Cobros,problema_pago,@soyMarely97,2025-11-21 21:32:32,2,False,1,3,2025-11,Churn
SESS-350421,Soporte Técnico y Despacho,logistica_envio,@theKitty84,2025-12-07 05:46:52,1,True,0,3,2025-12,Resuelto
SESS-350527,Acceso y Seguridad,error_login,@soyDev29,2026-02-22 13:40:49,1,True,0,3,2026-02,Resuelto
SESS-350552,Gestion de Cuenta,cambio_plan,@theMarely61,2026-01-04 12:20:42,2,False,1,3,2026-01,Churn
SESS-350748,Facturación y Cobros,problema_pago,@theDev28,2026-03-02 15:24:12,1,True,0,3,2026-03,Resuelto
SESS-350886,Acceso y Seguridad,error_login,@theKitty88,2026-02-05 20:12:01,1,True,0,3,2026-02,Resuelto
SESS-351197,Facturación y Cobros,problema_pago,@soyKitty42,2026-03-21 14:28:45,2,False,1,3,2026-03,Churn
SESS-351423,Acceso y Seguridad,error_login,@soyDev31,2025-12-07 20:48:11,1,True,0,3,2025-12,Resuelto
SESS-351491,Facturación y Cobros,problema_pago,@theDev87,2026-04-28 05:25:05,2,False,1,3,2026-04,Churn
SESS-351556,Facturación y Cobros,problema_pago,@soyDev97,2025-11-11 10:38:34,2,False,1,3,2025-11,Churn
SESS-351604,Soporte Técnico y Despacho,logistica_envio,@soyMarely36,2026-02-13 22:19:19,1,True,0,3,2026-02,Resuelto
SESS-352197,Facturación y Cobros,problema_pago,@soyDev95,2026-01-05 04:22:02,1,True,0,3,2026-01,Resuelto
SESS-352225,Soporte Técnico y Despacho,logistica_envio,@theMarely36,2025-12-21 03:39:22,1,True,0,3,2025-12,Resuelto
SESS-352325,Gestion de Cuenta,cambio_plan,@theMarely23,2026-03-11 02:08:24,1,True,0,3,2026-03,Resuelto
SESS-352354,Facturación y Cobros,problema_pago,@soyKitty86,2026-04-23 10:36:31,2,False,1,3,2026-04,Churn
SESS-352426,Soporte Técnico y Despacho,logistica_envio,@theKitty18,2026-03-21 08:01:14,1,True,0,3,2026-03,Resuelto
SESS-352481,Acceso y Seguridad,error_login,@theMarely42,2026-03-31 20:38:45,1,True,0,3,2026-03,Resuelto
SESS-352539,Facturación y Cobros,problema_pago,@soyKitty32,2026-01-21 00:13:41,2,False,1,3,2026-01,Churn
SESS-352754,Soporte Técnico y Despacho,logistica_envio,@theDev33,2026-01-11 20:52:15,1,True,0,3,2026-01,Resuelto
SESS-352759,Facturación y Cobros,problema_pago,@theDev29,2025-12-29 05:59:30,2,False,1,3,2025-12,Churn
SESS-352869,Soporte Técnico y Despacho,logistica_envio,@soyMarely33,2025-12-31 10:17:59,2,False,1,3,2025-12,Churn
SESS-353182,Soporte Técnico y Despacho,logistica_envio,@theDev41,2026-02-09 09:58:23,2,False,1,3,2026-02,Churn
SESS-353212,Facturación y Cobros,problema_pago,@soyMarely96,2025-11-25 03:05:50,1,True,0,3,2025-11,Resuelto
SESS-353319,Acceso y Seguridad,error_login,@theDev64,2026-02-09 12:35:46,1,True,0,3,2026-02,Resuelto
SESS-353335,Soporte Técnico y Despacho,logistica_envio,@soyDev43,2026-03-30 19:39:40,1,True,0,3,2026-03,Resuelto
SESS-353438,Gestion de Cuenta,cambio_plan,@theDev95,2025-11-30 13:21:20,1,True,0,3,2025-11,Resuelto
SESS-353616,Facturación y Cobros,problema_pago,@theKitty15,2025-12-30 09:35:55,1,True,0,3,2025-12,Resuelto
SESS-353751,Gestion de Cuenta,cambio_plan,@soyDev68,2026-04-28 14:56:19,1,True,0,3,2026-04,Resuelto
SESS-353843,Soporte Técnico y Despacho,logistica_envio,@theMarely12,2026-01-06 22:50:12,2,False,1,3,2026-01,Churn
SESS-353853,Soporte Técnico y Despacho,logistica_envio,@soyDev64,2026-01-16 06:56:04,2,False,1,3,2026-01,Churn
SESS-353913,Soporte Técnico y Despacho,logistica_envio,@soyDev53,2026-03-21 08:32:49,2,False,1,3,2026-03,Churn
SESS-353977,Soporte Técnico y Despacho,logistica_envio,@theKitty72,2026-04-29 11:26:05,1,True,0,3,2026-04,Resuelto
SESS-354005,Facturación y Cobros,problema_pago,@theMarely42,2026-02-07 12:32:51,2,False,1,3,2026-02,Churn
SESS-354064,Soporte Técnico y Despacho,logistica_envio,@soyDev87,2026-01-03 03:18:48,2,False,1,3,2026-01,Churn
SESS-354090,Acceso y Seguridad,error_login,@soyMarely65,2025-12-30 11:22:45,2,False,1,3,2025-12,Churn
SESS-354148,Gestion de Cuenta,cambio_plan,@theMarely85,2026-02-28 15:11:14,1,True,0,3,2026-02,Resuelto
SESS-354221,Acceso y Seguridad,error_login,@soyMarely14,2026-03-21 06:45:19,2,False,1,3,2026-03,Churn
SESS-354370,Acceso y Seguridad,error_login,@theKitty97,2026-03-25 00:43:42,1,True,0,3,2026-03,Resuelto
SESS-354379,Soporte Técnico y Despacho,logistica_envio,@soyMarely80,2026-01-18 11:30:41,1,True,0,3,2026-01,Resuelto
SESS-354478,Gestion de Cuenta,cambio_plan,@theDev68,2025-12-07 09:36:36,1,True,0,3,2025-12,Resuelto
SESS-354479,Soporte Técnico y Despacho,logistica_envio,@soyDev24,2025-11-24 13:03:17,1,True,0,3,2025-11,Resuelto
SESS-354579,Soporte Técnico y Despacho,logistica_envio,@soyDev21,2026-04-05 18:34:31,2,False,1,3,2026-04,Churn
SESS-354695,Soporte Técnico y Despacho,logistica_envio,@soyMarely31,2026-02-17 07:11:57,1,True,0,3,2026-02,Resuelto
SESS-354734,Facturación y Cobros,problema_pago,@soyKitty56,2026-03-24 14:36:21,2,False,1,3,2026-03,Churn
SESS-354739,Soporte Técnico y Despacho,logistica_envio,@soyDev60,2025-12-23 18:20:13,1,True,0,3,2025-12,Resuelto
SESS-355032,Facturación y Cobros,problema_pago,@soyMarely96,2026-04-01 06:23:08,2,False,1,3,2026-04,Churn
SESS-355082,Acceso y Seguridad,error_login,@theDev87,2025-11-08 16:24:29,2,False,1,3,2025-11,Churn
SESS-355280,Gestion de Cuenta,cambio_plan,@soyDev95,2026-04-18 06:04:22,2,False,1,3,2026-04,Churn
SESS-355333,Acceso y Seguridad,error_login,@soyKitty12,2026-01-10 08:25:39,1,True,0,3,2026-01,Resuelto
SESS-355578,Soporte Técnico y Despacho,logistica_envio,@theDev81,2026-01-29 17:39:15,1,True,0,3,2026-01,Resuelto
SESS-355627,Gestion de Cuenta,cambio_plan,@theKitty75,2025-12-03 02:45:00,1,True,0,3,2025-12,Resuelto
SESS-355716,Gestion de Cuenta,cambio_plan,@soyDev63,2026-01-15 19:22:40,2,False,1,3,2026-01,Churn
SESS-355803,Facturación y Cobros,problema_pago,@theKitty39,2026-02-13 19:21:51,1,True,0,3,2026-02,Resuelto
SESS-355830,Facturación y Cobros,problema_pago,@soyDev26,2026-01-22 22:12:57,2,False,1,3,2026-01,Churn
SESS-355860,Facturación y Cobros,problema_pago,@theDev74,2025-11-18 22:51:55,1,True,0,3,2025-11,Resuelto
SESS-356416,Soporte Técnico y Despacho,logistica_envio,@theKitty10,2026-03-23 10:37:30,1,True,0,3,2026-03,Resuelto
SESS-356800,Gestion de Cuenta,cambio_plan,@soyKitty29,2026-02-16 23:31:08,2,False,1,3,2026-02,Churn
SESS-356819,Soporte Técnico y Despacho,logistica_envio,@theKitty23,2026-01-10 09:47:52,1,True,0,3,2026-01,Resuelto
SESS-356849,Acceso y Seguridad,error_login,@soyKitty69,2025-12-28 02:09:55,1,True,0,3,2025-12,Resuelto
SESS-357105,Gestion de Cuenta,cambio_plan,@soyMarely38,2026-02-08 11:14:25,2,False,1,3,2026-02,Churn
SESS-357139,Facturación y Cobros,problema_pago,@soyDev53,2026-01-04 02:56:05,2,False,1,3,2026-01,Churn
SESS-357146,Gestion de Cuenta,cambio_plan,@theKitty74,2025-12-22 07:35:49,1,True,0,3,2025-12,Resuelto
SESS-357172,Gestion de Cuenta,cambio_plan,@soyKitty17,2026-01-01 12:19:10,2,False,1,3,2026-01,Churn
SESS-357245,Facturación y Cobros,problema_pago,@soyKitty63,2025-12-18 09:30:44,2,False,1,3,2025-12,Churn
SESS-357383,Acceso y Seguridad,error_login,@soyMarely79,2026-02-22 04:26:40,2,False,1,3,2026-02,Churn
SESS-357902,Soporte Técnico y Despacho,logistica_envio,@soyMarely92,2025-12-29 23:39:39,2,False,1,3,2025-12,Churn
SESS-357938,Facturación y Cobros,problema_pago,@soyKitty45,2025-11-21 11:46:21,1,True,0,3,2025-11,Resuelto
SESS-358019,Facturación y Cobros,problema_pago,@theDev77,2026-04-30 07:27:57,1,True,0,3,2026-04,Resuelto
SESS-358090,Soporte Técnico y Despacho,logistica_envio,@theKitty90,2025-11-14 18:37:46,1,True,0,3,2025-11,Resuelto
SESS-358232,Facturación y Cobros,problema_pago,@soyDev34,2025-11-18 03:53:34,1,True,0,3,2025-11,Resuelto
SESS-358244,Soporte Técnico y Despacho,logistica_envio,@theDev32,2026-03-23 16:29:42,1,True,0,3,2026-03,Resuelto
SESS-358464,Acceso y Seguridad,error_login,@soyDev47,2026-02-16 02:37:59,1,True,0,3,2026-02,Resuelto
SESS-358513,Gestion de Cuenta,cambio_plan,@theDev34,2026-03-09 11:26:34,1,True,0,3,2026-03,Resuelto
SESS-358673,Gestion de Cuenta,cambio_plan,@soyKitty98,2025-11-30 06:22:06,1,True,0,3,2025-11,Resuelto
SESS-358770,Acceso y Seguridad,error_login,@soyKitty36,2025-12-01 21:07:43,2,False,1,3,2025-12,Churn
SESS-358890,Gestion de Cuenta,cambio_plan,@theKitty81,2026-01-27 23:41:50,1,True,0,3,2026-01,Resuelto
SESS-358980,Acceso y Seguridad,error_login,@soyKitty48,2025-11-30 07:11:38,1,True,0,3,2025-11,Resuelto
SESS-359060,Acceso y Seguridad,error_login,@soyMarely88,2025-12-22 12:27:50,1,True,0,3,2025-12,Resuelto
SESS-359278,Soporte Técnico y Despacho,logistica_envio,@theKitty15,2025-12-17 23:04:46,2,False,1,3,2025-12,Churn
SESS-359603,Facturación y Cobros,problema_pago,@soyDev84,2025-12-09 02:53:37,1,True,0,3,2025-12,Resuelto
SESS-359605,Facturación y Cobros,problema_pago,@theMarely66,2026-01-18 11:05:34,1,True,0,3,2026-01,Resuelto
SESS-359795,Soporte Técnico y Despacho,logistica_envio,@soyDev28,2026-04-27 07:59:12,1,True,0,3,2026-04,Resuelto
SESS-359846,Gestion de Cuenta,cambio_plan,@theKitty35,2026-02-14 21:28:09,2,False,1,3,2026-02,Churn
SESS-360384,Acceso y Seguridad,error_login,@soyDev98,2026-01-28 18:25:08,1,True,0,3,2026-01,Resuelto
SESS-360425,Acceso y Seguridad,error_login,@soyMarely17,2026-02-09 00:07:48,2,False,1,3,2026-02,Churn
SESS-360517,Facturación y Cobros,problema_pago,@soyDev25,2026-04-18 22:25:13,1,True,0,3,2026-04,Resuelto
SESS-360535,Soporte Técnico y Despacho,logistica_envio,@theMarely58,2026-05-01 02:05:56,1,True,0,3,2026-05,Resuelto
SESS-360599,Soporte Técnico y Despacho,logistica_envio,@soyDev99,2026-05-06 20:05:58,1,True,0,3,2026-05,Resuelto
SESS-360836,Soporte Técnico y Despacho,logistica_envio,@theMarely48,2025-11-13 02:42:53,2,False,1,3,2025-11,Churn
SESS-360987,Gestion de Cuenta,cambio_plan,@theKitty63,2026-01-12 22:37:13,2,False,1,3,2026-01,Churn
SESS-361066,Gestion de Cuenta,cambio_plan,@soyDev17,2025-12-29 20:00:35,1,True,0,3,2025-12,Resuelto
SESS-361135,Acceso y Seguridad,error_login,@theMarely19,2025-12-26 19:00:44,1,True,0,3,2025-12,Resuelto
SESS-361227,Gestion de Cuenta,cambio_plan,@theMarely71,2026-02-16 13:37:41,1,True,0,3,2026-02,Resuelto
SESS-361591,Soporte Técnico y Despacho,logistica_envio,@soyMarely62,2026-04-17 20:15:14,1,True,0,3,2026-04,Resuelto
SESS-361739,Soporte Técnico y Despacho,logistica_envio,@soyKitty65,2026-02-10 17:15:49,1,True,0,3,2026-02,Resuelto
SESS-361759,Acceso y Seguridad,error_login,@soyKitty55,2026-02-04 00:19:27,2,False,1,3,2026-02,Churn
SESS-361885,Gestion de Cuenta,cambio_plan,@theKitty77,2026-02-12 08:26:58,1,True,0,3,2026-02,Resuelto
SESS-361961,Facturación y Cobros,problema_pago,@theKitty63,2026-05-01 11:34:15,1,True,0,3,2026-05,Resuelto
SESS-362090,Facturación y Cobros,problema_pago,@soyKitty49,2026-02-08 13:25:24,2,False,1,3,2026-02,Churn
SESS-362163,Gestion de Cuenta,cambio_plan,@soyKitty19,2026-03-13 07:31:37,1,True,0,3,2026-03,Resuelto
SESS-362752,Facturación y Cobros,problema_pago,@theKitty75,2026-01-25 08:56:23,2,False,1,3,2026-01,Churn
SESS-362797,Acceso y Seguridad,error_login,@soyMarely14,2026-01-22 01:43:33,1,True,0,3,2026-01,Resuelto
SESS-363192,Soporte Técnico y Despacho,logistica_envio,@soyMarely93,2026-04-14 15:30:48,1,True,0,3,2026-04,Resuelto
SESS-363354,Acceso y Seguridad,error_login,@soyKitty53,2026-04-29 10:34:29,2,False,1,3,2026-04,Churn
SESS-363488,Facturación y Cobros,problema_pago,@soyDev33,2025-12-07 21:42:02,1,True,0,3,2025-12,Resuelto
SESS-363595,Gestion de Cuenta,cambio_plan,@soyDev91,2026-03-24 19:08:52,1,True,0,3,2026-03,Resuelto
SESS-363635,Gestion de Cuenta,cambio_plan,@theKitty25,2026-04-06 17:51:44,2,False,1,3,2026-04,Churn
SESS-363774,Facturación y Cobros,problema_pago,@soyMarely49,2025-12-30 21:00:21,2,False,1,3,2025-12,Churn
SESS-363810,Gestion de Cuenta,cambio_plan,@theMarely85,2025-12-27 05:17:59,1,True,0,3,2025-12,Resuelto
SESS-363946,Facturación y Cobros,problema_pago,@theMarely73,2025-12-01 18:25:15,2,False,1,3,2025-12,Churn
SESS-364024,Soporte Técnico y Despacho,logistica_envio,@theKitty39,2026-04-10 08:21:26,1,True,0,3,2026-04,Resuelto
SESS-364095,Soporte Técnico y Despacho,logistica_envio,@soyMarely82,2025-11-24 10:34:30,2,False,1,3,2025-11,Churn
SESS-364147,Facturación y Cobros,problema_pago,@soyMarely87,2025-12-02 02:04:21,1,True,0,3,2025-12,Resuelto
SESS-364346,Acceso y Seguridad,error_login,@theKitty50,2026-03-09 21:18:29,1,True,0,3,2026-03,Resuelto
SESS-364427,Facturación y Cobros,problema_pago,@theMarely47,2025-11-17 07:20:07,1,True,0,3,2025-11,Resuelto
SESS-364620,Soporte Técnico y Despacho,logistica_envio,@soyKitty79,2025-12-13 21:49:48,2,False,1,3,2025-12,Churn
SESS-364908,Gestion de Cuenta,cambio_plan,@theMarely12,2025-12-27 00:35:40,2,False,1,3,2025-12,Churn
SESS-365001,Facturación y Cobros,problema_pago,@soyKitty40,2025-12-04 05:10:18,2,False,1,3,2025-12,Churn
SESS-365265,Facturación y Cobros,problema_pago,@soyDev45,2026-04-18 14:04:03,1,True,0,3,2026-04,Resuelto
SESS-365271,Soporte Técnico y Despacho,logistica_envio,@theDev85,2026-02-12 12:49:41,1,True,0,3,2026-02,Resuelto
SESS-365406,Soporte Técnico y Despacho,logistica_envio,@theMarely88,2026-01-09 02:10:58,2,False,1,3,2026-01,Churn
SESS-365686,Soporte Técnico y Despacho,logistica_envio,@theKitty71,2026-01-14 08:04:07,2,False,1,3,2026-01,Churn
SESS-365688,Gestion de Cuenta,cambio_plan,@soyDev38,2026-02-24 15:30:06,1,True,0,3,2026-02,Resuelto
SESS-365766,Acceso y Seguridad,error_login,@theDev58,2026-01-06 01:11:00,1,True,0,3,2026-01,Resuelto
SESS-365805,Gestion de Cuenta,cambio_plan,@soyKitty53,2025-12-01 06:35:04,1,True,0,3,2025-12,Resuelto
SESS-366253,Soporte Técnico y Despacho,logistica_envio,@soyDev97,2025-12-04 01:52:36,1,True,0,3,2025-12,Resuelto
SESS-366356,Soporte Técnico y Despacho,logistica_envio,@theKitty45,2026-04-21 03:46:02,1,True,0,3,2026-04,Resuelto
SESS-366385,Soporte Técnico y Despacho,logistica_envio,@soyDev17,2026-02-02 04:51:07,1,True,0,3,2026-02,Resuelto
SESS-366569,Facturación y Cobros,problema_pago,@theMarely90,2026-03-31 22:30:35,2,False,1,3,2026-03,Churn
SESS-366996,Facturación y Cobros,problema_pago,@theMarely91,2026-04-24 10:31:54,2,False,1,3,2026-04,Churn
SESS-367073,Acceso y Seguridad,error_login,@theDev27,2026-02-01 16:45:09,1,True,0,3,2026-02,Resuelto
SESS-367314,Facturación y Cobros,problema_pago,@soyDev50,2025-12-28 08:12:59,1,True,0,3,2025-12,Resuelto
SESS-367501,Gestion de Cuenta,cambio_plan,@theDev72,2026-03-18 15:02:21,1,True,0,3,2026-03,Resuelto
SESS-367587,Gestion de Cuenta,cambio_plan,@soyDev59,2026-04-09 12:30:11,1,True,0,3,2026-04,Resuelto
SESS-367829,Acceso y Seguridad,error_login,@theDev54,2026-04-16 05:08:36,2,False,1,3,2026-04,Churn
SESS-367932,Acceso y Seguridad,error_login,@soyKitty92,2025-12-19 17:43:51,1,True,0,3,2025-12,Resuelto
SESS-367944,Acceso y Seguridad,error_login,@theMarely10,2026-04-24 06:35:11,1,True,0,3,2026-04,Resuelto
SESS-368110,Acceso y Seguridad,error_login,@soyKitty73,2025-12-16 18:44:23,1,True,0,3,2025-12,Resuelto
SESS-368191,Soporte Técnico y Despacho,logistica_envio,@theDev71,2026-04-08 05:06:27,1,True,0,3,2026-04,Resuelto
SESS-368225,Facturación y Cobros,problema_pago,@theMarely87,2025-11-10 09:38:50,1,True,0,3,2025-11,Resuelto
SESS-368228,Soporte Técnico y Despacho,logistica_envio,@theDev63,2026-05-04 11:06:39,2,False,1,3,2026-05,Churn
SESS-368660,Soporte Técnico y Despacho,logistica_envio,@soyMarely20,2025-11-14 13:49:00,2,False,1,3,2025-11,Churn
SESS-368759,Soporte Técnico y Despacho,logistica_envio,@soyDev28,2026-01-01 09:26:32,1,True,0,3,2026-01,Resuelto
SESS-368822,Gestion de Cuenta,cambio_plan,@soyMarely27,2025-12-14 08:03:45,1,True,0,3,2025-12,Resuelto
SESS-369274,Acceso y Seguridad,error_login,@soyDev90,2026-04-08 10:57:33,1,True,0,3,2026-04,Resuelto
SESS-369275,Facturación y Cobros,problema_pago,@soyDev60,2026-04-05 10:39:54,1,True,0,3,2026-04,Resuelto
SESS-369409,Soporte Técnico y Despacho,logistica_envio,@theDev36,2026-01-17 15:58:31,2,False,1,3,2026-01,Churn
SESS-369494,Facturación y Cobros,problema_pago,@soyKitty59,2026-04-11 13:22:20,1,True,0,3,2026-04,Resuelto
SESS-369597,Gestion de Cuenta,cambio_plan,@soyMarely68,2026-02-22 21:43:23,2,False,1,3,2026-02,Churn
SESS-369943,Gestion de Cuenta,cambio_plan,@theDev55,2026-02-14 03:13:13,1,True,0,3,2026-02,Resuelto
SESS-370171,Gestion de Cuenta,cambio_plan,@soyKitty33,2026-04-28 07:21:32,1,True,0,3,2026-04,Resuelto
SESS-370265,Facturación y Cobros,problema_pago,@soyDev41,2025-12-14 21:58:15,2,False,1,3,2025-12,Churn
SESS-370540,Facturación y Cobros,problema_pago,@theKitty50,2025-12-08 21:03:21,2,False,1,3,2025-12,Churn
SESS-370838,Acceso y Seguridad,error_login,@soyMarely13,2026-04-25 23:35:15,1,True,0,3,2026-04,Resuelto
SESS-371023,Facturación y Cobros,problema_pago,@theDev52,2025-12-03 00:02:12,1,True,0,3,2025-12,Resuelto
SESS-371200,Facturación y Cobros,problema_pago,@soyDev30,2026-05-02 14:58:26,2,False,1,3,2026-05,Churn
SESS-371235,Soporte Técnico y Despacho,logistica_envio,@soyDev28,2025-12-08 11:50:56,1,True,0,3,2025-12,Resuelto
SESS-371292,Acceso y Seguridad,error_login,@soyMarely54,2026-02-13 22:13:50,1,True,0,3,2026-02,Resuelto
SESS-371454,Gestion de Cuenta,cambio_plan,@theMarely78,2026-04-21 20:33:46,2,False,1,3,2026-04,Churn
SESS-371505,Facturación y Cobros,problema_pago,@soyDev31,2026-02-03 20:45:05,1,True,0,3,2026-02,Resuelto
SESS-371835,Soporte Técnico y Despacho,logistica_envio,@theKitty35,2026-01-15 08:51:10,2,False,1,3,2026-01,Churn
SESS-371890,Acceso y Seguridad,error_login,@theMarely35,2026-03-15 03:19:31,1,True,0,3,2026-03,Resuelto
SESS-371920,Gestion de Cuenta,cambio_plan,@soyDev59,2026-01-27 09:56:15,2,False,1,3,2026-01,Churn
SESS-371935,Soporte Técnico y Despacho,logistica_envio,@theDev36,2026-03-11 06:51:05,2,False,1,3,2026-03,Churn
SESS-372094,Gestion de Cuenta,cambio_plan,@theDev87,2026-01-22 14:55:49,1,True,0,3,2026-01,Resuelto
SESS-372515,Gestion de Cuenta,cambio_plan,@soyKitty68,2025-11-19 10:32:17,1,True,0,3,2025-11,Resuelto
SESS-372672,Gestion de Cuenta,cambio_plan,@soyKitty41,2025-11-28 05:11:56,1,True,0,3,2025-11,Resuelto
SESS-372738,Acceso y Seguridad,error_login,@soyMarely15,2025-11-09 00:47:30,1,True,0,3,2025-11,Resuelto
SESS-373045,Gestion de Cuenta,cambio_plan,@soyMarely78,2025-11-29 22:11:56,2,False,1,3,2025-11,Churn
SESS-373222,Acceso y Seguridad,error_login,@theMarely68,2026-02-12 17:47:09,2,False,1,3,2026-02,Churn
SESS-373243,Acceso y Seguridad,error_login,@soyMarely67,2026-04-07 07:07:47,1,True,0,3,2026-04,Resuelto
SESS-373412,Facturación y Cobros,problema_pago,@soyDev99,2026-01-22 12:00:42,2,False,1,3,2026-01,Churn
SESS-373492,Acceso y Seguridad,error_login,@soyDev13,2026-03-23 17:58:43,1,True,0,3,2026-03,Resuelto
SESS-373667,Soporte Técnico y Despacho,logistica_envio,@soyMarely89,2026-01-01 10:44:47,1,True,0,3,2026-01,Resuelto
SESS-373859,Acceso y Seguridad,error_login,@soyMarely52,2026-02-01 12:40:06,1,True,0,3,2026-02,Resuelto
SESS-373933,Acceso y Seguridad,error_login,@soyMarely67,2026-03-27 20:11:58,1,True,0,3,2026-03,Resuelto
SESS-373964,Gestion de Cuenta,cambio_plan,@soyDev64,2025-12-21 04:01:25,1,True,0,3,2025-12,Resuelto
SESS-373976,Acceso y Seguridad,error_login,@soyDev61,2026-01-05 21:50:23,2,False,1,3,2026-01,Churn
SESS-374108,Acceso y Seguridad,error_login,@theMarely57,2025-11-26 21:16:24,2,False,1,3,2025-11,Churn
SESS-374394,Acceso y Seguridad,error_login,@theMarely62,2026-02-25 22:21:03,2,False,1,3,2026-02,Churn
SESS-374420,Gestion de Cuenta,cambio_plan,@soyMarely18,2026-01-17 14:39:28,2,False,1,3,2026-01,Churn
SESS-374787,Facturación y Cobros,problema_pago,@theMarely71,2026-02-25 20:22:51,1,True,0,3,2026-02,Resuelto
SESS-374827,Soporte Técnico y Despacho,logistica_envio,@theMarely85,2025-12-11 06:31:31,1,True,0,3,2025-12,Resuelto
SESS-374876,Facturación y Cobros,problema_pago,@theDev31,2026-01-08 09:59:36,1,True,0,3,2026-01,Resuelto
SESS-375062,Facturación y Cobros,problema_pago,@theDev55,2025-11-28 21:18:45,1,True,0,3,2025-11,Resuelto
SESS-375094,Acceso y Seguridad,error_login,@theDev79,2026-03-30 04:32:41,1,True,0,3,2026-03,Resuelto
SESS-375172,Gestion de Cuenta,cambio_plan,@soyDev36,2026-01-05 22:14:28,1,True,0,3,2026-01,Resuelto
SESS-375393,Acceso y Seguridad,error_login,@theMarely63,2025-12-23 07:50:24,1,True,0,3,2025-12,Resuelto
SESS-375514,Acceso y Seguridad,error_login,@theMarely49,2026-02-21 07:07:00,1,True,0,3,2026-02,Resuelto
SESS-375580,Acceso y Seguridad,error_login,@soyMarely26,2026-04-24 08:08:17,1,True,0,3,2026-04,Resuelto
SESS-375663,Gestion de Cuenta,cambio_plan,@soyKitty88,2025-12-25 19:09:54,2,False,1,3,2025-12,Churn
SESS-376160,Acceso y Seguridad,error_login,@theMarely48,2026-01-10 17:17:47,1,True,0,3,2026-01,Resuelto
SESS-376396,Gestion de Cuenta,cambio_plan,@soyKitty10,2026-03-08 09:58:02,2,False,1,3,2026-03,Churn
SESS-376489,Acceso y Seguridad,error_login,@theMarely40,2026-01-04 02:28:56,1,True,0,3,2026-01,Resuelto
SESS-377106,Soporte Técnico y Despacho,logistica_envio,@theDev22,2026-03-08 15:44:01,1,True,0,3,2026-03,Resuelto
SESS-377159,Gestion de Cuenta,cambio_plan,@soyKitty27,2026-04-28 02:18:59,1,True,0,3,2026-04,Resuelto
SESS-377731,Soporte Técnico y Despacho,logistica_envio,@soyMarely67,2026-03-16 08:18:22,1,True,0,3,2026-03,Resuelto
SESS-377835,Gestion de Cuenta,cambio_plan,@soyKitty11,2026-01-27 11:36:51,1,True,0,3,2026-01,Resuelto
SESS-377915,Soporte Técnico y Despacho,logistica_envio,@soyDev17,2025-11-24 22:40:57,1,True,0,3,2025-11,Resuelto
SESS-378052,Facturación y Cobros,problema_pago,@theKitty38,2026-04-20 08:26:00,2,False,1,3,2026-04,Churn
SESS-378120,Gestion de Cuenta,cambio_plan,@soyMarely91,2026-03-04 14:02:28,2,False,1,3,2026-03,Churn
SESS-378169,Soporte Técnico y Despacho,logistica_envio,@theDev54,2026-02-06 10:56:49,1,True,0,3,2026-02,Resuelto
SESS-378229,Gestion de Cuenta,cambio_plan,@soyDev41,2026-03-27 05:33:10,1,True,0,3,2026-03,Resuelto
SESS-378236,Soporte Técnico y Despacho,logistica_envio,@soyMarely16,2026-03-04 23:40:05,2,False,1,3,2026-03,Churn
SESS-378245,Gestion de Cuenta,cambio_plan,@theDev69,2026-04-12 08:02:09,1,True,0,3,2026-04,Resuelto
SESS-378337,Soporte Técnico y Despacho,logistica_envio,@soyDev56,2026-01-07 17:12:02,2,False,1,3,2026-01,Churn
SESS-378489,Facturación y Cobros,problema_pago,@soyDev49,2026-04-24 05:55:34,1,True,0,3,2026-04,Resuelto
SESS-379090,Soporte Técnico y Despacho,logistica_envio,@soyMarely64,2025-12-09 23:37:17,2,False,1,3,2025-12,Churn
SESS-379117,Facturación y Cobros,problema_pago,@theMarely63,2026-01-27 21:25:54,1,True,0,3,2026-01,Resuelto
SESS-379186,Gestion de Cuenta,cambio_plan,@soyKitty73,2026-01-12 01:02:30,1,True,0,6,2026-01,Resuelto
SESS-379504,Soporte Técnico y Despacho,logistica_envio,@theDev43,2025-12-11 11:09:35,1,True,0,3,2025-12,Resuelto
SESS-379639,Facturación y Cobros,problema_pago,@theKitty51,2025-12-04 01:21:53,2,False,1,3,2025-12,Churn
SESS-379758,Acceso y Seguridad,error_login,@soyDev32,2026-03-11 20:11:50,1,True,0,3,2026-03,Resuelto
SESS-380269,Facturación y Cobros,problema_pago,@theMarely63,2025-12-09 06:22:00,1,True,0,3,2025-12,Resuelto
SESS-380315,Facturación y Cobros,problema_pago,@theDev49,2026-04-03 01:55:09,2,False,1,3,2026-04,Churn
SESS-380367,Gestion de Cuenta,cambio_plan,@theDev17,2026-02-09 05:08:32,1,True,0,3,2026-02,Resuelto
SESS-380529,Facturación y Cobros,problema_pago,@soyKitty71,2025-12-24 14:29:42,1,True,0,3,2025-12,Resuelto
SESS-380565,Facturación y Cobros,problema_pago,@soyMarely79,2026-04-29 05:32:00,2,False,1,3,2026-04,Churn
SESS-380586,Gestion de Cuenta,cambio_plan,@soyDev19,2025-12-10 18:05:52,1,True,0,3,2025-12,Resuelto
SESS-380659,Facturación y Cobros,problema_pago,@theKitty75,2026-01-22 03:52:55,2,False,1,3,2026-01,Churn
SESS-380724,Soporte Técnico y Despacho,logistica_envio,@soyMarely64,2026-05-02 10:48:30,2,False,1,3,2026-05,Churn
SESS-380751,Acceso y Seguridad,error_login,@soyKitty23,2026-03-25 15:27:24,1,True,0,3,2026-03,Resuelto
SESS-380850,Acceso y Seguridad,error_login,@theDev39,2026-02-27 03:33:25,1,True,0,3,2026-02,Resuelto
SESS-381043,Acceso y Seguridad,error_login,@theKitty23,2025-11-12 17:53:31,2,False,1,3,2025-11,Churn
SESS-381068,Soporte Técnico y Despacho,logistica_envio,@theMarely87,2026-01-05 06:49:09,2,False,1,3,2026-01,Churn
SESS-381074,Acceso y Seguridad,error_login,@theMarely88,2026-01-11 19:59:04,1,True,0,3,2026-01,Resuelto
SESS-381118,Acceso y Seguridad,error_login,@theMarely13,2026-03-22 21:22:28,1,True,0,3,2026-03,Resuelto
SESS-381389,Acceso y Seguridad,error_login,@theKitty16,2025-12-16 05:00:32,1,True,0,3,2025-12,Resuelto
SESS-381529,Facturación y Cobros,problema_pago,@soyKitty89,2026-02-20 18:15:15,1,True,0,3,2026-02,Resuelto
SESS-381552,Gestion de Cuenta,cambio_plan,@theKitty10,2026-01-30 23:17:36,2,False,1,3,2026-01,Churn
SESS-381689,Soporte Técnico y Despacho,logistica_envio,@theMarely98,2026-03-22 14:11:11,1,True,0,3,2026-03,Resuelto
SESS-381765,Acceso y Seguridad,error_login,@theMarely50,2025-12-12 02:30:20,2,False,1,3,2025-12,Churn
SESS-381854,Gestion de Cuenta,cambio_plan,@soyKitty71,2026-02-26 08:54:26,1,True,0,3,2026-02,Resuelto
SESS-381939,Gestion de Cuenta,cambio_plan,@theDev22,2026-04-25 23:54:38,2,False,1,3,2026-04,Churn
SESS-382054,Soporte Técnico y Despacho,logistica_envio,@theDev16,2026-03-14 23:09:24,2,False,1,3,2026-03,Churn
SESS-382129,Acceso y Seguridad,error_login,@soyDev71,2025-11-17 19:07:50,1,True,0,3,2025-11,Resuelto
SESS-382245,Acceso y Seguridad,error_login,@theDev92,2026-02-08 14:41:52,1,True,0,3,2026-02,Resuelto
SESS-382326,Acceso y Seguridad,error_login,@theKitty49,2026-03-26 07:44:23,1,True,0,3,2026-03,Resuelto
SESS-382357,Acceso y Seguridad,error_login,@soyMarely20,2025-12-12 00:13:23,1,True,0,3,2025-12,Resuelto
SESS-382511,Gestion de Cuenta,cambio_plan,@soyKitty60,2026-01-08 11:20:41,1,True,0,3,2026-01,Resuelto
SESS-382551,Gestion de Cuenta,cambio_plan,@soyKitty16,2026-03-31 08:18:48,1,True,0,3,2026-03,Resuelto
SESS-382590,Soporte Técnico y Despacho,logistica_envio,@theDev91,2026-03-31 20:27:37,2,False,1,3,2026-03,Churn
SESS-382673,Soporte Técnico y Despacho,logistica_envio,@theMarely64,2025-12-05 18:36:48,2,False,1,3,2025-12,Churn
SESS-382756,Facturación y Cobros,problema_pago,@theDev23,2026-02-08 22:31:36,2,False,1,3,2026-02,Churn
SESS-382822,Gestion de Cuenta,cambio_plan,@theMarely28,2026-01-15 17:36:46,1,True,0,3,2026-01,Resuelto
SESS-383035,Gestion de Cuenta,cambio_plan,@theKitty92,2026-03-24 00:15:41,2,False,1,3,2026-03,Churn
SESS-383197,Facturación y Cobros,problema_pago,@soyDev96,2026-01-16 04:03:13,1,True,0,3,2026-01,Resuelto
SESS-383255,Gestion de Cuenta,cambio_plan,@theMarely46,2025-11-20 23:23:41,2,False,1,3,2025-11,Churn
SESS-383267,Gestion de Cuenta,cambio_plan,@theMarely77,2026-01-06 23:38:43,2,False,1,3,2026-01,Churn
SESS-383342,Gestion de Cuenta,cambio_plan,@soyKitty96,2026-01-08 11:59:19,1,True,0,3,2026-01,Resuelto
SESS-383386,Acceso y Seguridad,error_login,@theDev14,2026-03-07 21:27:07,1,True,0,3,2026-03,Resuelto
SESS-383671,Facturación y Cobros,problema_pago,@theDev90,2026-03-29 23:44:41,2,False,1,3,2026-03,Churn
SESS-383698,Facturación y Cobros,problema_pago,@soyKitty59,2026-03-17 11:16:30,1,True,0,3,2026-03,Resuelto
SESS-383756,Acceso y Seguridad,error_login,@soyMarely18,2026-02-05 05:00:35,2,False,1,3,2026-02,Churn
SESS-383888,Gestion de Cuenta,cambio_plan,@soyKitty75,2026-01-05 02:52:40,1,True,0,3,2026-01,Resuelto
SESS-384135,Gestion de Cuenta,cambio_plan,@theDev86,2026-01-13 21:24:28,1,True,0,3,2026-01,Resuelto
SESS-384153,Acceso y Seguridad,error_login,@theMarely18,2025-12-30 05:35:34,1,True,0,3,2025-12,Resuelto
SESS-384227,Soporte Técnico y Despacho,logistica_envio,@theKitty89,2025-12-14 14:41:35,1,True,0,3,2025-12,Resuelto
SESS-384295,Soporte Técnico y Despacho,logistica_envio,@theDev92,2026-04-30 11:01:07,1,True,0,3,2026-04,Resuelto
SESS-384427,Facturación y Cobros,problema_pago,@theMarely50,2026-03-02 11:32:08,2,False,1,3,2026-03,Churn
SESS-384756,Gestion de Cuenta,cambio_plan,@theKitty17,2025-11-16 12:42:54,2,False,1,3,2025-11,Churn
SESS-385039,Acceso y Seguridad,error_login,@theDev93,2025-12-31 15:05:12,1,True,0,3,2025-12,Resuelto
SESS-385105,Gestion de Cuenta,cambio_plan,@soyKitty60,2026-02-10 17:07:03,1,True,0,3,2026-02,Resuelto
SESS-385174,Gestion de Cuenta,cambio_plan,@theDev80,2026-01-13 23:24:03,2,False,1,3,2026-01,Churn
SESS-385513,Acceso y Seguridad,error_login,@soyMarely52,2026-04-12 00:31:50,1,True,0,3,2026-04,Resuelto
SESS-385921,Facturación y Cobros,problema_pago,@theMarely88,2026-04-11 17:13:34,2,False,1,3,2026-04,Churn
SESS-385964,Acceso y Seguridad,error_login,@soyKitty50,2025-12-05 11:53:39,2,False,1,3,2025-12,Churn
SESS-386058,Acceso y Seguridad,error_login,@theKitty31,2026-03-22 11:13:04,2,False,1,3,2026-03,Churn
SESS-386129,Gestion de Cuenta,cambio_plan,@soyMarely65,2026-03-22 05:32:20,1,True,0,3,2026-03,Resuelto
SESS-386316,Gestion de Cuenta,cambio_plan,@theKitty87,2025-12-08 17:44:14,2,False,1,3,2025-12,Churn
SESS-386335,Facturación y Cobros,problema_pago,@soyKitty14,2026-02-28 01:05:57,2,False,1,3,2026-02,Churn
SESS-386378,Facturación y Cobros,problema_pago,@theMarely19,2025-12-02 09:24:50,2,False,1,3,2025-12,Churn
SESS-386392,Soporte Técnico y Despacho,logistica_envio,@theMarely84,2025-12-21 17:56:56,1,True,0,3,2025-12,Resuelto
SESS-386419,Facturación y Cobros,problema_pago,@soyDev86,2025-11-13 02:59:57,1,True,0,3,2025-11,Resuelto
SESS-386721,Acceso y Seguridad,error_login,@soyMarely53,2025-11-29 16:55:17,2,False,1,3,2025-11,Churn
SESS-386787,Facturación y Cobros,problema_pago,@soyMarely51,2026-01-18 19:36:49,2,False,1,3,2026-01,Churn
SESS-386797,Gestion de Cuenta,cambio_plan,@theDev48,2026-02-16 04:44:26,1,True,0,3,2026-02,Resuelto
SESS-386840,Soporte Técnico y Despacho,logistica_envio,@soyKitty71,2026-02-03 12:59:11,1,True,0,3,2026-02,Resuelto
SESS-387267,Facturación y Cobros,problema_pago,@theKitty31,2026-04-26 10:19:20,2,False,1,3,2026-04,Churn
SESS-387269,Gestion de Cuenta,cambio_plan,@theMarely11,2026-04-04 23:12:48,1,True,0,3,2026-04,Resuelto
SESS-387909,Acceso y Seguridad,error_login,@soyMarely97,2026-04-03 16:48:01,2,False,1,3,2026-04,Churn
SESS-387935,Facturación y Cobros,problema_pago,@soyKitty99,2026-01-16 06:49:57,1,True,0,3,2026-01,Resuelto
SESS-388025,Acceso y Seguridad,error_login,@theMarely52,2026-02-17 19:54:09,1,True,0,3,2026-02,Resuelto
SESS-388222,Acceso y Seguridad,error_login,@soyDev69,2025-11-26 12:07:46,1,True,0,3,2025-11,Resuelto
SESS-388413,Facturación y Cobros,problema_pago,@theKitty37,2026-01-15 04:15:52,2,False,1,3,2026-01,Churn
SESS-388530,Gestion de Cuenta,cambio_plan,@soyMarely10,2025-11-09 12:11:37,1,True,0,3,2025-11,Resuelto
SESS-389101,Soporte Técnico y Despacho,logistica_envio,@soyMarely87,2025-12-14 04:32:10,1,True,0,3,2025-12,Resuelto
SESS-389120,Gestion de Cuenta,cambio_plan,@soyDev15,2026-01-21 22:59:07,1,True,0,3,2026-01,Resuelto
SESS-389204,Soporte Técnico y Despacho,logistica_envio,@theMarely22,2025-12-03 20:58:33,2,False,1,3,2025-12,Churn
SESS-389242,Facturación y Cobros,problema_pago,@theDev41,2025-12-19 11:39:54,1,True,0,3,2025-12,Resuelto
SESS-389390,Acceso y Seguridad,error_login,@soyKitty28,2026-02-12 08:20:52,1,True,0,3,2026-02,Resuelto
SESS-389457,Facturación y Cobros,problema_pago,@soyMarely14,2026-01-30 16:39:04,2,False,1,3,2026-01,Churn
SESS-389462,Acceso y Seguridad,error_login,@soyKitty42,2026-01-13 20:25:54,1,True,0,3,2026-01,Resuelto
SESS-389719,Acceso y Seguridad,error_login,@soyMarely41,2026-04-21 20:43:53,1,True,0,3,2026-04,Resuelto
SESS-389822,Acceso y Seguridad,error_login,@theKitty22,2025-12-03 10:27:07,1,True,0,3,2025-12,Resuelto
SESS-389835,Acceso y Seguridad,error_login,@theMarely39,2026-01-31 00:09:44,1,True,0,3,2026-01,Resuelto
SESS-389892,Gestion de Cuenta,cambio_plan,@soyMarely15,2026-03-02 08:18:38,2,False,1,3,2026-03,Churn
SESS-389960,Facturación y Cobros,problema_pago,@soyKitty42,2026-03-30 18:23:37,1,True,0,3,2026-03,Resuelto
SESS-390146,Facturación y Cobros,problema_pago,@soyDev32,2026-04-15 13:17:53,1,True,0,3,2026-04,Resuelto
SESS-390364,Acceso y Seguridad,error_login,@soyDev45,2026-01-28 09:39:16,2,False,1,3,2026-01,Churn
SESS-390572,Soporte Técnico y Despacho,logistica_envio,@theMarely33,2026-01-16 17:27:13,2,False,1,3,2026-01,Churn
SESS-390618,Facturación y Cobros,problema_pago,@theDev95,2025-11-08 18:18:11,2,False,1,3,2025-11,Churn
SESS-390877,Facturación y Cobros,problema_pago,@theMarely95,2026-02-23 21:25:20,1,True,0,3,2026-02,Resuelto
SESS-391073,Acceso y Seguridad,error_login,@soyDev55,2026-02-17 16:16:02,1,True,0,3,2026-02,Resuelto
SESS-391076,Facturación y Cobros,problema_pago,@theDev18,2025-12-26 01:30:51,1,True,0,3,2025-12,Resuelto
SESS-391095,Acceso y Seguridad,error_login,@soyKitty10,2026-02-26 10:55:39,1,True,0,3,2026-02,Resuelto
SESS-391185,Facturación y Cobros,problema_pago,@soyKitty21,2025-12-03 03:10:39,1,True,0,3,2025-12,Resuelto
SESS-391358,Soporte Técnico y Despacho,logistica_envio,@theKitty32,2025-12-09 18:36:27,1,True,0,3,2025-12,Resuelto
SESS-391577,Soporte Técnico y Despacho,logistica_envio,@soyDev64,2026-01-20 07:15:26,1,True,0,3,2026-01,Resuelto
SESS-391721,Gestion de Cuenta,cambio_plan,@soyDev96,2026-01-05 10:19:43,1,True,0,3,2026-01,Resuelto
SESS-391908,Acceso y Seguridad,error_login,@soyDev11,2026-01-22 06:11:36,2,False,1,3,2026-01,Churn
SESS-391914,Soporte Técnico y Despacho,logistica_envio,@theKitty21,2026-01-11 10:13:46,1,True,0,3,2026-01,Resuelto
SESS-392017,Facturación y Cobros,problema_pago,@theDev56,2026-02-18 20:07:51,1,True,0,3,2026-02,Resuelto
SESS-392080,Gestion de Cuenta,cambio_plan,@theKitty93,2026-03-24 22:26:44,1,True,0,3,2026-03,Resuelto
SESS-392264,Acceso y Seguridad,error_login,@theDev47,2026-02-10 00:05:10,2,False,1,3,2026-02,Churn
SESS-392391,Gestion de Cuenta,cambio_plan,@theKitty93,2025-12-19 12:57:28,2,False,1,3,2025-12,Churn
SESS-392627,Facturación y Cobros,problema_pago,@theKitty78,2026-04-30 23:12:21,1,True,0,3,2026-04,Resuelto
SESS-392755,Acceso y Seguridad,error_login,@soyDev41,2026-04-08 09:06:52,1,True,0,3,2026-04,Resuelto
SESS-393264,Facturación y Cobros,problema_pago,@theKitty59,2026-02-08 09:31:31,2,False,1,3,2026-02,Churn
SESS-393330,Acceso y Seguridad,error_login,@soyKitty71,2026-03-02 17:27:19,1,True,0,3,2026-03,Resuelto
SESS-393538,Acceso y Seguridad,error_login,@theKitty47,2025-11-22 17:45:48,2,False,1,3,2025-11,Churn
SESS-393984,Acceso y Seguridad,error_login,@theDev33,2025-12-25 11:14:13,1,True,0,3,2025-12,Resuelto
SESS-394160,Soporte Técnico y Despacho,logistica_envio,@theMarely78,2026-03-11 00:23:40,1,True,0,3,2026-03,Resuelto
SESS-394226,Gestion de Cuenta,cambio_plan,@theKitty92,2025-12-21 15:24:02,2,False,1,3,2025-12,Churn
SESS-394374,Soporte Técnico y Despacho,logistica_envio,@soyDev75,2025-12-07 00:55:16,1,True,0,3,2025-12,Resuelto
SESS-394451,Acceso y Seguridad,error_login,@soyKitty29,2026-02-18 07:53:11,1,True,0,3,2026-02,Resuelto
SESS-394710,Facturación y Cobros,problema_pago,@theDev81,2025-12-22 17:42:07,1,True,0,3,2025-12,Resuelto
SESS-394910,Gestion de Cuenta,cambio_plan,@theMarely96,2026-02-05 11:57:22,1,True,0,3,2026-02,Resuelto
SESS-394979,Facturación y Cobros,problema_pago,@soyKitty60,2025-12-15 10:02:52,2,False,1,3,2025-12,Churn
SESS-395084,Acceso y Seguridad,error_login,@theMarely80,2026-01-10 17:57:50,1,True,0,3,2026-01,Resuelto
SESS-395134,Gestion de Cuenta,cambio_plan,@soyDev70,2026-04-13 02:05:46,2,False,1,3,2026-04,Churn
SESS-395388,Acceso y Seguridad,error_login,@soyDev80,2026-02-05 20:25:21,1,True,0,3,2026-02,Resuelto
SESS-395668,Acceso y Seguridad,error_login,@soyKitty36,2026-03-11 10:59:18,1,True,0,3,2026-03,Resuelto
SESS-395758,Soporte Técnico y Despacho,logistica_envio,@theDev70,2025-12-15 17:45:06,2,False,1,3,2025-12,Churn
SESS-395970,Gestion de Cuenta,cambio_plan,@soyDev38,2026-03-06 02:43:04,2,False,1,3,2026-03,Churn
SESS-396396,Acceso y Seguridad,error_login,@soyDev80,2026-03-15 11:44:49,1,True,0,3,2026-03,Resuelto
SESS-396490,Acceso y Seguridad,error_login,@soyMarely59,2026-03-25 01:38:53,2,False,1,3,2026-03,Churn
SESS-396566,Soporte Técnico y Despacho,logistica_envio,@soyDev56,2025-12-12 08:25:18,1,True,0,3,2025-12,Resuelto
SESS-396769,Gestion de Cuenta,cambio_plan,@soyDev56,2026-01-03 20:52:57,1,True,0,3,2026-01,Resuelto
SESS-396924,Gestion de Cuenta,cambio_plan,@soyKitty25,2025-12-03 12:33:17,2,False,1,3,2025-12,Churn
SESS-396969,Facturación y Cobros,problema_pago,@theMarely29,2026-04-05 13:03:08,2,False,1,3,2026-04,Churn
SESS-397104,Soporte Técnico y Despacho,logistica_envio,@theDev75,2026-04-25 21:00:57,1,True,0,3,2026-04,Resuelto
SESS-397199,Acceso y Seguridad,error_login,@theDev55,2025-12-11 00:30:10,1,True,0,3,2025-12,Resuelto
SESS-397289,Soporte Técnico y Despacho,logistica_envio,@theMarely87,2025-11-29 20:51:03,1,True,0,3,2025-11,Resuelto
SESS-397291,Gestion de Cuenta,cambio_plan,@soyMarely95,2026-03-28 00:02:37,1,True,0,3,2026-03,Resuelto
SESS-397518,Soporte Técnico y Despacho,logistica_envio,@soyDev71,2026-03-10 09:51:16,2,False,1,3,2026-03,Churn
SESS-397887,Facturación y Cobros,problema_pago,@theKitty86,2026-03-21 12:15:39,1,True,0,3,2026-03,Resuelto
SESS-398219,Gestion de Cuenta,cambio_plan,@theMarely60,2026-02-23 07:01:51,2,False,1,3,2026-02,Churn
SESS-398263,Soporte Técnico y Despacho,logistica_envio,@theKitty40,2026-02-12 17:14:28,1,True,0,3,2026-02,Resuelto
SESS-398302,Facturación y Cobros,problema_pago,@soyMarely92,2025-12-27 16:46:58,2,False,1,3,2025-12,Churn
SESS-398493,Facturación y Cobros,problema_pago,@theKitty80,2026-04-11 13:35:52,2,False,1,3,2026-04,Churn
SESS-398710,Soporte Técnico y Despacho,logistica_envio,@theKitty48,2026-02-03 18:49:20,1,True,0,3,2026-02,Resuelto
SESS-398879,Gestion de Cuenta,cambio_plan,@soyMarely85,2025-12-10 06:57:28,1,True,0,3,2025-12,Resuelto
SESS-399358,Facturación y Cobros,problema_pago,@theMarely76,2025-12-17 02:08:17,1,True,0,3,2025-12,Resuelto
SESS-399377,Gestion de Cuenta,cambio_plan,@soyKitty56,2026-03-08 17:23:44,2,False,1,3,2026-03,Churn
SESS-399452,Gestion de Cuenta,cambio_plan,@soyDev45,2025-12-15 11:07:58,1,True,0,3,2025-12,Resuelto
SESS-399505,Soporte Técnico y Despacho,logistica_envio,@soyMarely17,2026-03-11 12:56:37,2,False,1,3,2026-03,Churn
SESS-399751,Facturación y Cobros,problema_pago,@soyKitty94,2026-03-31 06:14:40,1,True,0,3,2026-03,Resuelto
SESS-399771,Gestion de Cuenta,cambio_plan,@soyDev49,2026-02-17 11:27:37,1,True,0,3,2026-02,Resuelto
SESS-399833,Gestion de Cuenta,cambio_plan,@theDev87,2026-02-22 19:41:39,2,False,1,3,2026-02,Churn
SESS-399851,Facturación y Cobros,problema_pago,@theMarely73,2025-12-21 00:20:48,1,True,0,3,2025-12,Resuelto
SESS-400053,Acceso y Seguridad,error_login,@soyKitty65,2026-03-24 22:21:19,2,False,1,3,2026-03,Churn
SESS-400122,Facturación y Cobros,problema_pago,@theMarely74,2025-12-13 13:02:46,1,True,0,3,2025-12,Resuelto
SESS-400257,Acceso y Seguridad,error_login,@soyMarely56,2026-02-14 14:33:40,2,False,1,3,2026-02,Churn
SESS-400575,Acceso y Seguridad,error_login,@soyDev82,2026-04-08 03:29:21,1,True,0,3,2026-04,Resuelto
SESS-400764,Facturación y Cobros,problema_pago,@soyKitty10,2026-01-16 15:17:47,1,True,0,3,2026-01,Resuelto
SESS-401046,Soporte Técnico y Despacho,logistica_envio,@soyDev27,2026-03-09 00:07:52,1,True,0,3,2026-03,Resuelto
SESS-401088,Acceso y Seguridad,error_login,@theKitty54,2025-12-27 05:02:11,1,True,0,3,2025-12,Resuelto
SESS-401152,Acceso y Seguridad,error_login,@theMarely39,2025-11-28 00:14:37,2,False,1,3,2025-11,Churn
SESS-401226,Soporte Técnico y Despacho,logistica_envio,@theDev79,2025-11-30 12:07:49,2,False,1,3,2025-11,Churn
SESS-401267,Facturación y Cobros,problema_pago,@soyMarely24,2026-04-27 15:18:55,1,True,0,3,2026-04,Resuelto
SESS-401549,Gestion de Cuenta,cambio_plan,@theMarely50,2025-12-01 08:31:24,1,True,0,3,2025-12,Resuelto
SESS-401577,Soporte Técnico y Despacho,logistica_envio,@soyMarely80,2026-01-15 03:36:31,1,True,0,3,2026-01,Resuelto
SESS-401633,Gestion de Cuenta,cambio_plan,@theKitty67,2025-12-09 05:32:34,1,True,0,3,2025-12,Resuelto
SESS-401670,Soporte Técnico y Despacho,logistica_envio,@theMarely46,2025-11-28 01:08:57,1,True,0,3,2025-11,Resuelto
SESS-401673,Soporte Técnico y Despacho,logistica_envio,@soyDev98,2026-01-26 23:21:46,1,True,0,3,2026-01,Resuelto
SESS-401715,Soporte Técnico y Despacho,logistica_envio,@soyMarely89,2026-04-27 08:21:36,1,True,0,3,2026-04,Resuelto
SESS-401830,Soporte Técnico y Despacho,logistica_envio,@theKitty79,2025-12-20 23:42:41,2,False,1,3,2025-12,Churn
SESS-401849,Soporte Técnico y Despacho,logistica_envio,@soyKitty54,2025-12-14 18:11:04,1,True,0,3,2025-12,Resuelto
SESS-401972,Gestion de Cuenta,cambio_plan,@soyKitty33,2025-12-10 22:43:49,2,False,1,3,2025-12,Churn
SESS-402038,Gestion de Cuenta,cambio_plan,@soyDev92,2026-01-07 08:14:26,1,True,0,3,2026-01,Resuelto
SESS-402325,Soporte Técnico y Despacho,logistica_envio,@soyDev43,2026-01-21 17:21:17,1,True,0,3,2026-01,Resuelto
SESS-402569,Gestion de Cuenta,cambio_plan,@theDev98,2026-01-05 18:54:59,1,True,0,3,2026-01,Resuelto
SESS-402826,Acceso y Seguridad,error_login,@soyMarely30,2026-02-13 23:57:09,1,True,0,3,2026-02,Resuelto
SESS-402862,Acceso y Seguridad,error_login,@soyKitty49,2026-02-10 09:03:40,2,False,1,3,2026-02,Churn
SESS-402865,Gestion de Cuenta,cambio_plan,@soyDev81,2026-03-16 22:22:28,1,True,0,3,2026-03,Resuelto
SESS-402876,Soporte Técnico y Despacho,logistica_envio,@theKitty60,2026-03-08 20:23:06,1,True,0,3,2026-03,Resuelto
SESS-402900,Soporte Técnico y Despacho,logistica_envio,@soyKitty63,2026-04-08 07:35:03,2,False,1,3,2026-04,Churn
SESS-403039,Soporte Técnico y Despacho,logistica_envio,@theMarely13,2025-12-08 20:24:29,2,False,1,3,2025-12,Churn
SESS-403116,Acceso y Seguridad,error_login,@soyMarely41,2026-04-29 05:35:29,2,False,1,3,2026-04,Churn
SESS-403260,Soporte Técnico y Despacho,logistica_envio,@soyMarely91,2025-12-11 21:32:29,1,True,0,3,2025-12,Resuelto
SESS-403361,Acceso y Seguridad,error_login,@theKitty78,2026-05-03 15:54:05,2,False,1,3,2026-05,Churn
SESS-403480,Facturación y Cobros,problema_pago,@soyKitty11,2026-03-27 08:23:11,2,False,1,3,2026-03,Churn
SESS-403497,Gestion de Cuenta,cambio_plan,@soyDev29,2025-11-18 16:19:28,1,True,0,3,2025-11,Resuelto
SESS-403915,Gestion de Cuenta,cambio_plan,@soyMarely24,2025-12-17 03:28:59,1,True,0,3,2025-12,Resuelto
SESS-404113,Gestion de Cuenta,cambio_plan,@soyKitty51,2026-04-11 05:50:51,1,True,0,3,2026-04,Resuelto
SESS-404315,Facturación y Cobros,problema_pago,@theKitty23,2025-12-10 20:28:09,2,False,1,3,2025-12,Churn
SESS-404324,Facturación y Cobros,problema_pago,@soyDev29,2025-12-17 21:43:32,2,True,1,6,2025-12,Churn
SESS-404413,Gestion de Cuenta,cambio_plan,@soyMarely82,2025-12-06 03:09:32,1,True,0,3,2025-12,Resuelto
SESS-404737,Soporte Técnico y Despacho,logistica_envio,@theKitty36,2026-01-24 10:59:17,2,False,1,3,2026-01,Churn
SESS-404781,Soporte Técnico y Despacho,logistica_envio,@soyMarely36,2026-01-16 02:50:21,1,True,0,3,2026-01,Resuelto
SESS-405114,Gestion de Cuenta,cambio_plan,@theKitty95,2025-12-17 12:24:53,2,False,1,3,2025-12,Churn
SESS-405115,Acceso y Seguridad,error_login,@theKitty11,2026-04-24 18:25:41,1,True,0,3,2026-04,Resuelto
SESS-405130,Gestion de Cuenta,cambio_plan,@soyDev69,2026-04-28 23:50:56,1,True,0,3,2026-04,Resuelto
SESS-405172,Soporte Técnico y Despacho,logistica_envio,@soyDev13,2025-12-30 15:04:51,2,False,1,3,2025-12,Churn
SESS-405307,Soporte Técnico y Despacho,logistica_envio,@soyDev79,2025-12-01 11:18:16,1,True,0,3,2025-12,Resuelto
SESS-405406,Facturación y Cobros,problema_pago,@theKitty54,2026-01-31 19:25:27,2,False,1,3,2026-01,Churn
SESS-405746,Soporte Técnico y Despacho,logistica_envio,@soyKitty99,2026-01-10 14:00:03,1,True,0,3,2026-01,Resuelto
SESS-405757,Soporte Técnico y Despacho,logistica_envio,@theKitty44,2025-11-10 02:28:12,1,True,0,3,2025-11,Resuelto
SESS-405910,Gestion de Cuenta,cambio_plan,@theDev78,2026-02-09 07:16:46,2,False,1,3,2026-02,Churn
SESS-405930,Acceso y Seguridad,error_login,@theKitty83,2026-03-21 02:06:41,1,True,0,3,2026-03,Resuelto
SESS-406042,Facturación y Cobros,problema_pago,@soyMarely70,2025-12-18 01:39:24,2,False,1,3,2025-12,Churn
SESS-406291,Soporte Técnico y Despacho,logistica_envio,@soyDev26,2025-11-09 12:07:33,1,True,0,3,2025-11,Resuelto
SESS-406347,Facturación y Cobros,problema_pago,@theMarely15,2026-01-31 11:57:48,1,True,0,3,2026-01,Resuelto
SESS-406387,Facturación y Cobros,problema_pago,@theMarely89,2026-02-22 04:58:33,2,False,1,3,2026-02,Churn
SESS-406510,Facturación y Cobros,problema_pago,@theKitty57,2025-12-25 05:08:56,1,True,0,3,2025-12,Resuelto
SESS-406762,Gestion de Cuenta,cambio_plan,@soyKitty39,2025-11-13 14:41:46,1,True,0,3,2025-11,Resuelto
SESS-406982,Soporte Técnico y Despacho,logistica_envio,@soyKitty57,2026-02-20 10:21:51,1,True,0,3,2026-02,Resuelto
SESS-407223,Facturación y Cobros,problema_pago,@theKitty61,2026-02-19 13:13:08,1,True,0,3,2026-02,Resuelto
SESS-407539,Gestion de Cuenta,cambio_plan,@soyMarely54,2026-03-12 02:24:29,1,True,0,3,2026-03,Resuelto
SESS-408022,Gestion de Cuenta,cambio_plan,@soyMarely91,2026-01-28 13:42:37,2,False,1,3,2026-01,Churn
SESS-408042,Acceso y Seguridad,error_login,@theDev82,2026-01-25 11:09:51,1,True,0,3,2026-01,Resuelto
SESS-408094,Facturación y Cobros,problema_pago,@theMarely59,2025-11-23 18:15:57,1,True,0,3,2025-11,Resuelto
SESS-408248,Soporte Técnico y Despacho,logistica_envio,@soyMarely50,2025-12-09 14:35:28,2,False,1,3,2025-12,Churn
SESS-408352,Soporte Técnico y Despacho,logistica_envio,@theMarely12,2026-04-19 03:38:36,1,True,0,3,2026-04,Resuelto
SESS-408547,Facturación y Cobros,problema_pago,@theMarely89,2025-11-09 18:09:00,1,True,0,3,2025-11,Resuelto
SESS-408576,Gestion de Cuenta,cambio_plan,@soyKitty86,2026-03-11 11:30:25,2,False,1,3,2026-03,Churn
SESS-408616,Acceso y Seguridad,error_login,@theKitty82,2025-11-30 23:16:44,2,False,1,3,2025-11,Churn
SESS-408651,Acceso y Seguridad,error_login,@soyDev43,2025-11-09 11:03:29,1,True,0,3,2025-11,Resuelto
SESS-408676,Acceso y Seguridad,error_login,@theKitty13,2026-01-02 18:21:27,1,True,0,3,2026-01,Resuelto
SESS-408828,Facturación y Cobros,problema_pago,@theMarely86,2026-03-15 04:10:01,1,True,0,3,2026-03,Resuelto
SESS-409129,Facturación y Cobros,problema_pago,@theDev43,2026-02-24 21:45:16,1,True,0,3,2026-02,Resuelto
SESS-409202,Gestion de Cuenta,cambio_plan,@theDev56,2026-02-04 05:04:53,1,True,0,3,2026-02,Resuelto
SESS-409426,Acceso y Seguridad,error_login,@soyMarely16,2026-03-20 15:26:16,1,True,0,3,2026-03,Resuelto
SESS-409480,Gestion de Cuenta,cambio_plan,@theKitty50,2026-04-25 05:05:52,1,True,0,3,2026-04,Resuelto
SESS-409510,Soporte Técnico y Despacho,logistica_envio,@soyKitty39,2025-11-13 07:44:11,1,True,0,3,2025-11,Resuelto
SESS-409520,Acceso y Seguridad,error_login,@theMarely69,2026-02-02 16:06:07,2,False,1,3,2026-02,Churn
SESS-409654,Gestion de Cuenta,cambio_plan,@theDev40,2026-02-27 03:31:17,1,True,0,3,2026-02,Resuelto
SESS-409982,Acceso y Seguridad,error_login,@theMarely70,2026-02-22 11:37:22,2,False,1,3,2026-02,Churn
SESS-409998,Soporte Técnico y Despacho,logistica_envio,@theKitty54,2026-01-14 19:39:34,2,False,1,3,2026-01,Churn
SESS-410259,Facturación y Cobros,problema_pago,@theKitty22,2026-01-09 08:15:23,1,True,0,3,2026-01,Resuelto
SESS-410278,Gestion de Cuenta,cambio_plan,@soyKitty71,2026-04-08 16:32:02,1,True,0,3,2026-04,Resuelto
SESS-410300,Gestion de Cuenta,cambio_plan,@soyDev50,2025-11-14 04:35:44,1,True,0,3,2025-11,Resuelto
SESS-410718,Soporte Técnico y Despacho,logistica_envio,@theDev15,2025-11-14 21:30:53,1,True,0,3,2025-11,Resuelto
SESS-410773,Facturación y Cobros,problema_pago,@soyMarely17,2026-02-27 13:36:58,2,False,1,3,2026-02,Churn
SESS-411144,Soporte Técnico y Despacho,logistica_envio,@theKitty39,2026-04-17 02:29:49,2,False,1,3,2026-04,Churn
SESS-411334,Gestion de Cuenta,cambio_plan,@theKitty22,2026-01-11 11:46:55,1,True,0,3,2026-01,Resuelto
SESS-411579,Acceso y Seguridad,error_login,@soyKitty69,2025-12-16 08:51:11,1,True,0,3,2025-12,Resuelto
SESS-411737,Acceso y Seguridad,error_login,@theMarely25,2026-02-23 12:52:24,1,True,0,3,2026-02,Resuelto
SESS-411829,Facturación y Cobros,problema_pago,@theKitty39,2026-03-04 14:45:14,1,True,0,3,2026-03,Resuelto
SESS-412244,Gestion de Cuenta,cambio_plan,@theKitty42,2026-03-17 20:58:27,2,False,1,3,2026-03,Churn
SESS-412358,Gestion de Cuenta,cambio_plan,@soyDev23,2026-01-17 04:00:02,2,False,1,3,2026-01,Churn
SESS-412368,Soporte Técnico y Despacho,logistica_envio,@soyDev51,2025-11-16 12:12:41,1,True,0,3,2025-11,Resuelto
SESS-412414,Acceso y Seguridad,error_login,@theMarely93,2026-01-03 23:55:00,2,False,1,3,2026-01,Churn
SESS-412880,Acceso y Seguridad,error_login,@theMarely47,2026-02-19 20:37:58,1,True,0,3,2026-02,Resuelto
SESS-413004,Facturación y Cobros,problema_pago,@theDev44,2025-12-24 19:23:00,2,False,1,3,2025-12,Churn
SESS-413413,Gestion de Cuenta,cambio_plan,@soyDev21,2026-01-26 00:38:58,2,False,1,3,2026-01,Churn
SESS-413454,Gestion de Cuenta,cambio_plan,@theMarely35,2026-01-11 03:59:46,2,False,1,3,2026-01,Churn
SESS-413494,Soporte Técnico y Despacho,logistica_envio,@theDev39,2025-12-09 08:39:18,1,True,0,3,2025-12,Resuelto
SESS-413543,Acceso y Seguridad,error_login,@soyMarely53,2026-01-14 01:10:04,1,True,0,3,2026-01,Resuelto
SESS-413572,Facturación y Cobros,problema_pago,@soyMarely66,2025-11-12 06:57:58,1,True,0,3,2025-11,Resuelto
SESS-413576,Acceso y Seguridad,error_login,@soyKitty90,2026-03-21 12:26:27,1,True,0,3,2026-03,Resuelto
SESS-413586,Acceso y Seguridad,error_login,@soyKitty23,2026-04-13 19:46:33,1,True,0,3,2026-04,Resuelto
SESS-413616,Acceso y Seguridad,error_login,@theKitty91,2025-11-13 01:36:21,1,True,0,3,2025-11,Resuelto
SESS-413780,Facturación y Cobros,problema_pago,@theDev19,2026-04-03 14:53:56,2,False,1,3,2026-04,Churn
SESS-414328,Acceso y Seguridad,error_login,@soyMarely73,2026-04-03 22:58:25,1,True,0,3,2026-04,Resuelto
SESS-414565,Gestion de Cuenta,cambio_plan,@theKitty17,2025-12-06 11:22:52,2,False,1,3,2025-12,Churn
SESS-414664,Soporte Técnico y Despacho,logistica_envio,@soyDev72,2026-02-06 07:56:44,1,True,0,3,2026-02,Resuelto
SESS-414742,Facturación y Cobros,problema_pago,@soyMarely41,2025-12-18 03:27:42,1,True,0,3,2025-12,Resuelto
SESS-414758,Acceso y Seguridad,error_login,@theMarely31,2026-01-27 08:40:08,1,True,0,3,2026-01,Resuelto
SESS-414991,Facturación y Cobros,problema_pago,@theMarely62,2025-11-11 08:18:28,1,True,0,3,2025-11,Resuelto
SESS-415071,Facturación y Cobros,problema_pago,@theMarely97,2026-01-28 22:15:17,1,True,0,3,2026-01,Resuelto
SESS-415157,Gestion de Cuenta,cambio_plan,@soyDev96,2026-01-02 13:35:11,1,True,0,3,2026-01,Resuelto
SESS-415271,Acceso y Seguridad,error_login,@theMarely23,2026-01-26 09:30:46,1,True,0,3,2026-01,Resuelto
SESS-415280,Facturación y Cobros,problema_pago,@soyMarely97,2026-02-12 09:25:03,2,False,1,3,2026-02,Churn
SESS-415516,Acceso y Seguridad,error_login,@soyKitty46,2026-03-21 18:50:44,2,False,1,3,2026-03,Churn
SESS-416203,Facturación y Cobros,problema_pago,@theDev31,2025-11-21 18:32:46,2,False,1,3,2025-11,Churn
SESS-416231,Acceso y Seguridad,error_login,@theKitty24,2026-03-18 07:00:45,1,True,0,3,2026-03,Resuelto
SESS-416344,Soporte Técnico y Despacho,logistica_envio,@soyDev47,2026-02-22 22:42:58,2,False,1,3,2026-02,Churn
SESS-416354,Acceso y Seguridad,error_login,@theKitty13,2026-05-06 03:26:05,1,True,0,3,2026-05,Resuelto
SESS-416382,Soporte Técnico y Despacho,logistica_envio,@theKitty49,2026-02-02 03:58:52,2,False,1,3,2026-02,Churn
SESS-416409,Soporte Técnico y Despacho,logistica_envio,@theMarely60,2025-12-17 15:38:26,1,True,0,3,2025-12,Resuelto
SESS-416830,Soporte Técnico y Despacho,logistica_envio,@theMarely15,2026-04-10 04:05:42,2,False,1,3,2026-04,Churn
SESS-416879,Facturación y Cobros,problema_pago,@theKitty97,2026-04-13 07:27:17,2,False,1,3,2026-04,Churn
SESS-417220,Facturación y Cobros,problema_pago,@theDev23,2026-04-17 18:12:29,2,False,1,3,2026-04,Churn
SESS-417258,Soporte Técnico y Despacho,logistica_envio,@theKitty93,2026-02-26 00:18:37,1,True,0,3,2026-02,Resuelto
SESS-417280,Soporte Técnico y Despacho,logistica_envio,@theDev25,2026-01-20 11:53:50,2,False,1,3,2026-01,Churn
SESS-417421,Gestion de Cuenta,cambio_plan,@theKitty60,2025-11-15 21:43:39,1,True,0,3,2025-11,Resuelto
SESS-418117,Facturación y Cobros,problema_pago,@theKitty94,2025-11-28 21:43:39,1,True,0,3,2025-11,Resuelto
SESS-418308,Facturación y Cobros,problema_pago,@theMarely99,2026-01-25 05:08:34,1,True,0,3,2026-01,Resuelto
SESS-418337,Soporte Técnico y Despacho,logistica_envio,@soyMarely86,2026-02-11 06:17:47,1,True,0,3,2026-02,Resuelto
SESS-418636,Gestion de Cuenta,cambio_plan,@soyMarely79,2025-12-12 07:29:59,2,False,1,3,2025-12,Churn
SESS-418645,Gestion de Cuenta,cambio_plan,@theKitty59,2026-01-05 20:10:46,1,True,0,3,2026-01,Resuelto
SESS-418857,Facturación y Cobros,problema_pago,@theDev63,2025-12-02 10:09:40,1,True,0,3,2025-12,Resuelto
SESS-418885,Acceso y Seguridad,error_login,@theMarely65,2025-11-26 23:43:16,1,True,0,3,2025-11,Resuelto
SESS-418895,Facturación y Cobros,problema_pago,@theDev13,2026-02-12 17:34:24,1,True,0,3,2026-02,Resuelto
SESS-418916,Soporte Técnico y Despacho,logistica_envio,@theDev73,2025-11-16 16:47:38,1,True,0,3,2025-11,Resuelto
SESS-418927,Soporte Técnico y Despacho,logistica_envio,@theDev41,2026-01-25 07:35:34,1,True,0,3,2026-01,Resuelto
SESS-418978,Acceso y Seguridad,error_login,@soyDev88,2026-02-10 04:41:08,1,True,0,3,2026-02,Resuelto
SESS-419079,Gestion de Cuenta,cambio_plan,@theKitty68,2026-01-28 19:15:14,2,False,1,3,2026-01,Churn
SESS-419233,Soporte Técnico y Despacho,logistica_envio,@soyDev27,2026-03-13 22:17:54,1,True,0,3,2026-03,Resuelto
SESS-419358,Soporte Técnico y Despacho,logistica_envio,@soyDev91,2025-12-17 06:43:08,1,True,0,3,2025-12,Resuelto
SESS-419656,Gestion de Cuenta,cambio_plan,@soyKitty11,2026-01-17 10:29:25,2,False,1,3,2026-01,Churn
SESS-419672,Acceso y Seguridad,error_login,@soyMarely30,2025-12-14 07:17:48,2,False,1,3,2025-12,Churn
SESS-419791,Soporte Técnico y Despacho,logistica_envio,@theMarely44,2026-02-20 04:11:35,1,True,0,3,2026-02,Resuelto
SESS-419823,Soporte Técnico y Despacho,logistica_envio,@theMarely41,2026-01-18 08:16:43,1,True,0,3,2026-01,Resuelto
SESS-419903,Acceso y Seguridad,error_login,@soyKitty72,2026-01-14 01:17:16,1,True,0,3,2026-01,Resuelto
SESS-420215,Acceso y Seguridad,error_login,@theMarely77,2026-01-07 09:33:40,2,False,1,3,2026-01,Churn
SESS-420278,Soporte Técnico y Despacho,logistica_envio,@theKitty20,2026-01-21 13:16:13,2,False,1,3,2026-01,Churn
SESS-420392,Gestion de Cuenta,cambio_plan,@soyKitty45,2026-03-11 08:18:52,2,False,1,3,2026-03,Churn
SESS-420402,Facturación y Cobros,problema_pago,@theMarely30,2026-02-19 00:55:41,1,True,0,3,2026-02,Resuelto
SESS-420683,Acceso y Seguridad,error_login,@theDev43,2026-04-04 22:12:38,1,True,0,3,2026-04,Resuelto
SESS-420711,Gestion de Cuenta,cambio_plan,@theMarely98,2025-12-28 14:15:30,1,True,0,3,2025-12,Resuelto
SESS-420749,Soporte Técnico y Despacho,logistica_envio,@theKitty39,2026-01-09 09:38:11,1,True,0,3,2026-01,Resuelto
SESS-420888,Gestion de Cuenta,cambio_plan,@soyMarely29,2025-11-14 02:59:14,1,True,0,3,2025-11,Resuelto
SESS-421035,Gestion de Cuenta,cambio_plan,@theDev14,2025-12-29 07:56:42,1,True,0,3,2025-12,Resuelto
SESS-421038,Soporte Técnico y Despacho,logistica_envio,@theMarely81,2026-01-28 22:54:58,1,True,0,3,2026-01,Resuelto
SESS-421495,Gestion de Cuenta,cambio_plan,@soyDev30,2026-01-31 11:40:45,1,True,0,3,2026-01,Resuelto
SESS-421837,Gestion de Cuenta,cambio_plan,@soyKitty65,2025-12-05 13:59:24,1,True,0,3,2025-12,Resuelto
SESS-422068,Facturación y Cobros,problema_pago,@soyKitty43,2025-12-16 17:45:09,2,False,1,3,2025-12,Churn
SESS-422128,Facturación y Cobros,problema_pago,@soyMarely11,2025-12-07 10:39:39,1,True,0,3,2025-12,Resuelto
SESS-422467,Gestion de Cuenta,cambio_plan,@theMarely36,2026-01-24 09:46:03,1,True,0,3,2026-01,Resuelto
SESS-422535,Soporte Técnico y Despacho,logistica_envio,@theMarely23,2026-02-11 13:20:26,2,False,1,3,2026-02,Churn
SESS-422859,Soporte Técnico y Despacho,logistica_envio,@soyMarely45,2026-04-24 06:51:41,1,True,0,3,2026-04,Resuelto
SESS-423134,Facturación y Cobros,problema_pago,@theKitty62,2026-02-05 13:11:24,2,False,1,3,2026-02,Churn
SESS-423228,Gestion de Cuenta,cambio_plan,@soyDev25,2026-04-28 19:29:44,2,False,1,3,2026-04,Churn
SESS-423354,Gestion de Cuenta,cambio_plan,@theMarely81,2026-02-17 20:24:56,1,True,0,3,2026-02,Resuelto
SESS-423384,Gestion de Cuenta,cambio_plan,@soyDev42,2025-12-14 00:59:19,1,True,0,3,2025-12,Resuelto
SESS-423533,Facturación y Cobros,problema_pago,@soyKitty10,2026-02-23 15:53:44,1,True,0,3,2026-02,Resuelto
SESS-423718,Acceso y Seguridad,error_login,@soyDev34,2025-12-31 01:45:30,1,True,0,3,2025-12,Resuelto
SESS-424109,Gestion de Cuenta,cambio_plan,@theMarely72,2025-12-28 10:41:02,1,True,0,3,2025-12,Resuelto
SESS-424395,Facturación y Cobros,problema_pago,@theMarely89,2025-12-28 18:34:47,1,True,0,3,2025-12,Resuelto
SESS-424401,Gestion de Cuenta,cambio_plan,@soyKitty88,2026-02-28 07:18:37,1,True,0,3,2026-02,Resuelto
SESS-424459,Gestion de Cuenta,cambio_plan,@theDev37,2025-12-11 15:52:44,1,True,0,3,2025-12,Resuelto
SESS-424463,Facturación y Cobros,problema_pago,@soyMarely27,2026-03-10 12:41:57,2,False,1,3,2026-03,Churn
SESS-424546,Acceso y Seguridad,error_login,@soyKitty17,2026-02-25 17:36:18,1,True,0,3,2026-02,Resuelto
SESS-424718,Acceso y Seguridad,error_login,@soyKitty35,2026-05-02 20:16:53,2,False,1,3,2026-05,Churn
SESS-425283,Facturación y Cobros,problema_pago,@theMarely50,2026-01-21 03:59:52,2,False,1,3,2026-01,Churn
SESS-425325,Acceso y Seguridad,error_login,@theKitty89,2025-11-14 11:19:08,1,True,0,3,2025-11,Resuelto
SESS-425394,Facturación y Cobros,problema_pago,@theMarely28,2026-04-07 14:15:34,1,True,0,3,2026-04,Resuelto
SESS-425589,Soporte Técnico y Despacho,logistica_envio,@theMarely72,2026-04-26 09:51:57,2,False,1,3,2026-04,Churn
SESS-425653,Soporte Técnico y Despacho,logistica_envio,@theKitty19,2026-04-23 23:37:41,2,False,1,3,2026-04,Churn
SESS-425763,Facturación y Cobros,problema_pago,@theKitty25,2026-03-18 12:29:01,2,False,1,3,2026-03,Churn
SESS-425769,Facturación y Cobros,problema_pago,@soyKitty21,2025-12-04 18:35:57,2,False,1,3,2025-12,Churn
SESS-425907,Gestion de Cuenta,cambio_plan,@soyKitty34,2025-11-29 17:41:16,2,False,1,3,2025-11,Churn
SESS-425911,Soporte Técnico y Despacho,logistica_envio,@soyDev38,2026-04-23 12:20:01,1,True,0,3,2026-04,Resuelto
SESS-426181,Soporte Técnico y Despacho,logistica_envio,@soyMarely13,2025-12-31 03:00:49,2,False,1,3,2025-12,Churn
SESS-426219,Facturación y Cobros,problema_pago,@theMarely92,2026-01-19 21:12:25,2,False,1,3,2026-01,Churn
SESS-426553,Gestion de Cuenta,cambio_plan,@theKitty32,2026-04-11 17:03:00,2,False,1,3,2026-04,Churn
SESS-426763,Facturación y Cobros,problema_pago,@theMarely51,2026-03-24 11:13:36,2,False,1,3,2026-03,Churn
SESS-426913,Soporte Técnico y Despacho,logistica_envio,@soyDev57,2026-04-26 09:37:05,1,True,0,3,2026-04,Resuelto
SESS-426971,Gestion de Cuenta,cambio_plan,@theKitty54,2026-04-05 01:50:42,2,False,1,3,2026-04,Churn
SESS-426974,Gestion de Cuenta,cambio_plan,@soyMarely70,2025-11-30 03:14:05,1,True,0,3,2025-11,Resuelto
SESS-427314,Facturación y Cobros,problema_pago,@soyMarely82,2026-02-24 20:43:06,1,True,0,3,2026-02,Resuelto
SESS-427525,Acceso y Seguridad,error_login,@theMarely83,2025-11-13 06:34:01,1,True,0,3,2025-11,Resuelto
SESS-427602,Gestion de Cuenta,cambio_plan,@theMarely91,2026-02-18 15:44:42,1,True,0,3,2026-02,Resuelto
SESS-427846,Soporte Técnico y Despacho,logistica_envio,@soyMarely34,2026-03-25 22:15:31,1,True,0,3,2026-03,Resuelto
SESS-427912,Facturación y Cobros,problema_pago,@soyMarely39,2026-04-03 00:47:04,1,True,0,3,2026-04,Resuelto
SESS-428011,Acceso y Seguridad,error_login,@soyDev85,2026-03-27 13:04:19,2,False,1,3,2026-03,Churn
SESS-428013,Soporte Técnico y Despacho,logistica_envio,@soyDev24,2026-04-14 05:15:06,1,True,0,3,2026-04,Resuelto
SESS-428210,Gestion de Cuenta,cambio_plan,@soyDev12,2026-01-12 01:43:10,1,True,0,3,2026-01,Resuelto
SESS-428262,Facturación y Cobros,problema_pago,@theDev31,2025-12-06 20:27:00,2,False,1,3,2025-12,Churn
SESS-428465,Acceso y Seguridad,error_login,@soyMarely18,2026-01-15 18:27:13,2,False,1,3,2026-01,Churn
SESS-428500,Facturación y Cobros,problema_pago,@soyMarely21,2025-12-05 02:20:32,2,False,1,3,2025-12,Churn
SESS-428873,Soporte Técnico y Despacho,logistica_envio,@theDev99,2026-04-19 18:21:42,1,True,0,3,2026-04,Resuelto
SESS-428883,Gestion de Cuenta,cambio_plan,@soyMarely94,2025-11-22 21:57:58,1,True,0,3,2025-11,Resuelto
SESS-429008,Soporte Técnico y Despacho,logistica_envio,@theDev36,2025-11-27 13:13:05,2,False,1,3,2025-11,Churn
SESS-429040,Soporte Técnico y Despacho,logistica_envio,@theKitty55,2026-01-01 11:40:43,1,True,0,3,2026-01,Resuelto
SESS-429097,Soporte Técnico y Despacho,logistica_envio,@soyDev30,2026-04-03 04:37:19,1,True,0,3,2026-04,Resuelto
SESS-429190,Gestion de Cuenta,cambio_plan,@theKitty83,2025-12-05 23:14:03,2,False,1,3,2025-12,Churn
SESS-429560,Acceso y Seguridad,error_login,@theKitty24,2025-11-21 05:50:50,2,False,1,3,2025-11,Churn
SESS-429625,Facturación y Cobros,problema_pago,@soyDev47,2026-04-15 10:43:21,1,True,0,3,2026-04,Resuelto
SESS-429746,Soporte Técnico y Despacho,logistica_envio,@soyDev14,2026-03-15 23:35:09,1,True,0,3,2026-03,Resuelto
SESS-429951,Soporte Técnico y Despacho,logistica_envio,@soyDev14,2026-03-09 19:51:06,2,False,1,3,2026-03,Churn
SESS-430202,Gestion de Cuenta,cambio_plan,@theMarely45,2026-01-13 12:59:20,1,True,0,3,2026-01,Resuelto
SESS-430255,Facturación y Cobros,problema_pago,@theMarely82,2026-01-08 14:49:58,1,True,0,3,2026-01,Resuelto
SESS-430258,Soporte Técnico y Despacho,logistica_envio,@theDev79,2025-12-04 15:38:36,2,False,1,3,2025-12,Churn
SESS-430314,Acceso y Seguridad,error_login,@theDev95,2025-11-30 07:01:44,2,False,1,3,2025-11,Churn
SESS-430728,Gestion de Cuenta,cambio_plan,@theDev19,2026-01-15 03:14:31,2,False,1,3,2026-01,Churn
SESS-430731,Soporte Técnico y Despacho,logistica_envio,@theDev28,2026-04-14 18:53:04,2,False,1,3,2026-04,Churn
SESS-430845,Gestion de Cuenta,cambio_plan,@theMarely63,2026-03-16 15:09:58,1,True,0,3,2026-03,Resuelto
SESS-430867,Acceso y Seguridad,error_login,@theMarely72,2026-05-05 02:14:19,1,True,0,3,2026-05,Resuelto
SESS-430890,Acceso y Seguridad,error_login,@soyKitty28,2026-02-11 17:42:27,1,True,0,3,2026-02,Resuelto
SESS-430999,Soporte Técnico y Despacho,logistica_envio,@theDev55,2026-03-11 04:23:00,2,False,1,3,2026-03,Churn
SESS-431059,Gestion de Cuenta,cambio_plan,@theKitty40,2026-04-04 21:38:10,1,True,0,3,2026-04,Resuelto
SESS-431184,Facturación y Cobros,problema_pago,@theDev98,2026-02-04 11:07:36,2,False,1,3,2026-02,Churn
SESS-431295,Gestion de Cuenta,cambio_plan,@soyMarely72,2026-01-15 06:29:26,1,True,0,3,2026-01,Resuelto
SESS-431383,Acceso y Seguridad,error_login,@theKitty86,2025-12-21 09:26:15,2,False,1,3,2025-12,Churn
SESS-431668,Acceso y Seguridad,error_login,@soyKitty80,2026-04-27 08:43:45,1,True,0,3,2026-04,Resuelto
SESS-431728,Facturación y Cobros,problema_pago,@theMarely67,2026-03-06 03:52:02,1,True,0,3,2026-03,Resuelto
SESS-431732,Acceso y Seguridad,error_login,@soyKitty47,2025-12-10 19:46:27,2,False,1,3,2025-12,Churn
SESS-431992,Gestion de Cuenta,cambio_plan,@soyMarely66,2026-04-11 03:52:59,1,True,0,3,2026-04,Resuelto
SESS-432363,Acceso y Seguridad,error_login,@soyKitty70,2026-05-04 18:39:19,1,True,0,3,2026-05,Resuelto
SESS-432499,Soporte Técnico y Despacho,logistica_envio,@theMarely19,2026-02-02 20:47:22,2,False,1,3,2026-02,Churn
SESS-432595,Acceso y Seguridad,error_login,@soyMarely63,2026-02-11 15:52:31,1,True,0,3,2026-02,Resuelto
SESS-432601,Acceso y Seguridad,error_login,@theKitty71,2025-12-31 11:11:29,2,False,1,3,2025-12,Churn
SESS-432614,Facturación y Cobros,problema_pago,@soyKitty91,2026-02-20 19:57:28,2,False,1,3,2026-02,Churn
SESS-433051,Acceso y Seguridad,error_login,@soyKitty18,2026-04-10 17:04:29,2,False,1,3,2026-04,Churn
SESS-433107,Soporte Técnico y Despacho,logistica_envio,@theDev21,2025-12-21 16:33:10,1,True,0,3,2025-12,Resuelto
SESS-433193,Gestion de Cuenta,cambio_plan,@theKitty76,2026-03-29 19:54:21,2,False,1,3,2026-03,Churn
SESS-433404,Gestion de Cuenta,cambio_plan,@soyDev59,2026-02-13 11:59:24,2,False,1,3,2026-02,Churn
SESS-433623,Gestion de Cuenta,cambio_plan,@soyMarely82,2025-11-27 14:48:27,1,True,0,3,2025-11,Resuelto
SESS-433733,Soporte Técnico y Despacho,logistica_envio,@theKitty35,2026-02-15 15:59:54,2,False,1,3,2026-02,Churn
SESS-434353,Soporte Técnico y Despacho,logistica_envio,@theDev44,2025-12-08 19:18:46,1,True,0,3,2025-12,Resuelto
SESS-434432,Soporte Técnico y Despacho,logistica_envio,@soyKitty61,2026-02-18 09:48:08,1,True,0,3,2026-02,Resuelto
SESS-434456,Acceso y Seguridad,error_login,@theDev30,2026-04-22 11:50:23,1,True,0,3,2026-04,Resuelto
SESS-434501,Gestion de Cuenta,cambio_plan,@theDev73,2025-12-29 08:04:37,1,True,0,3,2025-12,Resuelto
SESS-434583,Facturación y Cobros,problema_pago,@soyMarely30,2025-12-10 06:39:23,1,True,0,3,2025-12,Resuelto
SESS-434977,Soporte Técnico y Despacho,logistica_envio,@theKitty55,2026-02-07 14:00:50,2,False,1,3,2026-02,Churn
SESS-435095,Soporte Técnico y Despacho,logistica_envio,@soyKitty12,2026-03-03 09:05:17,1,True,0,3,2026-03,Resuelto
SESS-435133,Facturación y Cobros,problema_pago,@soyDev47,2025-12-25 21:11:32,2,False,1,3,2025-12,Churn
SESS-435329,Soporte Técnico y Despacho,logistica_envio,@theDev21,2025-11-21 21:55:32,2,False,1,3,2025-11,Churn
SESS-435372,Soporte Técnico y Despacho,logistica_envio,@soyDev13,2025-11-14 01:43:48,2,False,1,3,2025-11,Churn
SESS-435526,Gestion de Cuenta,cambio_plan,@theDev47,2026-02-18 08:55:38,1,True,0,3,2026-02,Resuelto
SESS-436007,Gestion de Cuenta,cambio_plan,@theKitty69,2025-11-12 20:33:55,2,False,1,3,2025-11,Churn
SESS-436091,Soporte Técnico y Despacho,logistica_envio,@soyKitty46,2026-01-27 12:09:05,1,True,0,3,2026-01,Resuelto
SESS-436252,Soporte Técnico y Despacho,logistica_envio,@soyMarely36,2025-12-31 16:59:13,1,True,0,3,2025-12,Resuelto
SESS-436507,Soporte Técnico y Despacho,logistica_envio,@theKitty77,2026-03-21 19:27:48,2,False,1,3,2026-03,Churn
SESS-436583,Facturación y Cobros,problema_pago,@soyKitty74,2025-11-22 22:32:16,2,False,1,3,2025-11,Churn
SESS-436643,Facturación y Cobros,problema_pago,@soyDev62,2026-03-29 20:45:55,1,True,0,3,2026-03,Resuelto
SESS-436691,Gestion de Cuenta,cambio_plan,@theMarely52,2026-02-01 15:36:02,1,True,0,3,2026-02,Resuelto
SESS-436975,Gestion de Cuenta,cambio_plan,@soyKitty66,2026-05-01 13:40:30,2,False,1,3,2026-05,Churn
SESS-437249,Gestion de Cuenta,cambio_plan,@theMarely98,2026-01-21 22:20:10,1,True,0,3,2026-01,Resuelto
SESS-437284,Gestion de Cuenta,cambio_plan,@soyDev99,2025-11-18 21:28:27,1,True,0,3,2025-11,Resuelto
SESS-437496,Facturación y Cobros,problema_pago,@theMarely21,2026-03-07 19:38:15,1,True,0,3,2026-03,Resuelto
SESS-437602,Acceso y Seguridad,error_login,@soyMarely55,2025-12-10 03:01:19,1,True,0,3,2025-12,Resuelto
SESS-437879,Facturación y Cobros,problema_pago,@soyKitty18,2026-03-23 16:05:40,1,True,0,3,2026-03,Resuelto
SESS-438154,Gestion de Cuenta,cambio_plan,@soyKitty47,2026-02-12 17:48:30,1,True,0,3,2026-02,Resuelto
SESS-438738,Soporte Técnico y Despacho,logistica_envio,@theMarely42,2025-12-04 15:43:53,1,True,0,3,2025-12,Resuelto
SESS-438827,Soporte Técnico y Despacho,logistica_envio,@soyDev84,2026-01-01 04:19:13,1,True,0,3,2026-01,Resuelto
SESS-439071,Acceso y Seguridad,error_login,@theKitty65,2025-12-07 18:19:27,1,True,0,3,2025-12,Resuelto
SESS-439128,Soporte Técnico y Despacho,logistica_envio,@soyKitty17,2026-01-09 09:09:37,2,False,1,3,2026-01,Churn
SESS-439132,Soporte Técnico y Despacho,logistica_envio,@soyDev71,2026-03-30 06:37:13,1,True,0,3,2026-03,Resuelto
SESS-439193,Soporte Técnico y Despacho,logistica_envio,@soyKitty70,2026-02-08 05:56:11,2,False,1,3,2026-02,Churn
SESS-439445,Facturación y Cobros,problema_pago,@theKitty74,2026-05-01 09:45:00,1,True,0,3,2026-05,Resuelto
SESS-439465,Acceso y Seguridad,error_login,@soyDev55,2026-01-21 10:02:33,1,True,0,3,2026-01,Resuelto
SESS-439562,Gestion de Cuenta,cambio_plan,@soyMarely82,2026-02-09 09:19:08,1,True,0,3,2026-02,Resuelto
SESS-440109,Soporte Técnico y Despacho,logistica_envio,@theKitty16,2026-02-28 22:02:32,1,True,0,3,2026-02,Resuelto
SESS-440275,Gestion de Cuenta,cambio_plan,@soyDev87,2026-01-24 15:06:10,2,False,1,3,2026-01,Churn
SESS-440843,Gestion de Cuenta,cambio_plan,@theKitty54,2026-03-11 12:35:50,2,False,1,3,2026-03,Churn
SESS-440954,Soporte Técnico y Despacho,logistica_envio,@theMarely99,2026-04-27 15:01:10,1,True,0,3,2026-04,Resuelto
SESS-441007,Gestion de Cuenta,cambio_plan,@theKitty99,2026-04-05 21:00:01,1,True,0,3,2026-04,Resuelto
SESS-441186,Gestion de Cuenta,cambio_plan,@soyKitty13,2025-12-01 04:08:57,1,True,0,3,2025-12,Resuelto
SESS-441309,Soporte Técnico y Despacho,logistica_envio,@soyKitty74,2026-04-01 23:03:13,2,False,1,3,2026-04,Churn
SESS-441522,Acceso y Seguridad,error_login,@soyKitty21,2026-02-20 03:55:23,1,True,0,3,2026-02,Resuelto
SESS-441584,Acceso y Seguridad,error_login,@soyMarely64,2025-12-18 01:39:20,1,True,0,3,2025-12,Resuelto
SESS-441697,Soporte Técnico y Despacho,logistica_envio,@theKitty64,2026-04-04 22:47:46,1,True,0,3,2026-04,Resuelto
SESS-441703,Acceso y Seguridad,error_login,@soyKitty94,2026-01-08 04:05:52,1,True,0,3,2026-01,Resuelto
SESS-441977,Gestion de Cuenta,cambio_plan,@theDev71,2025-11-29 15:05:46,1,True,0,3,2025-11,Resuelto
SESS-442042,Soporte Técnico y Despacho,logistica_envio,@theMarely56,2025-12-16 18:08:46,2,False,1,3,2025-12,Churn
SESS-442135,Facturación y Cobros,problema_pago,@soyDev38,2026-03-11 14:50:12,2,False,1,3,2026-03,Churn
SESS-442307,Facturación y Cobros,problema_pago,@theKitty66,2026-02-19 03:45:31,2,False,1,3,2026-02,Churn
SESS-442349,Acceso y Seguridad,error_login,@theKitty31,2025-12-27 23:53:04,1,True,0,3,2025-12,Resuelto
SESS-442745,Acceso y Seguridad,error_login,@theKitty66,2026-01-05 18:14:24,1,True,0,3,2026-01,Resuelto
SESS-442801,Gestion de Cuenta,cambio_plan,@theDev64,2026-02-14 08:24:06,1,True,0,3,2026-02,Resuelto
SESS-442855,Soporte Técnico y Despacho,logistica_envio,@theKitty50,2026-04-26 02:01:01,1,True,0,3,2026-04,Resuelto
SESS-443095,Acceso y Seguridad,error_login,@soyKitty66,2026-01-05 17:14:53,1,True,0,3,2026-01,Resuelto
SESS-443756,Acceso y Seguridad,error_login,@soyKitty60,2025-11-10 19:05:35,2,False,1,3,2025-11,Churn
SESS-443952,Gestion de Cuenta,cambio_plan,@theKitty25,2026-04-16 03:28:14,1,True,0,3,2026-04,Resuelto
SESS-444051,Acceso y Seguridad,error_login,@theKitty18,2026-02-27 00:37:04,1,True,0,3,2026-02,Resuelto
SESS-444134,Gestion de Cuenta,cambio_plan,@soyKitty32,2026-03-16 11:01:19,1,True,0,3,2026-03,Resuelto
SESS-444195,Gestion de Cuenta,cambio_plan,@soyDev39,2025-12-15 19:18:54,1,True,0,3,2025-12,Resuelto
SESS-444206,Soporte Técnico y Despacho,logistica_envio,@theKitty61,2026-04-21 23:18:03,2,False,1,3,2026-04,Churn
SESS-444472,Gestion de Cuenta,cambio_plan,@theKitty49,2026-01-07 02:07:14,2,False,1,3,2026-01,Churn
SESS-444851,Facturación y Cobros,problema_pago,@theMarely59,2026-03-28 03:31:01,1,True,0,3,2026-03,Resuelto
SESS-444861,Gestion de Cuenta,cambio_plan,@soyMarely24,2026-03-30 07:14:36,1,True,0,3,2026-03,Resuelto
SESS-445015,Acceso y Seguridad,error_login,@soyKitty28,2026-04-04 13:49:20,1,True,0,3,2026-04,Resuelto
SESS-445108,Facturación y Cobros,problema_pago,@soyMarely57,2026-01-22 11:37:35,2,False,1,3,2026-01,Churn
SESS-445109,Soporte Técnico y Despacho,logistica_envio,@theKitty81,2026-03-24 17:58:06,1,True,0,3,2026-03,Resuelto
SESS-445142,Acceso y Seguridad,error_login,@theDev21,2025-12-08 18:54:07,1,True,0,3,2025-12,Resuelto
SESS-445184,Soporte Técnico y Despacho,logistica_envio,@soyMarely89,2025-12-29 07:33:57,1,True,0,3,2025-12,Resuelto
SESS-445219,Soporte Técnico y Despacho,logistica_envio,@soyMarely60,2025-12-07 08:31:56,2,False,1,3,2025-12,Churn
SESS-445262,Gestion de Cuenta,cambio_plan,@soyDev38,2026-03-09 19:19:27,1,True,0,3,2026-03,Resuelto
SESS-445280,Gestion de Cuenta,cambio_plan,@soyMarely45,2026-01-08 11:56:18,2,False,1,3,2026-01,Churn
SESS-445478,Facturación y Cobros,problema_pago,@theMarely84,2025-12-15 18:30:35,1,True,0,3,2025-12,Resuelto
SESS-445508,Facturación y Cobros,problema_pago,@soyMarely58,2025-11-16 04:53:34,1,True,0,3,2025-11,Resuelto
SESS-445677,Facturación y Cobros,problema_pago,@soyMarely34,2026-04-15 08:07:46,1,True,0,3,2026-04,Resuelto
SESS-445807,Gestion de Cuenta,cambio_plan,@theMarely11,2025-12-31 04:47:43,2,False,1,3,2025-12,Churn
SESS-445932,Facturación y Cobros,problema_pago,@soyMarely98,2025-11-21 10:09:33,2,False,1,3,2025-11,Churn
SESS-446017,Acceso y Seguridad,error_login,@soyKitty73,2025-12-12 11:15:11,1,True,0,3,2025-12,Resuelto
SESS-446055,Gestion de Cuenta,cambio_plan,@soyDev37,2026-04-30 22:01:27,1,True,0,3,2026-04,Resuelto
SESS-446128,Gestion de Cuenta,cambio_plan,@soyMarely62,2026-03-06 23:54:20,1,True,0,3,2026-03,Resuelto
SESS-446295,Gestion de Cuenta,cambio_plan,@soyKitty20,2025-11-12 00:15:39,1,True,0,3,2025-11,Resuelto
SESS-446457,Acceso y Seguridad,error_login,@theKitty18,2026-04-19 14:42:39,2,False,1,3,2026-04,Churn
SESS-446462,Facturación y Cobros,problema_pago,@soyKitty45,2026-01-19 22:20:28,1,True,0,3,2026-01,Resuelto
SESS-446469,Facturación y Cobros,problema_pago,@soyDev12,2025-12-25 06:58:37,1,True,0,3,2025-12,Resuelto
SESS-446790,Gestion de Cuenta,cambio_plan,@theMarely22,2026-01-11 19:05:31,1,True,0,3,2026-01,Resuelto
SESS-446858,Acceso y Seguridad,error_login,@soyDev17,2026-02-19 21:04:45,1,True,0,3,2026-02,Resuelto
SESS-446865,Gestion de Cuenta,cambio_plan,@theMarely79,2026-04-06 06:07:25,2,False,1,3,2026-04,Churn
SESS-446948,Facturación y Cobros,problema_pago,@theDev92,2025-11-22 00:08:46,1,True,0,3,2025-11,Resuelto
SESS-447071,Soporte Técnico y Despacho,logistica_envio,@soyKitty71,2025-12-31 16:51:58,2,False,1,3,2025-12,Churn
SESS-447385,Soporte Técnico y Despacho,logistica_envio,@theMarely28,2026-02-20 07:44:52,1,True,0,3,2026-02,Resuelto
SESS-447562,Gestion de Cuenta,cambio_plan,@theKitty64,2025-12-25 09:19:40,1,True,0,3,2025-12,Resuelto
SESS-447833,Facturación y Cobros,problema_pago,@soyKitty89,2026-02-04 07:00:59,1,True,0,3,2026-02,Resuelto
SESS-447932,Acceso y Seguridad,error_login,@theDev30,2025-11-15 23:02:18,1,True,0,3,2025-11,Resuelto
SESS-447996,Facturación y Cobros,problema_pago,@soyMarely89,2026-01-04 16:50:00,1,True,0,3,2026-01,Resuelto
SESS-448037,Facturación y Cobros,problema_pago,@soyMarely24,2025-12-29 05:00:04,1,True,0,3,2025-12,Resuelto
SESS-448267,Acceso y Seguridad,error_login,@theMarely79,2026-03-07 02:32:29,1,True,0,3,2026-03,Resuelto
SESS-448616,Acceso y Seguridad,error_login,@theMarely33,2026-01-27 14:31:15,1,True,0,3,2026-01,Resuelto
SESS-448627,Gestion de Cuenta,cambio_plan,@theDev49,2025-12-17 07:24:01,1,True,0,3,2025-12,Resuelto
SESS-448768,Gestion de Cuenta,cambio_plan,@soyKitty56,2026-01-11 20:33:25,1,True,0,3,2026-01,Resuelto
SESS-448843,Facturación y Cobros,problema_pago,@soyMarely40,2025-12-15 07:24:03,2,False,1,3,2025-12,Churn
SESS-448944,Soporte Técnico y Despacho,logistica_envio,@soyKitty62,2026-04-23 02:27:29,2,False,1,3,2026-04,Churn
SESS-449264,Facturación y Cobros,problema_pago,@soyMarely19,2026-02-11 08:35:37,1,True,0,3,2026-02,Resuelto
SESS-449265,Gestion de Cuenta,cambio_plan,@soyMarely39,2026-03-07 02:40:14,1,True,0,3,2026-03,Resuelto
SESS-449306,Soporte Técnico y Despacho,logistica_envio,@theDev30,2025-11-16 23:41:03,2,False,1,3,2025-11,Churn
SESS-449605,Soporte Técnico y Despacho,logistica_envio,@theDev15,2026-03-13 19:18:25,2,False,1,3,2026-03,Churn
SESS-449973,Facturación y Cobros,problema_pago,@theKitty65,2026-03-24 18:18:06,1,True,0,3,2026-03,Resuelto
SESS-449996,Acceso y Seguridad,error_login,@soyMarely92,2026-02-24 02:59:30,1,True,0,3,2026-02,Resuelto
SESS-450068,Soporte Técnico y Despacho,logistica_envio,@theMarely95,2026-04-06 23:43:19,1,True,0,3,2026-04,Resuelto
SESS-450076,Facturación y Cobros,problema_pago,@soyKitty30,2026-01-13 05:37:56,2,False,1,3,2026-01,Churn
SESS-450105,Facturación y Cobros,problema_pago,@theMarely25,2026-04-04 12:07:55,1,True,0,3,2026-04,Resuelto
SESS-450126,Acceso y Seguridad,error_login,@theMarely74,2026-01-02 09:04:25,2,False,1,3,2026-01,Churn
SESS-450245,Acceso y Seguridad,error_login,@soyKitty82,2026-03-01 06:30:17,2,False,1,3,2026-03,Churn
SESS-450402,Gestion de Cuenta,cambio_plan,@theMarely49,2026-04-30 00:22:27,1,True,0,3,2026-04,Resuelto
SESS-450531,Soporte Técnico y Despacho,logistica_envio,@soyDev46,2025-12-13 19:28:19,1,True,0,3,2025-12,Resuelto
SESS-450676,Acceso y Seguridad,error_login,@theKitty67,2026-03-16 06:01:08,2,False,1,3,2026-03,Churn
SESS-450777,Facturación y Cobros,problema_pago,@soyDev42,2026-04-24 15:05:17,1,True,0,3,2026-04,Resuelto
SESS-451000,Acceso y Seguridad,error_login,@soyDev22,2026-04-06 15:06:24,1,True,0,3,2026-04,Resuelto
SESS-451031,Acceso y Seguridad,error_login,@theKitty92,2026-01-04 03:45:32,1,True,0,3,2026-01,Resuelto
SESS-451039,Acceso y Seguridad,error_login,@theDev66,2026-02-08 22:04:02,1,True,0,3,2026-02,Resuelto
SESS-451080,Gestion de Cuenta,cambio_plan,@theKitty98,2026-03-14 06:21:27,1,True,0,3,2026-03,Resuelto
SESS-451237,Gestion de Cuenta,cambio_plan,@theDev71,2026-04-06 17:41:34,2,False,1,3,2026-04,Churn
SESS-451238,Facturación y Cobros,problema_pago,@theKitty67,2025-12-21 13:35:18,2,False,1,3,2025-12,Churn
SESS-451253,Gestion de Cuenta,cambio_plan,@theMarely74,2026-04-05 06:16:19,1,True,0,3,2026-04,Resuelto
SESS-451315,Facturación y Cobros,problema_pago,@theKitty98,2026-01-17 11:09:48,1,True,0,3,2026-01,Resuelto
SESS-451316,Facturación y Cobros,problema_pago,@soyMarely33,2026-02-01 19:36:00,2,False,1,3,2026-02,Churn
SESS-451394,Acceso y Seguridad,error_login,@soyMarely50,2026-03-14 16:30:25,1,True,0,3,2026-03,Resuelto
SESS-451413,Facturación y Cobros,problema_pago,@soyMarely25,2026-02-15 11:39:42,1,True,0,3,2026-02,Resuelto
SESS-451566,Facturación y Cobros,problema_pago,@theKitty18,2026-05-02 18:45:08,1,True,0,3,2026-05,Resuelto
SESS-451664,Facturación y Cobros,problema_pago,@soyKitty50,2025-12-12 03:22:16,1,True,0,3,2025-12,Resuelto
SESS-451872,Facturación y Cobros,problema_pago,@theMarely54,2025-12-14 03:21:40,1,True,0,3,2025-12,Resuelto
SESS-452015,Soporte Técnico y Despacho,logistica_envio,@theDev89,2025-12-12 16:09:36,1,True,0,3,2025-12,Resuelto
SESS-452021,Acceso y Seguridad,error_login,@soyMarely75,2026-01-02 15:26:08,1,True,0,3,2026-01,Resuelto
SESS-452082,Acceso y Seguridad,error_login,@theDev47,2026-04-10 16:41:59,2,False,1,3,2026-04,Churn
SESS-452332,Soporte Técnico y Despacho,logistica_envio,@theKitty25,2026-01-20 22:49:19,2,False,1,3,2026-01,Churn
SESS-452346,Facturación y Cobros,problema_pago,@soyKitty22,2026-01-02 18:21:21,2,False,1,3,2026-01,Churn
SESS-452917,Acceso y Seguridad,error_login,@theDev50,2025-11-09 11:11:13,2,False,1,3,2025-11,Churn
SESS-453202,Soporte Técnico y Despacho,logistica_envio,@theKitty46,2025-11-29 08:20:02,1,True,0,3,2025-11,Resuelto
SESS-453232,Soporte Técnico y Despacho,logistica_envio,@theDev81,2026-01-10 06:30:53,1,True,0,3,2026-01,Resuelto
SESS-453946,Facturación y Cobros,problema_pago,@theKitty89,2026-01-21 19:50:36,2,False,1,3,2026-01,Churn
SESS-453993,Acceso y Seguridad,error_login,@theDev87,2025-11-25 06:00:32,1,True,0,3,2025-11,Resuelto
SESS-454034,Soporte Técnico y Despacho,logistica_envio,@soyKitty94,2026-05-01 20:18:43,1,True,0,3,2026-05,Resuelto
SESS-454116,Facturación y Cobros,problema_pago,@theDev32,2026-02-15 19:15:03,1,True,0,3,2026-02,Resuelto
SESS-454660,Acceso y Seguridad,error_login,@soyKitty35,2026-02-09 20:55:21,1,True,0,3,2026-02,Resuelto
SESS-454865,Soporte Técnico y Despacho,logistica_envio,@theKitty63,2026-03-23 21:24:16,2,False,1,3,2026-03,Churn
SESS-455044,Acceso y Seguridad,error_login,@theMarely49,2026-04-05 15:33:54,1,True,0,3,2026-04,Resuelto
SESS-455169,Soporte Técnico y Despacho,logistica_envio,@theKitty42,2026-03-10 16:21:08,2,False,1,3,2026-03,Churn
SESS-455188,Soporte Técnico y Despacho,logistica_envio,@theDev26,2025-12-30 03:26:11,1,True,0,3,2025-12,Resuelto
SESS-455285,Facturación y Cobros,problema_pago,@theMarely21,2025-11-22 12:46:51,1,True,0,3,2025-11,Resuelto
SESS-455389,Facturación y Cobros,problema_pago,@soyDev65,2025-11-13 16:44:21,1,True,0,3,2025-11,Resuelto
SESS-455431,Gestion de Cuenta,cambio_plan,@soyDev25,2026-02-18 21:46:29,1,True,0,3,2026-02,Resuelto
SESS-455588,Soporte Técnico y Despacho,logistica_envio,@theDev14,2026-02-03 19:59:52,1,True,0,3,2026-02,Resuelto
SESS-455685,Gestion de Cuenta,cambio_plan,@soyDev26,2026-04-23 21:51:32,2,False,1,3,2026-04,Churn
SESS-455814,Acceso y Seguridad,error_login,@soyMarely17,2026-04-25 14:01:43,1,True,0,3,2026-04,Resuelto
SESS-455889,Soporte Técnico y Despacho,logistica_envio,@soyKitty63,2026-05-06 04:44:17,2,False,1,3,2026-05,Churn
SESS-455910,Gestion de Cuenta,cambio_plan,@theKitty76,2026-01-30 01:03:49,1,True,0,3,2026-01,Resuelto
SESS-455984,Acceso y Seguridad,error_login,@theKitty73,2025-12-28 17:59:55,1,True,0,3,2025-12,Resuelto
SESS-456035,Gestion de Cuenta,cambio_plan,@theMarely35,2026-04-03 23:08:37,2,False,1,3,2026-04,Churn
SESS-456042,Acceso y Seguridad,error_login,@soyKitty37,2026-05-04 07:17:10,1,True,0,3,2026-05,Resuelto
SESS-456047,Soporte Técnico y Despacho,logistica_envio,@theDev70,2026-04-09 18:38:55,1,True,0,3,2026-04,Resuelto
SESS-456119,Gestion de Cuenta,cambio_plan,@soyMarely57,2026-03-09 05:49:49,1,True,0,3,2026-03,Resuelto
SESS-456188,Gestion de Cuenta,cambio_plan,@theKitty18,2025-12-16 08:02:52,2,False,1,3,2025-12,Churn
SESS-456420,Gestion de Cuenta,cambio_plan,@soyDev41,2026-02-02 12:37:07,1,True,0,3,2026-02,Resuelto
SESS-456587,Facturación y Cobros,problema_pago,@soyDev96,2025-11-09 22:17:35,2,False,1,3,2025-11,Churn
SESS-457100,Gestion de Cuenta,cambio_plan,@soyDev70,2026-04-24 00:15:01,1,True,0,3,2026-04,Resuelto
SESS-457155,Acceso y Seguridad,error_login,@soyDev60,2026-02-13 22:55:10,1,True,0,3,2026-02,Resuelto
SESS-457176,Facturación y Cobros,problema_pago,@theKitty11,2026-01-16 12:49:01,2,False,1,3,2026-01,Churn
SESS-457257,Facturación y Cobros,problema_pago,@soyDev35,2026-02-17 04:10:54,1,True,0,3,2026-02,Resuelto
SESS-457282,Soporte Técnico y Despacho,logistica_envio,@soyDev17,2026-04-20 09:47:20,1,True,0,3,2026-04,Resuelto
SESS-457321,Facturación y Cobros,problema_pago,@soyKitty70,2025-11-29 12:08:09,1,True,0,3,2025-11,Resuelto
SESS-457538,Gestion de Cuenta,cambio_plan,@theDev18,2026-04-27 01:09:08,2,False,1,3,2026-04,Churn
SESS-457587,Acceso y Seguridad,error_login,@soyDev63,2026-04-09 11:57:17,2,False,1,3,2026-04,Churn
SESS-457717,Facturación y Cobros,problema_pago,@theDev67,2025-12-25 10:41:36,2,False,1,3,2025-12,Churn
SESS-458155,Facturación y Cobros,problema_pago,@soyMarely81,2026-03-29 14:21:55,2,False,1,3,2026-03,Churn
SESS-458262,Acceso y Seguridad,error_login,@soyKitty53,2026-01-16 04:30:29,1,True,0,3,2026-01,Resuelto
SESS-458270,Acceso y Seguridad,error_login,@soyDev27,2026-03-20 09:30:44,1,True,0,3,2026-03,Resuelto
SESS-458869,Soporte Técnico y Despacho,logistica_envio,@soyDev52,2026-02-09 11:04:01,2,False,1,3,2026-02,Churn
SESS-458915,Soporte Técnico y Despacho,logistica_envio,@theKitty85,2026-01-14 19:16:29,2,False,1,3,2026-01,Churn
SESS-458948,Facturación y Cobros,problema_pago,@theDev10,2026-04-27 04:19:21,1,True,0,3,2026-04,Resuelto
SESS-458982,Soporte Técnico y Despacho,logistica_envio,@theMarely38,2026-05-05 01:57:03,1,True,0,3,2026-05,Resuelto
SESS-459150,Facturación y Cobros,problema_pago,@soyDev72,2026-04-21 03:30:15,2,False,1,3,2026-04,Churn
SESS-459287,Gestion de Cuenta,cambio_plan,@soyKitty76,2025-12-01 17:57:33,2,False,1,3,2025-12,Churn
SESS-459664,Facturación y Cobros,problema_pago,@soyKitty90,2026-04-23 02:29:14,1,True,0,3,2026-04,Resuelto
SESS-459878,Acceso y Seguridad,error_login,@soyMarely55,2026-04-12 18:45:08,1,True,0,3,2026-04,Resuelto
SESS-459922,Soporte Técnico y Despacho,logistica_envio,@soyDev98,2025-11-27 23:27:12,1,True,0,3,2025-11,Resuelto
SESS-460003,Facturación y Cobros,problema_pago,@theDev50,2025-11-21 23:30:08,2,False,1,3,2025-11,Churn
SESS-460067,Soporte Técnico y Despacho,logistica_envio,@theKitty66,2025-11-22 23:53:07,1,True,0,3,2025-11,Resuelto
SESS-460562,Gestion de Cuenta,cambio_plan,@theDev96,2025-12-27 02:15:24,1,True,0,3,2025-12,Resuelto
SESS-460622,Gestion de Cuenta,cambio_plan,@theMarely58,2026-01-23 09:56:04,2,False,1,3,2026-01,Churn
SESS-460674,Soporte Técnico y Despacho,logistica_envio,@soyKitty36,2026-03-19 16:22:29,1,True,0,3,2026-03,Resuelto
SESS-460818,Gestion de Cuenta,cambio_plan,@theKitty49,2025-12-09 15:04:39,2,False,1,3,2025-12,Churn
SESS-461063,Soporte Técnico y Despacho,logistica_envio,@soyMarely78,2025-11-27 13:36:39,1,True,0,3,2025-11,Resuelto
SESS-461357,Soporte Técnico y Despacho,logistica_envio,@theMarely38,2026-02-24 11:19:09,1,True,0,3,2026-02,Resuelto
SESS-462215,Facturación y Cobros,problema_pago,@theMarely55,2025-12-10 11:27:13,2,False,1,3,2025-12,Churn
SESS-462661,Facturación y Cobros,problema_pago,@theKitty90,2025-12-05 20:00:39,1,True,0,3,2025-12,Resuelto
SESS-462701,Soporte Técnico y Despacho,logistica_envio,@soyDev86,2026-04-03 14:39:44,1,True,0,3,2026-04,Resuelto
SESS-462729,Acceso y Seguridad,error_login,@theDev15,2025-11-16 07:03:35,1,True,0,3,2025-11,Resuelto
SESS-462939,Facturación y Cobros,problema_pago,@soyDev85,2026-04-23 23:45:56,1,True,0,3,2026-04,Resuelto
SESS-463190,Gestion de Cuenta,cambio_plan,@soyDev62,2026-02-23 07:07:14,2,False,1,3,2026-02,Churn
SESS-463246,Acceso y Seguridad,error_login,@soyDev42,2026-01-02 10:55:47,1,True,0,3,2026-01,Resuelto
SESS-463317,Soporte Técnico y Despacho,logistica_envio,@theDev42,2026-01-31 04:56:20,2,False,1,3,2026-01,Churn
SESS-463406,Facturación y Cobros,problema_pago,@theDev26,2025-12-18 06:42:26,2,False,1,3,2025-12,Churn
SESS-463473,Facturación y Cobros,problema_pago,@theDev80,2026-03-20 08:35:37,1,True,0,3,2026-03,Resuelto
SESS-463534,Soporte Técnico y Despacho,logistica_envio,@soyKitty62,2026-04-25 17:46:17,2,False,1,3,2026-04,Churn
SESS-463711,Gestion de Cuenta,cambio_plan,@theDev15,2026-03-21 02:51:06,2,False,1,3,2026-03,Churn
SESS-463827,Soporte Técnico y Despacho,logistica_envio,@theKitty34,2026-04-11 17:42:04,1,True,0,3,2026-04,Resuelto
SESS-463887,Soporte Técnico y Despacho,logistica_envio,@theDev84,2026-01-26 16:41:14,1,True,0,3,2026-01,Resuelto
SESS-464051,Facturación y Cobros,problema_pago,@theMarely60,2025-11-22 04:22:08,2,False,1,3,2025-11,Churn
SESS-464104,Soporte Técnico y Despacho,logistica_envio,@theMarely87,2026-05-06 03:15:11,1,True,0,3,2026-05,Resuelto
SESS-464179,Facturación y Cobros,problema_pago,@theKitty12,2026-01-31 21:47:39,1,True,0,3,2026-01,Resuelto
SESS-464231,Facturación y Cobros,problema_pago,@soyKitty26,2026-01-01 17:17:57,1,True,0,3,2026-01,Resuelto
SESS-464297,Facturación y Cobros,problema_pago,@soyMarely19,2026-03-24 11:49:01,1,True,0,3,2026-03,Resuelto
SESS-464851,Soporte Técnico y Despacho,logistica_envio,@soyMarely37,2026-02-26 02:17:34,1,True,0,3,2026-02,Resuelto
SESS-464976,Acceso y Seguridad,error_login,@soyDev39,2025-12-14 00:30:13,1,True,0,3,2025-12,Resuelto
SESS-464997,Soporte Técnico y Despacho,logistica_envio,@soyMarely29,2026-01-15 00:11:12,2,False,1,3,2026-01,Churn
SESS-465183,Acceso y Seguridad,error_login,@soyDev53,2026-03-13 12:44:30,1,True,0,3,2026-03,Resuelto
SESS-465693,Gestion de Cuenta,cambio_plan,@theMarely33,2026-02-27 08:47:19,1,True,0,3,2026-02,Resuelto
SESS-465814,Soporte Técnico y Despacho,logistica_envio,@theMarely43,2025-11-24 16:01:11,2,False,1,3,2025-11,Churn
SESS-466370,Soporte Técnico y Despacho,logistica_envio,@soyMarely36,2026-02-08 23:13:49,1,True,0,3,2026-02,Resuelto
SESS-466471,Gestion de Cuenta,cambio_plan,@theDev56,2026-01-25 00:55:43,1,True,0,3,2026-01,Resuelto
SESS-466488,Gestion de Cuenta,cambio_plan,@theMarely75,2026-02-14 06:41:18,1,True,0,3,2026-02,Resuelto
SESS-466689,Soporte Técnico y Despacho,logistica_envio,@theDev78,2026-04-18 07:35:46,1,True,0,3,2026-04,Resuelto
SESS-467410,Acceso y Seguridad,error_login,@soyMarely83,2026-05-06 15:40:59,1,True,0,3,2026-05,Resuelto
SESS-467429,Facturación y Cobros,problema_pago,@soyMarely42,2026-02-19 14:21:18,1,True,0,3,2026-02,Resuelto
SESS-467677,Soporte Técnico y Despacho,logistica_envio,@theMarely71,2026-04-11 03:30:13,1,True,0,3,2026-04,Resuelto
SESS-467935,Acceso y Seguridad,error_login,@theDev53,2026-04-10 08:07:08,1,True,0,3,2026-04,Resuelto
SESS-468054,Soporte Técnico y Despacho,logistica_envio,@theMarely43,2026-01-27 15:24:48,1,True,0,3,2026-01,Resuelto
SESS-468068,Acceso y Seguridad,error_login,@soyMarely22,2026-04-10 17:02:07,1,True,0,3,2026-04,Resuelto
SESS-468407,Soporte Técnico y Despacho,logistica_envio,@theMarely75,2026-04-05 14:43:48,1,True,0,3,2026-04,Resuelto
SESS-468414,Gestion de Cuenta,cambio_plan,@soyMarely96,2026-04-29 00:20:29,2,False,1,3,2026-04,Churn
SESS-468578,Soporte Técnico y Despacho,logistica_envio,@soyDev14,2025-12-03 03:49:08,2,False,1,3,2025-12,Churn
SESS-468663,Gestion de Cuenta,cambio_plan,@soyKitty45,2026-04-01 14:06:05,2,False,1,3,2026-04,Churn
SESS-468805,Soporte Técnico y Despacho,logistica_envio,@theKitty70,2025-11-27 05:17:43,1,True,0,3,2025-11,Resuelto
SESS-469082,Soporte Técnico y Despacho,logistica_envio,@theKitty84,2025-12-01 07:47:52,1,True,0,3,2025-12,Resuelto
SESS-469234,Acceso y Seguridad,error_login,@soyKitty65,2025-12-13 12:21:22,1,True,0,3,2025-12,Resuelto
SESS-469588,Facturación y Cobros,problema_pago,@soyMarely47,2026-01-27 11:02:45,2,False,1,3,2026-01,Churn
SESS-469705,Soporte Técnico y Despacho,logistica_envio,@soyDev75,2026-03-13 18:15:38,2,False,1,3,2026-03,Churn
SESS-469983,Facturación y Cobros,problema_pago,@theMarely62,2026-05-05 21:38:33,1,True,0,3,2026-05,Resuelto
SESS-470115,Acceso y Seguridad,error_login,@soyDev90,2026-02-25 16:13:43,1,True,0,3,2026-02,Resuelto
SESS-470350,Gestion de Cuenta,cambio_plan,@soyMarely36,2026-04-04 01:33:11,2,False,1,3,2026-04,Churn
SESS-470411,Gestion de Cuenta,cambio_plan,@soyMarely53,2026-01-02 21:11:17,1,True,0,3,2026-01,Resuelto
SESS-470485,Gestion de Cuenta,cambio_plan,@theMarely82,2025-11-28 03:36:51,1,True,0,3,2025-11,Resuelto
SESS-470488,Soporte Técnico y Despacho,logistica_envio,@soyMarely10,2026-02-28 07:37:50,1,True,0,3,2026-02,Resuelto
SESS-470500,Soporte Técnico y Despacho,logistica_envio,@soyKitty20,2025-12-02 21:05:50,1,True,0,3,2025-12,Resuelto
SESS-470628,Acceso y Seguridad,error_login,@soyKitty51,2026-03-12 20:00:07,2,False,1,3,2026-03,Churn
SESS-470649,Facturación y Cobros,problema_pago,@soyKitty13,2026-01-16 01:19:24,1,True,0,3,2026-01,Resuelto
SESS-470903,Acceso y Seguridad,error_login,@soyKitty95,2026-04-15 06:15:54,1,True,0,3,2026-04,Resuelto
SESS-471190,Gestion de Cuenta,cambio_plan,@theMarely70,2026-02-04 11:38:25,2,False,1,3,2026-02,Churn
SESS-471485,Acceso y Seguridad,error_login,@theMarely88,2025-11-11 12:45:01,1,True,0,3,2025-11,Resuelto
SESS-471511,Gestion de Cuenta,cambio_plan,@theKitty71,2026-02-20 14:21:40,2,False,1,3,2026-02,Churn
SESS-471529,Acceso y Seguridad,error_login,@theDev43,2025-11-10 04:56:24,1,True,0,3,2025-11,Resuelto
SESS-471763,Facturación y Cobros,problema_pago,@theKitty59,2025-11-20 17:11:00,1,True,0,3,2025-11,Resuelto
SESS-471808,Facturación y Cobros,problema_pago,@soyKitty74,2025-11-10 16:49:12,2,False,1,3,2025-11,Churn
SESS-471812,Facturación y Cobros,problema_pago,@theDev51,2025-12-27 18:38:06,2,False,1,3,2025-12,Churn
SESS-471933,Acceso y Seguridad,error_login,@theMarely60,2026-03-06 23:45:22,2,False,1,3,2026-03,Churn
SESS-472160,Acceso y Seguridad,error_login,@soyMarely44,2026-04-02 10:45:28,2,False,1,3,2026-04,Churn
SESS-472201,Soporte Técnico y Despacho,logistica_envio,@theDev50,2025-12-30 21:27:43,2,False,1,3,2025-12,Churn
SESS-472300,Facturación y Cobros,problema_pago,@theDev95,2025-12-27 17:26:20,2,False,1,3,2025-12,Churn
SESS-472390,Facturación y Cobros,problema_pago,@soyMarely71,2025-11-14 04:29:13,1,True,0,3,2025-11,Resuelto
SESS-472822,Acceso y Seguridad,error_login,@soyKitty50,2025-11-14 07:34:03,1,True,0,3,2025-11,Resuelto
SESS-472841,Acceso y Seguridad,error_login,@soyDev54,2025-12-20 09:12:55,1,True,0,3,2025-12,Resuelto
SESS-472900,Acceso y Seguridad,error_login,@theDev54,2026-01-20 06:34:07,1,True,0,3,2026-01,Resuelto
SESS-472995,Facturación y Cobros,problema_pago,@theKitty54,2026-01-22 23:05:02,1,True,0,3,2026-01,Resuelto
SESS-473041,Acceso y Seguridad,error_login,@soyKitty71,2025-11-09 11:53:50,2,False,1,3,2025-11,Churn
SESS-473067,Gestion de Cuenta,cambio_plan,@soyKitty90,2026-02-16 00:45:03,1,True,0,3,2026-02,Resuelto
SESS-473216,Acceso y Seguridad,error_login,@theKitty57,2026-01-20 07:54:06,1,True,0,3,2026-01,Resuelto
SESS-473383,Acceso y Seguridad,error_login,@soyDev94,2026-02-09 06:57:38,1,True,0,3,2026-02,Resuelto
SESS-473395,Gestion de Cuenta,cambio_plan,@soyKitty99,2026-03-19 10:32:53,1,True,0,3,2026-03,Resuelto
SESS-473927,Soporte Técnico y Despacho,logistica_envio,@soyKitty85,2025-11-14 09:30:26,2,False,1,3,2025-11,Churn
SESS-474055,Gestion de Cuenta,cambio_plan,@theKitty18,2026-03-17 11:30:16,1,True,0,3,2026-03,Resuelto
SESS-474104,Soporte Técnico y Despacho,logistica_envio,@theDev72,2025-12-29 19:40:33,1,True,0,3,2025-12,Resuelto
SESS-474345,Acceso y Seguridad,error_login,@theMarely79,2025-12-14 16:17:14,1,True,0,3,2025-12,Resuelto
SESS-474376,Soporte Técnico y Despacho,logistica_envio,@theDev83,2026-01-18 06:41:39,2,False,1,3,2026-01,Churn
SESS-474399,Acceso y Seguridad,error_login,@soyDev66,2025-11-25 20:28:24,1,True,0,3,2025-11,Resuelto
SESS-474778,Acceso y Seguridad,error_login,@soyDev57,2026-05-05 10:08:36,2,False,1,3,2026-05,Churn
SESS-475156,Acceso y Seguridad,error_login,@soyDev58,2026-04-15 19:57:20,1,True,0,3,2026-04,Resuelto
SESS-475315,Facturación y Cobros,problema_pago,@theDev57,2026-03-12 00:38:38,1,True,0,3,2026-03,Resuelto
SESS-475329,Soporte Técnico y Despacho,logistica_envio,@theKitty58,2026-05-02 21:09:53,1,True,0,3,2026-05,Resuelto
SESS-475678,Soporte Técnico y Despacho,logistica_envio,@theMarely72,2026-04-19 20:22:54,1,True,0,3,2026-04,Resuelto
SESS-475760,Soporte Técnico y Despacho,logistica_envio,@theKitty29,2025-12-12 06:09:59,2,False,1,3,2025-12,Churn
SESS-475800,Soporte Técnico y Despacho,logistica_envio,@theMarely86,2026-05-02 21:34:00,2,False,1,3,2026-05,Churn
SESS-475801,Acceso y Seguridad,error_login,@soyKitty28,2026-01-08 01:13:03,1,True,0,3,2026-01,Resuelto
SESS-475970,Acceso y Seguridad,error_login,@theKitty25,2026-02-08 06:27:24,1,True,0,3,2026-02,Resuelto
SESS-476041,Facturación y Cobros,problema_pago,@theKitty49,2026-04-18 13:43:49,1,True,0,3,2026-04,Resuelto
SESS-476097,Facturación y Cobros,problema_pago,@soyDev16,2026-02-10 10:00:31,2,False,1,3,2026-02,Churn
SESS-476121,Soporte Técnico y Despacho,logistica_envio,@soyKitty24,2025-11-22 10:58:51,2,False,1,3,2025-11,Churn
SESS-476244,Soporte Técnico y Despacho,logistica_envio,@soyDev56,2026-02-03 05:54:39,1,True,0,3,2026-02,Resuelto
SESS-476815,Acceso y Seguridad,error_login,@theKitty10,2026-01-09 14:46:44,1,True,0,3,2026-01,Resuelto
SESS-476878,Facturación y Cobros,problema_pago,@soyDev42,2026-01-15 05:45:26,1,True,0,3,2026-01,Resuelto
SESS-476979,Facturación y Cobros,problema_pago,@theMarely40,2026-03-15 05:20:59,1,True,0,3,2026-03,Resuelto
SESS-476999,Facturación y Cobros,problema_pago,@soyKitty17,2026-04-30 19:51:33,1,True,0,3,2026-04,Resuelto
SESS-477040,Acceso y Seguridad,error_login,@theDev81,2025-12-28 01:21:23,1,True,0,3,2025-12,Resuelto
SESS-477074,Gestion de Cuenta,cambio_plan,@theMarely93,2026-02-08 18:39:26,1,True,0,3,2026-02,Resuelto
SESS-477697,Facturación y Cobros,problema_pago,@theKitty85,2026-04-25 10:13:09,1,True,0,3,2026-04,Resuelto
SESS-477702,Acceso y Seguridad,error_login,@theMarely25,2026-02-25 18:54:11,2,False,1,3,2026-02,Churn
SESS-477712,Acceso y Seguridad,error_login,@soyDev38,2026-04-14 04:13:43,2,False,1,3,2026-04,Churn
SESS-477883,Gestion de Cuenta,cambio_plan,@theMarely73,2026-02-06 05:56:24,1,True,0,3,2026-02,Resuelto
SESS-477941,Gestion de Cuenta,cambio_plan,@theDev29,2026-04-29 11:18:02,1,True,0,3,2026-04,Resuelto
SESS-477997,Acceso y Seguridad,error_login,@soyKitty66,2026-01-28 08:59:35,1,True,0,3,2026-01,Resuelto
SESS-478128,Soporte Técnico y Despacho,logistica_envio,@soyKitty28,2026-02-25 04:48:07,1,True,0,3,2026-02,Resuelto
SESS-478266,Facturación y Cobros,problema_pago,@theMarely58,2026-01-25 13:03:59,1,True,0,3,2026-01,Resuelto
SESS-478835,Gestion de Cuenta,cambio_plan,@soyDev71,2026-01-14 19:24:16,1,True,0,3,2026-01,Resuelto
SESS-478950,Facturación y Cobros,problema_pago,@soyMarely10,2026-04-21 04:23:33,1,True,0,3,2026-04,Resuelto
SESS-479076,Facturación y Cobros,problema_pago,@soyKitty15,2026-04-06 15:03:32,1,True,0,3,2026-04,Resuelto
SESS-479113,Facturación y Cobros,problema_pago,@theDev82,2026-01-25 05:33:42,1,True,0,3,2026-01,Resuelto
SESS-479199,Gestion de Cuenta,cambio_plan,@theKitty38,2026-01-14 13:29:01,1,True,0,3,2026-01,Resuelto
SESS-479525,Gestion de Cuenta,cambio_plan,@theKitty87,2026-04-10 21:57:24,1,True,0,3,2026-04,Resuelto
SESS-480055,Acceso y Seguridad,error_login,@soyMarely69,2026-03-03 02:07:44,1,True,0,3,2026-03,Resuelto
SESS-480100,Soporte Técnico y Despacho,logistica_envio,@theKitty47,2026-02-10 14:11:01,1,True,0,3,2026-02,Resuelto
SESS-480197,Gestion de Cuenta,cambio_plan,@soyKitty66,2025-12-09 01:05:39,2,False,1,3,2025-12,Churn
SESS-480239,Gestion de Cuenta,cambio_plan,@soyMarely93,2026-01-04 00:25:22,2,False,1,3,2026-01,Churn
SESS-480435,Gestion de Cuenta,cambio_plan,@soyDev66,2025-12-19 03:43:18,2,False,1,3,2025-12,Churn
SESS-480482,Acceso y Seguridad,error_login,@soyKitty64,2025-12-28 19:54:21,1,True,0,3,2025-12,Resuelto
SESS-480508,Soporte Técnico y Despacho,logistica_envio,@soyMarely10,2025-12-17 22:17:34,2,False,1,3,2025-12,Churn
SESS-480573,Soporte Técnico y Despacho,logistica_envio,@theMarely54,2026-01-11 07:04:46,1,True,0,3,2026-01,Resuelto
SESS-481048,Soporte Técnico y Despacho,logistica_envio,@theKitty11,2025-11-15 06:22:00,1,True,0,3,2025-11,Resuelto
SESS-481246,Gestion de Cuenta,cambio_plan,@soyDev80,2026-04-30 18:53:33,1,True,0,3,2026-04,Resuelto
SESS-481268,Acceso y Seguridad,error_login,@theDev74,2025-12-10 01:10:25,1,True,0,3,2025-12,Resuelto
SESS-481311,Soporte Técnico y Despacho,logistica_envio,@theDev88,2025-11-21 10:06:37,1,True,0,3,2025-11,Resuelto
SESS-481387,Facturación y Cobros,problema_pago,@soyMarely53,2026-04-26 18:57:56,1,True,0,3,2026-04,Resuelto
SESS-481510,Facturación y Cobros,problema_pago,@theKitty66,2026-04-29 11:37:52,1,True,0,3,2026-04,Resuelto
SESS-481564,Soporte Técnico y Despacho,logistica_envio,@soyKitty33,2026-02-11 05:12:38,2,False,1,3,2026-02,Churn
SESS-481571,Gestion de Cuenta,cambio_plan,@theKitty47,2026-01-20 23:09:35,1,True,0,3,2026-01,Resuelto
SESS-481588,Soporte Técnico y Despacho,logistica_envio,@theDev83,2026-01-24 06:19:54,1,True,0,3,2026-01,Resuelto
SESS-481733,Gestion de Cuenta,cambio_plan,@theDev75,2025-11-08 06:32:49,2,False,1,3,2025-11,Churn
SESS-481784,Facturación y Cobros,problema_pago,@theDev36,2026-01-24 07:26:22,2,False,1,3,2026-01,Churn
SESS-481904,Gestion de Cuenta,cambio_plan,@theMarely78,2026-04-22 14:34:26,1,True,0,3,2026-04,Resuelto
SESS-482034,Facturación y Cobros,problema_pago,@theDev47,2026-03-07 03:35:56,1,True,0,3,2026-03,Resuelto
SESS-482341,Soporte Técnico y Despacho,logistica_envio,@theMarely99,2026-04-03 04:49:22,2,False,1,3,2026-04,Churn
SESS-482596,Facturación y Cobros,problema_pago,@soyMarely29,2026-01-18 16:01:35,1,True,0,3,2026-01,Resuelto
SESS-482699,Gestion de Cuenta,cambio_plan,@theKitty46,2026-02-02 15:06:44,2,False,1,3,2026-02,Churn
SESS-483061,Gestion de Cuenta,cambio_plan,@soyKitty72,2026-03-14 21:58:19,1,True,0,3,2026-03,Resuelto
SESS-483519,Soporte Técnico y Despacho,logistica_envio,@theMarely48,2026-04-05 20:37:38,2,False,1,3,2026-04,Churn
SESS-483623,Soporte Técnico y Despacho,logistica_envio,@theDev19,2025-12-04 22:28:03,1,True,0,3,2025-12,Resuelto
SESS-484011,Soporte Técnico y Despacho,logistica_envio,@theMarely77,2025-12-03 05:14:57,1,True,0,3,2025-12,Resuelto
SESS-484318,Acceso y Seguridad,error_login,@soyMarely83,2025-12-28 02:46:12,1,True,0,3,2025-12,Resuelto
SESS-484519,Acceso y Seguridad,error_login,@theDev93,2025-12-14 21:23:04,2,False,1,3,2025-12,Churn
SESS-484625,Gestion de Cuenta,cambio_plan,@theKitty43,2026-02-07 01:06:22,1,True,0,3,2026-02,Resuelto
SESS-484834,Soporte Técnico y Despacho,logistica_envio,@theMarely56,2025-12-27 02:01:54,2,False,1,3,2025-12,Churn
SESS-484933,Soporte Técnico y Despacho,logistica_envio,@soyMarely22,2026-04-21 04:16:39,1,True,0,3,2026-04,Resuelto
SESS-484944,Facturación y Cobros,problema_pago,@theDev31,2025-12-25 11:51:30,2,False,1,3,2025-12,Churn
SESS-485093,Acceso y Seguridad,error_login,@soyDev89,2026-03-07 08:10:12,1,True,0,3,2026-03,Resuelto
SESS-485130,Gestion de Cuenta,cambio_plan,@soyKitty34,2026-04-17 19:47:34,1,True,0,3,2026-04,Resuelto
SESS-485158,Acceso y Seguridad,error_login,@soyKitty20,2026-05-06 11:29:03,2,False,1,3,2026-05,Churn
SESS-485165,Soporte Técnico y Despacho,logistica_envio,@theMarely33,2026-02-13 19:40:36,1,True,0,3,2026-02,Resuelto
SESS-485535,Acceso y Seguridad,error_login,@theMarely93,2025-11-17 05:20:47,2,False,1,3,2025-11,Churn
SESS-485586,Facturación y Cobros,problema_pago,@soyMarely74,2026-01-13 07:06:46,2,False,1,3,2026-01,Churn
SESS-485892,Acceso y Seguridad,error_login,@theDev26,2025-11-14 05:33:15,2,False,1,3,2025-11,Churn
SESS-485904,Gestion de Cuenta,cambio_plan,@theKitty58,2025-11-26 23:49:15,1,True,0,3,2025-11,Resuelto
SESS-486140,Acceso y Seguridad,error_login,@soyKitty75,2026-02-05 04:38:48,1,True,0,3,2026-02,Resuelto
SESS-486142,Facturación y Cobros,problema_pago,@soyKitty79,2026-01-20 11:54:32,1,True,0,3,2026-01,Resuelto
SESS-486344,Gestion de Cuenta,cambio_plan,@theDev41,2026-02-14 00:38:17,2,False,1,3,2026-02,Churn
SESS-486592,Soporte Técnico y Despacho,logistica_envio,@soyDev33,2025-12-16 00:15:35,1,True,0,3,2025-12,Resuelto
SESS-487153,Acceso y Seguridad,error_login,@soyMarely97,2026-03-25 08:46:27,2,False,1,3,2026-03,Churn
SESS-487243,Gestion de Cuenta,cambio_plan,@soyDev18,2025-12-20 00:31:39,2,False,1,3,2025-12,Churn
SESS-487577,Gestion de Cuenta,cambio_plan,@theMarely71,2026-04-04 21:00:56,1,True,0,3,2026-04,Resuelto
SESS-487598,Soporte Técnico y Despacho,logistica_envio,@soyMarely83,2026-04-05 14:47:11,2,False,1,3,2026-04,Churn
SESS-487650,Gestion de Cuenta,cambio_plan,@soyKitty23,2025-11-23 22:57:05,2,False,1,3,2025-11,Churn
SESS-487717,Soporte Técnico y Despacho,logistica_envio,@theMarely21,2026-02-24 08:24:27,1,True,0,3,2026-02,Resuelto
SESS-487752,Facturación y Cobros,problema_pago,@soyKitty25,2026-03-05 14:07:49,2,False,1,3,2026-03,Churn
SESS-487872,Gestion de Cuenta,cambio_plan,@theDev78,2026-03-17 05:28:58,2,False,1,3,2026-03,Churn
SESS-487889,Soporte Técnico y Despacho,logistica_envio,@soyMarely19,2026-04-27 04:18:17,1,True,0,3,2026-04,Resuelto
SESS-487909,Acceso y Seguridad,error_login,@soyMarely26,2026-04-08 21:49:34,1,True,0,3,2026-04,Resuelto
SESS-487923,Gestion de Cuenta,cambio_plan,@soyKitty49,2026-03-26 13:04:32,1,True,0,3,2026-03,Resuelto
SESS-488077,Soporte Técnico y Despacho,logistica_envio,@soyMarely94,2025-11-24 16:42:03,1,True,0,3,2025-11,Resuelto
SESS-488327,Facturación y Cobros,problema_pago,@theKitty85,2026-02-06 17:48:46,1,True,0,3,2026-02,Resuelto
SESS-488401,Soporte Técnico y Despacho,logistica_envio,@soyKitty99,2026-01-12 12:39:41,1,True,0,3,2026-01,Resuelto
SESS-488465,Gestion de Cuenta,cambio_plan,@soyMarely46,2026-03-28 06:13:26,1,True,0,3,2026-03,Resuelto
SESS-488473,Facturación y Cobros,problema_pago,@theDev10,2026-01-01 13:21:47,2,False,1,3,2026-01,Churn
SESS-488489,Gestion de Cuenta,cambio_plan,@theDev35,2025-11-24 17:11:50,1,True,0,3,2025-11,Resuelto
SESS-488493,Soporte Técnico y Despacho,logistica_envio,@soyKitty49,2026-03-16 13:26:39,1,True,0,3,2026-03,Resuelto
SESS-488578,Gestion de Cuenta,cambio_plan,@theMarely35,2026-01-18 17:40:42,2,False,1,3,2026-01,Churn
SESS-488821,Gestion de Cuenta,cambio_plan,@soyDev78,2025-12-18 05:20:08,1,True,0,3,2025-12,Resuelto
SESS-488911,Soporte Técnico y Despacho,logistica_envio,@soyDev16,2026-04-19 14:08:40,2,False,1,3,2026-04,Churn
SESS-488918,Gestion de Cuenta,cambio_plan,@soyKitty16,2025-12-22 07:19:30,1,True,0,3,2025-12,Resuelto
SESS-489066,Acceso y Seguridad,error_login,@theDev95,2025-12-14 16:25:13,1,True,0,3,2025-12,Resuelto
SESS-489317,Soporte Técnico y Despacho,logistica_envio,@soyDev31,2026-04-15 06:23:22,1,True,0,3,2026-04,Resuelto
SESS-489327,Facturación y Cobros,problema_pago,@theMarely46,2025-12-02 17:42:18,1,True,0,3,2025-12,Resuelto
SESS-489385,Soporte Técnico y Despacho,logistica_envio,@soyDev88,2025-11-13 15:20:19,2,False,1,3,2025-11,Churn
SESS-489563,Gestion de Cuenta,cambio_plan,@soyDev18,2025-11-25 18:55:54,2,False,1,3,2025-11,Churn
SESS-489720,Acceso y Seguridad,error_login,@soyKitty24,2026-03-02 15:28:39,1,True,0,3,2026-03,Resuelto
SESS-489865,Facturación y Cobros,problema_pago,@theDev81,2025-12-06 20:04:54,2,False,1,3,2025-12,Churn
SESS-489910,Soporte Técnico y Despacho,logistica_envio,@theKitty85,2026-03-02 11:49:54,1,True,0,3,2026-03,Resuelto
SESS-490330,Gestion de Cuenta,cambio_plan,@theDev22,2025-11-20 23:38:29,2,False,1,3,2025-11,Churn
SESS-490415,Facturación y Cobros,problema_pago,@soyKitty36,2026-05-01 19:43:00,2,False,1,3,2026-05,Churn
SESS-490478,Facturación y Cobros,problema_pago,@theMarely63,2026-01-18 06:26:22,2,False,1,3,2026-01,Churn
SESS-490622,Acceso y Seguridad,error_login,@soyDev49,2026-03-06 12:58:47,1,True,0,3,2026-03,Resuelto
SESS-490658,Soporte Técnico y Despacho,logistica_envio,@soyMarely15,2025-12-15 04:26:51,2,False,1,3,2025-12,Churn
SESS-490679,Gestion de Cuenta,cambio_plan,@theDev47,2026-03-23 17:54:00,2,False,1,3,2026-03,Churn
SESS-490686,Soporte Técnico y Despacho,logistica_envio,@theDev31,2026-01-20 04:59:17,1,True,0,3,2026-01,Resuelto
SESS-490780,Facturación y Cobros,problema_pago,@theMarely86,2025-11-24 03:32:38,2,False,1,3,2025-11,Churn
SESS-491084,Gestion de Cuenta,cambio_plan,@soyDev91,2026-02-10 00:38:14,2,False,1,3,2026-02,Churn
SESS-491127,Acceso y Seguridad,error_login,@soyMarely48,2026-04-07 20:08:14,2,False,1,3,2026-04,Churn
SESS-491357,Soporte Técnico y Despacho,logistica_envio,@theDev85,2026-01-12 15:56:55,1,True,0,3,2026-01,Resuelto
SESS-491597,Soporte Técnico y Despacho,logistica_envio,@soyMarely67,2025-11-18 12:33:46,2,False,1,3,2025-11,Churn
SESS-491771,Acceso y Seguridad,error_login,@theMarely43,2025-12-22 02:58:41,2,False,1,3,2025-12,Churn
SESS-491776,Acceso y Seguridad,error_login,@theMarely48,2026-01-30 06:39:19,1,True,0,3,2026-01,Resuelto
SESS-491840,Gestion de Cuenta,cambio_plan,@soyMarely40,2025-11-12 21:47:48,2,False,1,3,2025-11,Churn
SESS-492130,Soporte Técnico y Despacho,logistica_envio,@theKitty94,2026-02-16 11:06:11,2,False,1,3,2026-02,Churn
SESS-492332,Soporte Técnico y Despacho,logistica_envio,@theDev17,2026-04-05 13:52:19,2,False,1,3,2026-04,Churn
SESS-492644,Facturación y Cobros,problema_pago,@theKitty67,2026-02-03 23:10:38,1,True,0,3,2026-02,Resuelto
SESS-493014,Facturación y Cobros,problema_pago,@soyMarely15,2026-03-22 16:09:30,1,True,0,3,2026-03,Resuelto
SESS-493662,Acceso y Seguridad,error_login,@theDev43,2026-05-04 15:47:48,1,True,0,3,2026-05,Resuelto
SESS-493742,Soporte Técnico y Despacho,logistica_envio,@theMarely58,2026-01-01 06:17:31,1,True,0,3,2026-01,Resuelto
SESS-493897,Facturación y Cobros,problema_pago,@theKitty97,2025-12-20 02:02:14,1,True,0,3,2025-12,Resuelto
SESS-493988,Gestion de Cuenta,cambio_plan,@soyMarely98,2026-03-28 19:14:20,2,False,1,3,2026-03,Churn
SESS-494001,Facturación y Cobros,problema_pago,@soyKitty53,2026-03-05 15:35:43,2,False,1,3,2026-03,Churn
SESS-494242,Soporte Técnico y Despacho,logistica_envio,@soyMarely63,2025-12-09 02:20:15,2,False,1,3,2025-12,Churn
SESS-494373,Facturación y Cobros,problema_pago,@theKitty91,2026-01-19 16:59:30,1,True,0,3,2026-01,Resuelto
SESS-494385,Facturación y Cobros,problema_pago,@soyKitty67,2026-03-27 13:45:56,1,True,0,3,2026-03,Resuelto
SESS-494563,Soporte Técnico y Despacho,logistica_envio,@theKitty66,2025-12-17 16:28:01,2,False,1,3,2025-12,Churn
SESS-494809,Soporte Técnico y Despacho,logistica_envio,@theDev51,2026-02-02 03:43:20,1,True,0,3,2026-02,Resuelto
SESS-494829,Gestion de Cuenta,cambio_plan,@theMarely78,2026-01-12 05:21:24,1,True,0,3,2026-01,Resuelto
SESS-495102,Gestion de Cuenta,cambio_plan,@theKitty27,2026-01-20 17:02:24,2,False,1,3,2026-01,Churn
SESS-495259,Acceso y Seguridad,error_login,@soyDev71,2026-01-14 08:59:01,1,True,0,3,2026-01,Resuelto
SESS-495599,Acceso y Seguridad,error_login,@soyKitty47,2026-02-04 15:43:04,2,False,1,3,2026-02,Churn
SESS-495838,Facturación y Cobros,problema_pago,@soyMarely39,2025-12-19 08:08:58,1,True,0,3,2025-12,Resuelto
SESS-496020,Facturación y Cobros,problema_pago,@soyDev28,2025-11-28 11:45:55,2,False,1,3,2025-11,Churn
SESS-496215,Gestion de Cuenta,cambio_plan,@theDev38,2026-02-25 07:06:37,1,True,0,3,2026-02,Resuelto
SESS-496347,Acceso y Seguridad,error_login,@soyMarely88,2026-01-19 15:28:26,2,False,1,3,2026-01,Churn
SESS-496534,Soporte Técnico y Despacho,logistica_envio,@soyMarely34,2025-11-20 21:52:28,1,True,0,3,2025-11,Resuelto
SESS-496673,Facturación y Cobros,problema_pago,@theKitty78,2025-11-16 15:41:45,1,True,0,3,2025-11,Resuelto
SESS-496752,Soporte Técnico y Despacho,logistica_envio,@soyDev63,2026-05-04 20:53:41,1,True,0,3,2026-05,Resuelto
SESS-497060,Gestion de Cuenta,cambio_plan,@theDev33,2026-03-31 09:22:25,2,False,1,3,2026-03,Churn
SESS-497093,Facturación y Cobros,problema_pago,@soyDev81,2025-12-06 05:24:17,2,False,1,3,2025-12,Churn
SESS-497207,Soporte Técnico y Despacho,logistica_envio,@soyMarely98,2026-02-07 23:44:49,1,True,0,3,2026-02,Resuelto
SESS-497243,Facturación y Cobros,problema_pago,@theKitty88,2026-01-27 05:49:08,1,True,0,3,2026-01,Resuelto
SESS-497468,Gestion de Cuenta,cambio_plan,@soyDev82,2026-04-03 19:18:54,1,True,0,3,2026-04,Resuelto
SESS-497834,Facturación y Cobros,problema_pago,@theDev56,2026-04-07 14:45:24,2,False,1,3,2026-04,Churn
SESS-497924,Facturación y Cobros,problema_pago,@theMarely11,2026-01-13 22:13:03,1,True,0,3,2026-01,Resuelto
SESS-497955,Acceso y Seguridad,error_login,@theDev97,2026-05-05 02:06:49,1,True,0,3,2026-05,Resuelto
SESS-498012,Facturación y Cobros,problema_pago,@theMarely55,2025-12-11 10:18:31,1,True,0,3,2025-12,Resuelto
SESS-498258,Facturación y Cobros,problema_pago,@soyMarely41,2025-12-04 11:39:04,1,True,0,3,2025-12,Resuelto
SESS-498359,Gestion de Cuenta,cambio_plan,@theDev85,2026-01-10 01:52:51,2,False,1,3,2026-01,Churn
SESS-498745,Acceso y Seguridad,error_login,@theMarely67,2026-02-13 14:53:32,2,False,1,3,2026-02,Churn
SESS-498922,Acceso y Seguridad,error_login,@soyDev77,2026-05-01 23:59:12,1,True,0,3,2026-05,Resuelto
SESS-499102,Acceso y Seguridad,error_login,@soyMarely43,2026-04-09 00:06:24,1,True,0,3,2026-04,Resuelto
SESS-499136,Gestion de Cuenta,cambio_plan,@theMarely64,2025-11-28 07:09:48,1,True,0,3,2025-11,Resuelto
SESS-499357,Facturación y Cobros,problema_pago,@soyMarely22,2025-12-12 03:01:04,1,True,0,3,2025-12,Resuelto
SESS-499638,Soporte Técnico y Despacho,logistica_envio,@soyDev63,2025-12-02 19:11:02,1,True,0,3,2025-12,Resuelto
SESS-499940,Acceso y Seguridad,error_login,@theMarely48,2025-12-15 12:23:08,1,True,0,3,2025-12,Resuelto
SESS-499948,Facturación y Cobros,problema_pago,@theKitty88,2026-04-27 13:57:03,1,True,0,3,2026-04,Resuelto
SESS-499989,Acceso y Seguridad,error_login,@theMarely20,2026-04-22 02:43:32,1,True,0,3,2026-04,Resuelto
SESS-500191,Facturación y Cobros,problema_pago,@soyDev64,2026-04-23 20:44:38,2,False,1,3,2026-04,Churn
SESS-500603,Facturación y Cobros,problema_pago,@soyKitty55,2026-01-18 20:36:16,1,True,0,3,2026-01,Resuelto
SESS-500613,Soporte Técnico y Despacho,logistica_envio,@soyDev24,2025-12-30 00:25:52,1,True,0,3,2025-12,Resuelto
SESS-500616,Gestion de Cuenta,cambio_plan,@theMarely83,2026-04-06 09:56:16,1,True,0,3,2026-04,Resuelto
SESS-500618,Facturación y Cobros,problema_pago,@theDev46,2025-11-26 20:40:22,2,False,1,3,2025-11,Churn
SESS-500714,Acceso y Seguridad,error_login,@soyDev35,2026-03-30 03:15:22,1,True,0,3,2026-03,Resuelto
SESS-500792,Soporte Técnico y Despacho,logistica_envio,@soyKitty35,2025-12-18 15:38:58,1,True,0,3,2025-12,Resuelto
SESS-500869,Gestion de Cuenta,cambio_plan,@theMarely51,2026-03-19 04:01:28,2,False,1,3,2026-03,Churn
SESS-501071,Acceso y Seguridad,error_login,@theKitty27,2026-01-29 21:55:54,2,False,1,3,2026-01,Churn
SESS-501149,Acceso y Seguridad,error_login,@theKitty59,2025-12-07 16:56:16,2,False,1,3,2025-12,Churn
SESS-501220,Facturación y Cobros,problema_pago,@theDev85,2026-01-08 12:18:26,2,False,1,3,2026-01,Churn
SESS-501363,Facturación y Cobros,problema_pago,@theMarely47,2026-03-06 20:57:32,2,False,1,3,2026-03,Churn
SESS-501431,Soporte Técnico y Despacho,logistica_envio,@theMarely66,2026-01-09 22:04:50,2,False,1,3,2026-01,Churn
SESS-501719,Acceso y Seguridad,error_login,@theDev14,2026-03-24 11:10:13,2,False,1,3,2026-03,Churn
SESS-502134,Gestion de Cuenta,cambio_plan,@soyKitty61,2026-04-17 22:14:16,1,True,0,3,2026-04,Resuelto
SESS-502190,Soporte Técnico y Despacho,logistica_envio,@soyKitty37,2025-12-05 02:24:31,1,True,0,3,2025-12,Resuelto
SESS-502308,Gestion de Cuenta,cambio_plan,@theMarely19,2026-05-02 19:33:29,2,False,1,3,2026-05,Churn
SESS-502348,Acceso y Seguridad,error_login,@soyMarely80,2026-04-04 19:17:14,1,True,0,3,2026-04,Resuelto
SESS-502607,Acceso y Seguridad,error_login,@theKitty22,2026-04-28 22:27:29,1,True,0,3,2026-04,Resuelto
SESS-502977,Facturación y Cobros,problema_pago,@theDev67,2026-01-14 09:42:30,1,True,0,3,2026-01,Resuelto
SESS-503039,Soporte Técnico y Despacho,logistica_envio,@soyKitty74,2025-12-10 21:33:04,2,False,1,3,2025-12,Churn
SESS-503098,Gestion de Cuenta,cambio_plan,@soyDev17,2026-01-21 23:23:23,1,True,0,3,2026-01,Resuelto
SESS-503128,Acceso y Seguridad,error_login,@theMarely63,2026-03-15 16:44:56,1,True,0,3,2026-03,Resuelto
SESS-503848,Soporte Técnico y Despacho,logistica_envio,@theDev81,2026-01-13 16:43:45,1,True,0,3,2026-01,Resuelto
SESS-503902,Facturación y Cobros,problema_pago,@soyKitty64,2026-05-01 05:30:58,1,True,0,3,2026-05,Resuelto
SESS-504047,Gestion de Cuenta,cambio_plan,@theMarely18,2026-03-25 15:15:39,2,False,1,3,2026-03,Churn
SESS-504369,Acceso y Seguridad,error_login,@theDev68,2026-03-09 06:01:25,1,True,0,3,2026-03,Resuelto
SESS-504370,Facturación y Cobros,problema_pago,@soyKitty52,2026-03-08 23:17:13,1,True,0,3,2026-03,Resuelto
SESS-504463,Acceso y Seguridad,error_login,@theMarely17,2026-03-31 19:47:50,2,False,1,3,2026-03,Churn
SESS-504712,Facturación y Cobros,problema_pago,@theDev38,2026-03-12 16:18:04,1,True,0,3,2026-03,Resuelto
SESS-504895,Gestion de Cuenta,cambio_plan,@soyDev80,2026-03-23 16:34:49,1,True,0,3,2026-03,Resuelto
SESS-504927,Acceso y Seguridad,error_login,@soyDev37,2026-03-03 10:20:55,1,True,0,3,2026-03,Resuelto
SESS-505176,Facturación y Cobros,problema_pago,@soyMarely20,2026-02-26 18:24:15,1,True,0,3,2026-02,Resuelto
SESS-505197,Acceso y Seguridad,error_login,@theMarely89,2026-03-12 12:53:08,1,True,0,3,2026-03,Resuelto
SESS-505437,Soporte Técnico y Despacho,logistica_envio,@theKitty22,2025-12-17 08:53:03,1,True,0,3,2025-12,Resuelto
SESS-505588,Facturación y Cobros,problema_pago,@soyKitty15,2026-03-22 15:44:04,2,False,1,3,2026-03,Churn
SESS-505725,Soporte Técnico y Despacho,logistica_envio,@soyDev68,2026-05-05 06:44:54,1,True,0,3,2026-05,Resuelto
SESS-505792,Facturación y Cobros,problema_pago,@soyMarely19,2026-03-01 21:37:25,1,True,0,3,2026-03,Resuelto
SESS-505865,Soporte Técnico y Despacho,logistica_envio,@theMarely72,2026-02-26 07:21:18,2,False,1,3,2026-02,Churn
SESS-505872,Soporte Técnico y Despacho,logistica_envio,@soyKitty24,2026-01-11 11:07:50,2,False,1,3,2026-01,Churn
SESS-506068,Acceso y Seguridad,error_login,@soyMarely56,2026-01-07 14:15:37,2,False,1,3,2026-01,Churn
SESS-506097,Gestion de Cuenta,cambio_plan,@theDev88,2026-03-13 21:01:26,1,True,0,3,2026-03,Resuelto
SESS-506161,Soporte Técnico y Despacho,logistica_envio,@theDev48,2026-04-12 03:19:42,2,False,1,3,2026-04,Churn
SESS-506171,Facturación y Cobros,problema_pago,@theKitty36,2026-03-28 17:11:43,1,True,0,3,2026-03,Resuelto
SESS-506264,Acceso y Seguridad,error_login,@theMarely29,2026-01-15 02:46:23,2,False,1,3,2026-01,Churn
SESS-506542,Gestion de Cuenta,cambio_plan,@soyDev96,2026-01-02 14:02:42,1,True,0,3,2026-01,Resuelto
SESS-506649,Gestion de Cuenta,cambio_plan,@soyDev67,2026-04-13 13:19:40,1,True,0,3,2026-04,Resuelto
SESS-506842,Facturación y Cobros,problema_pago,@soyMarely90,2025-12-01 22:33:42,2,False,1,3,2025-12,Churn
SESS-506941,Acceso y Seguridad,error_login,@soyKitty65,2026-05-06 11:16:54,1,True,0,3,2026-05,Resuelto
SESS-507075,Gestion de Cuenta,cambio_plan,@theDev30,2025-12-29 01:37:06,1,True,0,3,2025-12,Resuelto
SESS-507226,Gestion de Cuenta,cambio_plan,@soyKitty24,2026-04-26 18:43:21,2,False,1,3,2026-04,Churn
SESS-507492,Acceso y Seguridad,error_login,@theDev25,2026-02-22 21:17:04,1,True,0,3,2026-02,Resuelto
SESS-507733,Soporte Técnico y Despacho,logistica_envio,@soyKitty66,2026-01-28 22:17:06,1,True,0,3,2026-01,Resuelto
SESS-507798,Soporte Técnico y Despacho,logistica_envio,@theDev41,2026-04-04 07:46:34,2,False,1,3,2026-04,Churn
SESS-508190,Soporte Técnico y Despacho,logistica_envio,@theKitty55,2026-01-26 18:49:40,1,True,0,3,2026-01,Resuelto
SESS-508304,Facturación y Cobros,problema_pago,@theMarely11,2025-11-24 00:50:35,2,False,1,3,2025-11,Churn
SESS-508309,Acceso y Seguridad,error_login,@soyKitty70,2026-02-27 07:47:21,1,True,0,3,2026-02,Resuelto
SESS-508589,Facturación y Cobros,problema_pago,@theMarely60,2025-12-17 13:19:04,2,False,1,3,2025-12,Churn
SESS-508776,Acceso y Seguridad,error_login,@soyDev85,2026-03-08 09:41:28,1,True,0,3,2026-03,Resuelto
SESS-508886,Soporte Técnico y Despacho,logistica_envio,@soyDev24,2026-01-23 11:53:01,1,True,0,3,2026-01,Resuelto
SESS-508891,Gestion de Cuenta,cambio_plan,@theDev93,2026-03-16 04:26:51,1,True,0,3,2026-03,Resuelto
SESS-508945,Acceso y Seguridad,error_login,@soyDev54,2025-12-26 21:37:31,2,False,1,3,2025-12,Churn
SESS-509127,Soporte Técnico y Despacho,logistica_envio,@soyMarely97,2025-11-23 03:35:06,1,True,0,3,2025-11,Resuelto
SESS-509288,Facturación y Cobros,problema_pago,@soyMarely97,2026-02-23 02:22:44,2,False,1,3,2026-02,Churn
SESS-509416,Facturación y Cobros,problema_pago,@soyDev42,2025-11-18 07:11:33,1,True,0,3,2025-11,Resuelto
SESS-509957,Soporte Técnico y Despacho,logistica_envio,@soyKitty85,2025-11-28 04:26:38,2,False,1,3,2025-11,Churn
SESS-509992,Acceso y Seguridad,error_login,@theMarely57,2025-12-01 07:22:53,1,True,0,3,2025-12,Resuelto
SESS-510174,Gestion de Cuenta,cambio_plan,@soyMarely39,2026-03-21 04:50:04,1,True,0,3,2026-03,Resuelto
SESS-510399,Gestion de Cuenta,cambio_plan,@theDev54,2026-05-05 01:03:32,1,True,0,3,2026-05,Resuelto
SESS-510563,Soporte Técnico y Despacho,logistica_envio,@soyKitty13,2026-04-09 13:58:40,2,False,1,3,2026-04,Churn
SESS-510757,Soporte Técnico y Despacho,logistica_envio,@soyMarely82,2025-12-12 15:38:55,2,False,1,3,2025-12,Churn
SESS-511147,Acceso y Seguridad,error_login,@soyKitty28,2026-01-07 14:53:32,1,True,0,3,2026-01,Resuelto
SESS-511160,Soporte Técnico y Despacho,logistica_envio,@soyKitty92,2026-04-22 12:24:26,1,True,0,3,2026-04,Resuelto
SESS-511182,Gestion de Cuenta,cambio_plan,@theMarely30,2026-01-17 17:27:00,1,True,0,3,2026-01,Resuelto
SESS-511444,Facturación y Cobros,problema_pago,@soyKitty25,2026-03-17 00:24:21,1,True,0,3,2026-03,Resuelto
SESS-511540,Gestion de Cuenta,cambio_plan,@theMarely37,2025-11-29 18:30:57,2,False,1,3,2025-11,Churn
SESS-511561,Facturación y Cobros,problema_pago,@soyKitty38,2026-01-06 20:10:54,1,True,0,3,2026-01,Resuelto
SESS-511784,Soporte Técnico y Despacho,logistica_envio,@soyMarely91,2026-02-23 22:26:23,1,True,0,3,2026-02,Resuelto
SESS-511820,Facturación y Cobros,problema_pago,@soyKitty71,2025-12-17 12:36:30,1,True,0,3,2025-12,Resuelto
SESS-512113,Gestion de Cuenta,cambio_plan,@theMarely43,2025-12-11 23:37:48,1,True,0,3,2025-12,Resuelto
SESS-512132,Soporte Técnico y Despacho,logistica_envio,@theMarely76,2026-01-30 14:33:38,1,True,0,3,2026-01,Resuelto
SESS-512357,Soporte Técnico y Despacho,logistica_envio,@soyMarely97,2026-05-06 16:44:33,1,True,0,3,2026-05,Resuelto
SESS-512570,Soporte Técnico y Despacho,logistica_envio,@soyDev82,2026-04-14 12:00:39,2,False,1,3,2026-04,Churn
SESS-512612,Gestion de Cuenta,cambio_plan,@soyMarely59,2026-03-17 04:00:46,2,False,1,3,2026-03,Churn
SESS-512650,Soporte Técnico y Despacho,logistica_envio,@theDev26,2026-01-18 08:30:03,2,False,1,3,2026-01,Churn
SESS-512797,Facturación y Cobros,problema_pago,@theKitty39,2026-02-14 13:43:03,1,True,0,3,2026-02,Resuelto
SESS-512938,Gestion de Cuenta,cambio_plan,@theDev50,2025-12-24 17:28:29,1,True,0,3,2025-12,Resuelto
SESS-513108,Soporte Técnico y Despacho,logistica_envio,@theMarely32,2026-02-28 10:33:04,1,True,0,3,2026-02,Resuelto
SESS-513164,Facturación y Cobros,problema_pago,@theMarely59,2026-04-03 23:39:09,2,False,1,3,2026-04,Churn
SESS-513304,Facturación y Cobros,problema_pago,@soyDev33,2026-03-03 12:45:14,1,True,0,3,2026-03,Resuelto
SESS-513305,Acceso y Seguridad,error_login,@theDev26,2026-04-19 16:25:53,2,False,1,3,2026-04,Churn
SESS-513578,Facturación y Cobros,problema_pago,@soyMarely40,2026-03-14 21:29:49,2,False,1,3,2026-03,Churn
SESS-514239,Facturación y Cobros,problema_pago,@theKitty70,2026-01-16 18:01:51,2,False,1,3,2026-01,Churn
SESS-514241,Soporte Técnico y Despacho,logistica_envio,@soyKitty58,2026-03-19 03:50:49,1,True,0,3,2026-03,Resuelto
SESS-514434,Gestion de Cuenta,cambio_plan,@soyKitty54,2025-11-21 23:33:24,2,False,1,3,2025-11,Churn
SESS-514573,Soporte Técnico y Despacho,logistica_envio,@theMarely32,2026-03-17 00:09:47,2,False,1,3,2026-03,Churn
SESS-514888,Soporte Técnico y Despacho,logistica_envio,@theDev77,2025-12-02 20:37:46,1,True,0,3,2025-12,Resuelto
SESS-514916,Soporte Técnico y Despacho,logistica_envio,@soyKitty73,2025-12-10 06:25:34,2,False,1,3,2025-12,Churn
SESS-515105,Facturación y Cobros,problema_pago,@soyMarely50,2025-11-26 05:52:30,1,True,0,3,2025-11,Resuelto
SESS-515127,Acceso y Seguridad,error_login,@theKitty26,2025-11-17 21:09:56,1,True,0,3,2025-11,Resuelto
SESS-515138,Facturación y Cobros,problema_pago,@soyMarely83,2026-03-06 12:44:11,1,True,0,3,2026-03,Resuelto
SESS-515190,Soporte Técnico y Despacho,logistica_envio,@theDev63,2026-02-06 05:19:49,1,True,0,3,2026-02,Resuelto
SESS-515411,Acceso y Seguridad,error_login,@soyMarely96,2026-03-14 13:56:05,1,True,0,3,2026-03,Resuelto
SESS-515437,Gestion de Cuenta,cambio_plan,@theKitty80,2025-12-12 05:22:58,2,False,1,3,2025-12,Churn
SESS-515518,Acceso y Seguridad,error_login,@theMarely86,2026-04-18 11:35:51,2,False,1,3,2026-04,Churn
SESS-515661,Acceso y Seguridad,error_login,@theKitty36,2026-04-15 20:51:34,1,True,0,3,2026-04,Resuelto
SESS-515869,Acceso y Seguridad,error_login,@soyDev81,2026-02-23 13:46:32,2,False,1,3,2026-02,Churn
SESS-515902,Acceso y Seguridad,error_login,@soyDev10,2026-02-04 07:37:47,1,True,0,3,2026-02,Resuelto
SESS-516512,Soporte Técnico y Despacho,logistica_envio,@theKitty67,2026-02-18 04:23:23,1,True,0,3,2026-02,Resuelto
SESS-516523,Gestion de Cuenta,cambio_plan,@soyDev54,2026-04-29 06:06:58,1,True,0,3,2026-04,Resuelto
SESS-516609,Soporte Técnico y Despacho,logistica_envio,@theKitty53,2026-01-03 21:48:42,2,False,1,3,2026-01,Churn
SESS-516660,Facturación y Cobros,problema_pago,@theMarely43,2025-12-11 19:45:36,1,True,0,3,2025-12,Resuelto
SESS-516742,Soporte Técnico y Despacho,logistica_envio,@soyKitty97,2025-12-02 18:09:18,2,False,1,3,2025-12,Churn
SESS-516969,Gestion de Cuenta,cambio_plan,@theMarely43,2026-03-28 14:17:04,1,True,0,3,2026-03,Resuelto
SESS-517051,Facturación y Cobros,problema_pago,@soyDev66,2026-03-16 13:57:56,1,True,0,3,2026-03,Resuelto
SESS-517196,Soporte Técnico y Despacho,logistica_envio,@soyDev53,2026-04-13 03:32:05,2,False,1,3,2026-04,Churn
SESS-517322,Gestion de Cuenta,cambio_plan,@theMarely22,2025-11-30 19:13:40,2,False,1,3,2025-11,Churn
SESS-517609,Facturación y Cobros,problema_pago,@soyDev27,2025-11-19 18:32:46,2,False,1,3,2025-11,Churn
SESS-517618,Facturación y Cobros,problema_pago,@soyMarely68,2026-04-08 16:38:36,2,False,1,3,2026-04,Churn
SESS-517697,Acceso y Seguridad,error_login,@soyMarely83,2026-05-05 10:40:25,2,False,1,3,2026-05,Churn
SESS-517762,Gestion de Cuenta,cambio_plan,@theDev27,2026-03-28 01:14:05,1,True,0,3,2026-03,Resuelto
SESS-517770,Acceso y Seguridad,error_login,@soyKitty22,2026-02-08 16:57:19,2,False,1,3,2026-02,Churn
SESS-518044,Acceso y Seguridad,error_login,@soyDev20,2025-11-20 07:25:09,1,True,0,3,2025-11,Resuelto
SESS-518046,Acceso y Seguridad,error_login,@soyMarely91,2026-02-16 15:08:59,1,True,0,3,2026-02,Resuelto
SESS-518132,Facturación y Cobros,problema_pago,@soyDev72,2026-02-12 15:11:50,1,True,0,3,2026-02,Resuelto
SESS-518153,Acceso y Seguridad,error_login,@theMarely12,2026-02-27 17:11:11,1,True,0,3,2026-02,Resuelto
SESS-518678,Soporte Técnico y Despacho,logistica_envio,@soyMarely17,2026-01-31 08:07:16,1,True,0,3,2026-01,Resuelto
SESS-518709,Acceso y Seguridad,error_login,@soyKitty16,2025-11-23 22:46:24,1,True,0,3,2025-11,Resuelto
SESS-518899,Soporte Técnico y Despacho,logistica_envio,@theKitty84,2026-03-24 03:50:25,1,True,0,3,2026-03,Resuelto
SESS-518960,Soporte Técnico y Despacho,logistica_envio,@soyKitty48,2025-11-09 10:38:37,2,False,1,3,2025-11,Churn
SESS-519178,Facturación y Cobros,problema_pago,@theKitty22,2026-03-28 22:49:52,2,False,1,3,2026-03,Churn
SESS-519227,Acceso y Seguridad,error_login,@soyKitty51,2025-12-24 20:37:06,1,True,0,3,2025-12,Resuelto
SESS-519446,Soporte Técnico y Despacho,logistica_envio,@theMarely47,2026-03-23 05:32:28,1,True,0,3,2026-03,Resuelto
SESS-519671,Gestion de Cuenta,cambio_plan,@soyKitty73,2026-01-13 00:43:38,2,False,1,3,2026-01,Churn
SESS-519775,Soporte Técnico y Despacho,logistica_envio,@theDev65,2025-11-16 08:15:21,1,True,0,3,2025-11,Resuelto
SESS-519860,Facturación y Cobros,problema_pago,@soyDev16,2025-12-21 02:47:20,1,True,0,3,2025-12,Resuelto
SESS-519974,Soporte Técnico y Despacho,logistica_envio,@soyKitty52,2026-04-13 08:38:30,1,True,0,3,2026-04,Resuelto
SESS-520029,Soporte Técnico y Despacho,logistica_envio,@soyDev71,2025-12-21 21:40:52,2,False,1,3,2025-12,Churn
SESS-520039,Acceso y Seguridad,error_login,@theKitty32,2026-02-04 09:15:05,1,True,0,3,2026-02,Resuelto
SESS-520051,Facturación y Cobros,problema_pago,@soyDev91,2026-01-16 03:57:46,1,True,0,3,2026-01,Resuelto
SESS-520146,Acceso y Seguridad,error_login,@soyKitty23,2026-01-08 09:59:44,1,True,0,3,2026-01,Resuelto
SESS-520393,Facturación y Cobros,problema_pago,@soyMarely78,2026-01-05 11:00:04,1,True,0,3,2026-01,Resuelto
SESS-520524,Acceso y Seguridad,error_login,@soyDev59,2026-02-21 09:09:31,1,True,0,3,2026-02,Resuelto
SESS-520572,Soporte Técnico y Despacho,logistica_envio,@theMarely95,2026-03-28 02:52:01,1,True,0,3,2026-03,Resuelto
SESS-520702,Soporte Técnico y Despacho,logistica_envio,@theMarely85,2025-11-22 23:33:25,2,False,1,3,2025-11,Churn
SESS-520760,Facturación y Cobros,problema_pago,@soyMarely30,2025-11-21 21:13:33,2,False,1,3,2025-11,Churn
SESS-520975,Acceso y Seguridad,error_login,@theDev71,2025-12-31 06:54:20,1,True,0,3,2025-12,Resuelto
SESS-521351,Soporte Técnico y Despacho,logistica_envio,@soyKitty85,2025-12-13 20:18:25,1,True,0,3,2025-12,Resuelto
SESS-521420,Acceso y Seguridad,error_login,@theKitty91,2026-02-04 23:12:34,2,False,1,3,2026-02,Churn
SESS-521436,Soporte Técnico y Despacho,logistica_envio,@theDev14,2026-04-07 21:44:20,2,False,1,3,2026-04,Churn
SESS-521463,Acceso y Seguridad,error_login,@theMarely90,2026-03-04 04:54:19,1,True,0,3,2026-03,Resuelto
SESS-521470,Acceso y Seguridad,error_login,@soyDev50,2025-12-31 23:10:58,1,True,0,3,2025-12,Resuelto
SESS-521513,Acceso y Seguridad,error_login,@theMarely25,2026-03-15 07:07:42,1,True,0,3,2026-03,Resuelto
SESS-521907,Soporte Técnico y Despacho,logistica_envio,@soyMarely33,2026-01-27 17:50:40,2,False,1,3,2026-01,Churn
SESS-521986,Soporte Técnico y Despacho,logistica_envio,@theMarely69,2025-12-14 16:02:58,2,False,1,3,2025-12,Churn
SESS-522050,Soporte Técnico y Despacho,logistica_envio,@soyMarely79,2026-03-20 19:59:52,1,True,0,3,2026-03,Resuelto
SESS-522076,Gestion de Cuenta,cambio_plan,@soyMarely46,2026-03-10 01:14:07,1,True,0,3,2026-03,Resuelto
SESS-522108,Acceso y Seguridad,error_login,@soyKitty22,2025-12-11 13:32:08,1,True,0,3,2025-12,Resuelto
SESS-522402,Soporte Técnico y Despacho,logistica_envio,@soyMarely44,2026-03-05 10:32:54,1,True,0,3,2026-03,Resuelto
SESS-522434,Acceso y Seguridad,error_login,@theDev19,2026-04-14 23:26:23,2,False,1,3,2026-04,Churn
SESS-522539,Acceso y Seguridad,error_login,@theDev68,2026-03-09 01:23:59,1,True,0,3,2026-03,Resuelto
SESS-522742,Acceso y Seguridad,error_login,@theDev70,2026-03-13 09:31:12,1,True,0,3,2026-03,Resuelto
SESS-522974,Facturación y Cobros,problema_pago,@soyDev35,2026-04-02 11:07:51,1,True,0,3,2026-04,Resuelto
SESS-523121,Acceso y Seguridad,error_login,@theDev12,2025-12-02 23:44:03,1,True,0,3,2025-12,Resuelto
SESS-523153,Facturación y Cobros,problema_pago,@theKitty35,2026-03-22 22:17:18,1,True,0,3,2026-03,Resuelto
SESS-523244,Gestion de Cuenta,cambio_plan,@soyKitty75,2025-11-29 18:50:46,2,False,1,3,2025-11,Churn
SESS-523393,Soporte Técnico y Despacho,logistica_envio,@theMarely54,2025-12-24 08:51:19,1,True,0,3,2025-12,Resuelto
SESS-523623,Soporte Técnico y Despacho,logistica_envio,@theMarely99,2026-05-05 10:41:07,1,True,0,3,2026-05,Resuelto
SESS-523740,Gestion de Cuenta,cambio_plan,@theMarely83,2026-04-19 09:57:22,2,False,1,3,2026-04,Churn
SESS-524086,Facturación y Cobros,problema_pago,@theDev29,2026-04-09 02:51:51,1,True,0,3,2026-04,Resuelto
SESS-524329,Gestion de Cuenta,cambio_plan,@theDev27,2025-12-13 10:20:58,2,False,1,3,2025-12,Churn
SESS-524354,Soporte Técnico y Despacho,logistica_envio,@soyMarely34,2025-11-20 17:06:42,1,True,0,3,2025-11,Resuelto
SESS-524533,Acceso y Seguridad,error_login,@soyKitty53,2025-12-25 10:50:14,2,False,1,3,2025-12,Churn
SESS-524604,Gestion de Cuenta,cambio_plan,@soyKitty86,2026-04-08 00:57:30,1,True,0,3,2026-04,Resuelto
SESS-524621,Facturación y Cobros,problema_pago,@theMarely57,2026-02-02 11:38:50,1,True,0,3,2026-02,Resuelto
SESS-524916,Facturación y Cobros,problema_pago,@soyDev22,2026-01-17 04:31:31,2,False,1,3,2026-01,Churn
SESS-525229,Soporte Técnico y Despacho,logistica_envio,@soyMarely70,2025-12-23 19:47:24,1,True,0,3,2025-12,Resuelto
SESS-525259,Soporte Técnico y Despacho,logistica_envio,@theDev28,2025-12-12 02:47:12,2,False,1,3,2025-12,Churn
SESS-525282,Soporte Técnico y Despacho,logistica_envio,@theDev35,2025-11-23 09:30:09,2,False,1,3,2025-11,Churn
SESS-525283,Acceso y Seguridad,error_login,@soyKitty82,2026-01-23 23:47:04,1,True,0,3,2026-01,Resuelto
SESS-525452,Soporte Técnico y Despacho,logistica_envio,@soyDev82,2025-11-09 12:24:27,1,True,0,3,2025-11,Resuelto
SESS-525602,Facturación y Cobros,problema_pago,@soyKitty99,2026-03-17 09:58:27,1,True,0,3,2026-03,Resuelto
SESS-525669,Soporte Técnico y Despacho,logistica_envio,@theKitty27,2026-02-05 03:55:19,1,True,0,3,2026-02,Resuelto
SESS-525682,Soporte Técnico y Despacho,logistica_envio,@soyKitty64,2026-01-14 18:04:27,1,True,0,3,2026-01,Resuelto
SESS-526017,Soporte Técnico y Despacho,logistica_envio,@theDev43,2025-11-09 04:50:15,1,True,0,3,2025-11,Resuelto
SESS-526172,Soporte Técnico y Despacho,logistica_envio,@soyMarely82,2026-02-14 14:33:00,1,True,0,3,2026-02,Resuelto
SESS-526382,Soporte Técnico y Despacho,logistica_envio,@soyKitty25,2026-01-21 13:36:24,1,True,0,3,2026-01,Resuelto
SESS-526477,Acceso y Seguridad,error_login,@theDev56,2026-03-13 20:27:24,1,True,0,3,2026-03,Resuelto
SESS-526549,Acceso y Seguridad,error_login,@theMarely16,2026-05-04 23:10:23,1,True,0,3,2026-05,Resuelto
SESS-526684,Facturación y Cobros,problema_pago,@soyKitty55,2026-01-09 22:37:20,1,True,0,3,2026-01,Resuelto
SESS-526823,Gestion de Cuenta,cambio_plan,@theDev50,2025-12-09 15:02:12,1,True,0,3,2025-12,Resuelto
SESS-527024,Acceso y Seguridad,error_login,@soyDev76,2025-11-15 07:45:34,1,True,0,3,2025-11,Resuelto
SESS-527031,Acceso y Seguridad,error_login,@soyMarely76,2025-11-09 05:47:29,2,False,1,3,2025-11,Churn
SESS-527071,Facturación y Cobros,problema_pago,@theKitty89,2026-04-22 15:29:46,2,False,1,3,2026-04,Churn
SESS-527083,Soporte Técnico y Despacho,logistica_envio,@soyKitty44,2025-11-09 13:24:04,2,False,1,3,2025-11,Churn
SESS-527110,Soporte Técnico y Despacho,logistica_envio,@theMarely21,2026-04-10 02:14:06,2,False,1,3,2026-04,Churn
SESS-527164,Acceso y Seguridad,error_login,@soyKitty11,2026-05-02 04:59:23,1,True,0,3,2026-05,Resuelto
SESS-527195,Soporte Técnico y Despacho,logistica_envio,@theDev98,2026-03-02 22:24:21,2,False,1,3,2026-03,Churn
SESS-527270,Gestion de Cuenta,cambio_plan,@theMarely39,2026-03-04 16:29:58,2,False,1,3,2026-03,Churn
SESS-527283,Gestion de Cuenta,cambio_plan,@theKitty86,2026-04-07 16:35:31,1,True,0,3,2026-04,Resuelto
SESS-527370,Gestion de Cuenta,cambio_plan,@theDev19,2025-12-10 15:25:02,1,True,0,3,2025-12,Resuelto
SESS-527525,Acceso y Seguridad,error_login,@soyDev16,2026-01-12 13:50:11,1,True,0,3,2026-01,Resuelto
SESS-527970,Soporte Técnico y Despacho,logistica_envio,@soyKitty27,2025-11-24 19:28:00,2,False,1,3,2025-11,Churn
SESS-528123,Gestion de Cuenta,cambio_plan,@theDev31,2025-12-21 07:18:55,1,True,0,3,2025-12,Resuelto
SESS-528351,Gestion de Cuenta,cambio_plan,@theMarely41,2026-03-03 21:24:12,1,True,0,3,2026-03,Resuelto
SESS-528400,Gestion de Cuenta,cambio_plan,@theMarely69,2025-11-09 14:30:36,1,True,0,3,2025-11,Resuelto
SESS-528421,Soporte Técnico y Despacho,logistica_envio,@theDev29,2026-01-09 12:03:55,1,True,0,3,2026-01,Resuelto
SESS-528634,Facturación y Cobros,problema_pago,@theKitty89,2025-12-08 11:31:57,2,False,1,3,2025-12,Churn
SESS-528794,Facturación y Cobros,problema_pago,@theDev75,2026-02-20 18:14:04,2,False,1,3,2026-02,Churn
SESS-528906,Acceso y Seguridad,error_login,@soyDev94,2026-01-27 00:15:55,2,False,1,3,2026-01,Churn
SESS-529014,Acceso y Seguridad,error_login,@soyMarely11,2026-01-30 23:10:18,1,True,0,3,2026-01,Resuelto
SESS-529024,Soporte Técnico y Despacho,logistica_envio,@soyMarely77,2026-03-06 11:46:12,1,True,0,3,2026-03,Resuelto
SESS-529025,Facturación y Cobros,problema_pago,@soyKitty12,2026-03-05 06:44:34,1,True,0,3,2026-03,Resuelto
SESS-529272,Soporte Técnico y Despacho,logistica_envio,@theMarely35,2025-11-15 10:17:42,2,False,1,3,2025-11,Churn
SESS-529346,Facturación y Cobros,problema_pago,@soyKitty66,2026-01-12 21:19:13,1,True,0,3,2026-01,Resuelto
SESS-529358,Soporte Técnico y Despacho,logistica_envio,@soyKitty25,2026-04-02 04:25:16,1,True,0,3,2026-04,Resuelto
SESS-529370,Acceso y Seguridad,error_login,@soyDev25,2026-01-11 09:14:36,1,True,0,3,2026-01,Resuelto
SESS-529378,Soporte Técnico y Despacho,logistica_envio,@soyDev76,2026-03-12 13:41:28,1,True,0,3,2026-03,Resuelto
SESS-529439,Soporte Técnico y Despacho,logistica_envio,@theMarely34,2026-01-22 11:16:19,1,True,0,3,2026-01,Resuelto
SESS-529482,Gestion de Cuenta,cambio_plan,@soyKitty51,2026-03-03 11:47:33,1,True,0,3,2026-03,Resuelto
SESS-529560,Gestion de Cuenta,cambio_plan,@soyKitty96,2025-11-15 21:11:38,2,False,1,3,2025-11,Churn
SESS-529567,Soporte Técnico y Despacho,logistica_envio,@theMarely64,2025-11-27 15:15:17,1,True,0,3,2025-11,Resuelto
SESS-529582,Acceso y Seguridad,error_login,@theDev89,2026-03-05 21:33:18,1,True,0,3,2026-03,Resuelto
SESS-529586,Facturación y Cobros,problema_pago,@theMarely30,2026-04-20 17:23:59,2,False,1,3,2026-04,Churn
SESS-529642,Gestion de Cuenta,cambio_plan,@theMarely95,2025-11-12 12:06:51,1,True,0,3,2025-11,Resuelto
SESS-529645,Soporte Técnico y Despacho,logistica_envio,@theDev76,2026-03-30 05:46:10,2,False,1,3,2026-03,Churn
SESS-529836,Soporte Técnico y Despacho,logistica_envio,@soyKitty24,2026-02-21 20:54:09,1,True,0,3,2026-02,Resuelto
SESS-529920,Acceso y Seguridad,error_login,@soyMarely39,2026-03-30 22:42:00,1,True,0,3,2026-03,Resuelto
SESS-530027,Soporte Técnico y Despacho,logistica_envio,@theKitty73,2026-03-09 01:55:46,1,True,0,3,2026-03,Resuelto
SESS-530471,Acceso y Seguridad,error_login,@soyMarely85,2026-04-24 01:37:45,1,True,0,3,2026-04,Resuelto
SESS-530625,Acceso y Seguridad,error_login,@soyMarely85,2026-01-09 01:23:31,1,True,0,3,2026-01,Resuelto
SESS-530847,Facturación y Cobros,problema_pago,@theKitty63,2025-12-11 01:00:20,1,True,0,3,2025-12,Resuelto
SESS-530853,Soporte Técnico y Despacho,logistica_envio,@soyDev60,2025-11-09 13:22:18,1,True,0,3,2025-11,Resuelto
SESS-531016,Acceso y Seguridad,error_login,@theMarely73,2026-01-11 20:41:23,2,False,1,3,2026-01,Churn
SESS-531549,Gestion de Cuenta,cambio_plan,@soyDev35,2026-04-08 21:48:36,2,False,1,3,2026-04,Churn
SESS-531637,Soporte Técnico y Despacho,logistica_envio,@theKitty88,2026-01-21 18:49:36,2,False,1,3,2026-01,Churn
SESS-531934,Gestion de Cuenta,cambio_plan,@soyKitty98,2026-01-12 00:26:46,2,False,1,3,2026-01,Churn
SESS-531991,Soporte Técnico y Despacho,logistica_envio,@soyKitty25,2026-02-07 21:38:53,2,False,1,3,2026-02,Churn
SESS-532030,Soporte Técnico y Despacho,logistica_envio,@theMarely64,2026-03-18 06:06:05,1,True,0,3,2026-03,Resuelto
SESS-532279,Gestion de Cuenta,cambio_plan,@soyKitty84,2025-11-28 16:17:34,2,False,1,3,2025-11,Churn
SESS-532324,Soporte Técnico y Despacho,logistica_envio,@theDev62,2026-02-26 21:04:19,1,True,0,3,2026-02,Resuelto
SESS-532336,Acceso y Seguridad,error_login,@theMarely49,2025-12-24 22:38:59,2,False,1,3,2025-12,Churn
SESS-532509,Soporte Técnico y Despacho,logistica_envio,@theKitty35,2026-02-25 20:22:39,2,False,1,3,2026-02,Churn
SESS-532644,Gestion de Cuenta,cambio_plan,@theDev89,2026-02-11 10:17:04,1,True,0,3,2026-02,Resuelto
SESS-532718,Soporte Técnico y Despacho,logistica_envio,@theMarely28,2025-11-29 02:12:47,1,True,0,3,2025-11,Resuelto
SESS-532924,Gestion de Cuenta,cambio_plan,@theMarely94,2026-03-15 04:19:21,1,True,0,3,2026-03,Resuelto
SESS-532943,Soporte Técnico y Despacho,logistica_envio,@theMarely73,2026-05-05 08:41:02,2,False,1,3,2026-05,Churn
SESS-533457,Facturación y Cobros,problema_pago,@theMarely11,2025-11-22 20:15:25,1,True,0,3,2025-11,Resuelto
SESS-533519,Acceso y Seguridad,error_login,@soyKitty27,2026-03-26 12:39:03,1,True,0,3,2026-03,Resuelto
SESS-533598,Soporte Técnico y Despacho,logistica_envio,@theKitty70,2025-12-28 18:34:54,1,True,0,3,2025-12,Resuelto
SESS-533918,Soporte Técnico y Despacho,logistica_envio,@theDev90,2026-01-23 07:11:01,1,True,0,3,2026-01,Resuelto
SESS-533991,Facturación y Cobros,problema_pago,@theMarely59,2026-04-04 00:06:08,1,True,0,3,2026-04,Resuelto
SESS-534187,Facturación y Cobros,problema_pago,@theKitty86,2026-02-10 16:24:54,1,True,0,3,2026-02,Resuelto
SESS-534323,Acceso y Seguridad,error_login,@theKitty67,2026-03-18 14:08:11,2,False,1,3,2026-03,Churn
SESS-534512,Facturación y Cobros,problema_pago,@theKitty72,2025-12-25 07:55:43,1,True,0,3,2025-12,Resuelto
SESS-534553,Acceso y Seguridad,error_login,@theDev32,2026-02-17 22:11:01,1,True,0,3,2026-02,Resuelto
SESS-534687,Acceso y Seguridad,error_login,@theMarely65,2026-02-26 06:39:11,1,True,0,3,2026-02,Resuelto
SESS-534742,Soporte Técnico y Despacho,logistica_envio,@soyDev89,2026-01-01 14:14:14,2,False,1,3,2026-01,Churn
SESS-534746,Soporte Técnico y Despacho,logistica_envio,@theMarely37,2025-11-13 09:31:13,2,False,1,3,2025-11,Churn
SESS-534836,Facturación y Cobros,problema_pago,@soyKitty53,2025-11-11 22:18:43,2,False,1,3,2025-11,Churn
SESS-535048,Acceso y Seguridad,error_login,@theKitty88,2026-04-08 16:45:20,2,False,1,3,2026-04,Churn
SESS-535083,Acceso y Seguridad,error_login,@theKitty52,2026-01-20 07:13:39,1,True,0,3,2026-01,Resuelto
SESS-535126,Gestion de Cuenta,cambio_plan,@soyMarely80,2026-04-20 21:19:07,1,True,0,3,2026-04,Resuelto
SESS-535295,Soporte Técnico y Despacho,logistica_envio,@soyMarely36,2025-12-08 01:59:56,1,True,0,3,2025-12,Resuelto
SESS-535348,Acceso y Seguridad,error_login,@soyKitty98,2026-03-22 19:18:34,1,True,0,3,2026-03,Resuelto
SESS-535419,Acceso y Seguridad,error_login,@soyKitty77,2025-11-25 13:12:49,1,True,0,3,2025-11,Resuelto
SESS-535591,Soporte Técnico y Despacho,logistica_envio,@soyDev40,2026-03-22 14:33:31,2,False,1,3,2026-03,Churn
SESS-535637,Acceso y Seguridad,error_login,@theMarely29,2026-03-25 08:01:51,2,False,1,3,2026-03,Churn
SESS-535706,Gestion de Cuenta,cambio_plan,@theKitty21,2026-01-20 14:27:34,2,False,1,3,2026-01,Churn
SESS-535823,Acceso y Seguridad,error_login,@theDev13,2026-02-25 07:29:35,1,True,0,3,2026-02,Resuelto
SESS-535930,Facturación y Cobros,problema_pago,@theKitty18,2025-12-23 18:32:33,1,True,0,3,2025-12,Resuelto
SESS-535955,Soporte Técnico y Despacho,logistica_envio,@theDev20,2026-02-11 00:44:56,1,True,0,3,2026-02,Resuelto
SESS-536092,Soporte Técnico y Despacho,logistica_envio,@soyMarely17,2025-11-28 07:26:19,1,True,0,3,2025-11,Resuelto
SESS-536189,Acceso y Seguridad,error_login,@theKitty32,2026-04-04 16:22:35,1,True,0,3,2026-04,Resuelto
SESS-536364,Soporte Técnico y Despacho,logistica_envio,@theDev42,2026-02-28 00:04:37,2,False,1,3,2026-02,Churn
SESS-537046,Acceso y Seguridad,error_login,@soyDev44,2025-12-05 08:49:44,2,False,1,3,2025-12,Churn
SESS-537249,Gestion de Cuenta,cambio_plan,@theKitty49,2026-05-01 05:41:34,1,True,0,3,2026-05,Resuelto
SESS-537257,Gestion de Cuenta,cambio_plan,@soyKitty77,2026-02-14 04:45:48,1,True,0,3,2026-02,Resuelto
SESS-537502,Soporte Técnico y Despacho,logistica_envio,@theMarely96,2025-12-25 04:03:29,2,False,1,3,2025-12,Churn
SESS-537784,Acceso y Seguridad,error_login,@theKitty34,2026-01-13 23:50:04,2,False,1,3,2026-01,Churn
SESS-537812,Soporte Técnico y Despacho,logistica_envio,@soyKitty31,2025-11-17 23:13:11,2,False,1,3,2025-11,Churn
SESS-538034,Gestion de Cuenta,cambio_plan,@soyKitty64,2026-03-10 13:46:22,2,False,1,3,2026-03,Churn
SESS-538482,Gestion de Cuenta,cambio_plan,@soyDev44,2026-01-08 19:57:10,2,False,1,3,2026-01,Churn
SESS-538589,Soporte Técnico y Despacho,logistica_envio,@soyMarely72,2026-01-06 11:56:59,1,True,0,3,2026-01,Resuelto
SESS-538690,Facturación y Cobros,problema_pago,@theDev21,2026-03-30 05:15:14,1,True,0,3,2026-03,Resuelto
SESS-538926,Soporte Técnico y Despacho,logistica_envio,@theDev63,2025-11-14 07:27:09,1,True,0,3,2025-11,Resuelto
SESS-538971,Facturación y Cobros,problema_pago,@soyDev72,2026-03-31 08:31:04,1,True,0,3,2026-03,Resuelto
SESS-539230,Gestion de Cuenta,cambio_plan,@theDev21,2026-01-29 12:06:01,2,False,1,3,2026-01,Churn
SESS-539261,Facturación y Cobros,problema_pago,@soyDev69,2025-11-17 19:52:12,1,True,0,3,2025-11,Resuelto
SESS-539361,Gestion de Cuenta,cambio_plan,@theKitty44,2026-03-20 16:14:55,1,True,0,3,2026-03,Resuelto
SESS-539474,Soporte Técnico y Despacho,logistica_envio,@theKitty57,2026-01-22 08:20:32,1,True,0,3,2026-01,Resuelto
SESS-539770,Acceso y Seguridad,error_login,@theKitty89,2026-04-10 11:08:56,2,False,1,3,2026-04,Churn
SESS-540817,Gestion de Cuenta,cambio_plan,@soyDev57,2026-01-19 21:45:57,1,True,0,3,2026-01,Resuelto
SESS-540954,Soporte Técnico y Despacho,logistica_envio,@soyMarely61,2026-01-19 21:38:02,1,True,0,3,2026-01,Resuelto
SESS-540982,Soporte Técnico y Despacho,logistica_envio,@soyMarely59,2025-11-28 10:36:31,1,True,0,3,2025-11,Resuelto
SESS-540986,Gestion de Cuenta,cambio_plan,@soyKitty97,2025-12-13 21:34:38,2,False,1,3,2025-12,Churn
SESS-541012,Gestion de Cuenta,cambio_plan,@theDev50,2025-11-18 21:34:22,1,True,0,3,2025-11,Resuelto
SESS-541357,Gestion de Cuenta,cambio_plan,@theMarely73,2026-04-09 12:54:07,1,True,0,3,2026-04,Resuelto
SESS-541740,Acceso y Seguridad,error_login,@theDev21,2026-05-05 20:40:18,1,True,0,3,2026-05,Resuelto
SESS-541766,Soporte Técnico y Despacho,logistica_envio,@soyMarely75,2025-11-13 03:00:58,1,True,0,3,2025-11,Resuelto
SESS-541789,Soporte Técnico y Despacho,logistica_envio,@soyDev69,2025-12-24 16:11:13,1,True,0,3,2025-12,Resuelto
SESS-541901,Facturación y Cobros,problema_pago,@soyMarely12,2026-04-06 12:07:23,1,True,0,3,2026-04,Resuelto
SESS-542138,Facturación y Cobros,problema_pago,@soyDev56,2026-05-04 13:32:51,1,True,0,3,2026-05,Resuelto
SESS-542147,Acceso y Seguridad,error_login,@theKitty66,2026-05-05 17:18:33,1,True,0,3,2026-05,Resuelto
SESS-542173,Facturación y Cobros,problema_pago,@theDev60,2026-03-29 08:55:30,1,True,0,3,2026-03,Resuelto
SESS-542771,Soporte Técnico y Despacho,logistica_envio,@soyDev92,2026-01-03 06:15:47,2,False,1,3,2026-01,Churn
SESS-542792,Acceso y Seguridad,error_login,@soyKitty66,2026-05-01 06:56:45,1,True,0,3,2026-05,Resuelto
SESS-543208,Facturación y Cobros,problema_pago,@soyKitty99,2026-03-23 11:00:18,1,True,0,3,2026-03,Resuelto
SESS-543292,Facturación y Cobros,problema_pago,@theKitty41,2026-01-20 12:35:10,1,True,0,3,2026-01,Resuelto
SESS-543296,Soporte Técnico y Despacho,logistica_envio,@theKitty59,2026-03-26 18:48:48,1,True,0,3,2026-03,Resuelto
SESS-543304,Gestion de Cuenta,cambio_plan,@theMarely28,2026-04-13 01:13:09,1,True,0,3,2026-04,Resuelto
SESS-543337,Facturación y Cobros,problema_pago,@soyMarely40,2026-03-22 06:29:03,2,False,1,3,2026-03,Churn
SESS-543393,Gestion de Cuenta,cambio_plan,@soyDev81,2025-12-06 15:27:56,1,True,0,3,2025-12,Resuelto
SESS-543406,Facturación y Cobros,problema_pago,@soyMarely58,2026-01-17 10:52:50,1,True,0,3,2026-01,Resuelto
SESS-543762,Acceso y Seguridad,error_login,@theKitty45,2026-03-01 02:19:36,1,True,0,3,2026-03,Resuelto
SESS-543794,Gestion de Cuenta,cambio_plan,@theMarely84,2026-04-20 06:29:15,2,False,1,3,2026-04,Churn
SESS-543858,Gestion de Cuenta,cambio_plan,@theMarely82,2026-05-06 09:58:19,1,True,0,3,2026-05,Resuelto
SESS-543888,Soporte Técnico y Despacho,logistica_envio,@soyDev65,2026-04-09 02:09:16,1,True,0,3,2026-04,Resuelto
SESS-543943,Facturación y Cobros,problema_pago,@theKitty64,2025-12-16 17:59:51,1,True,0,3,2025-12,Resuelto
SESS-544016,Soporte Técnico y Despacho,logistica_envio,@theMarely51,2026-04-20 10:29:18,1,True,0,3,2026-04,Resuelto
SESS-544273,Facturación y Cobros,problema_pago,@soyKitty55,2026-02-17 04:26:24,1,True,0,3,2026-02,Resuelto
SESS-544706,Soporte Técnico y Despacho,logistica_envio,@soyDev71,2025-12-14 03:49:54,1,True,0,3,2025-12,Resuelto
SESS-544712,Facturación y Cobros,problema_pago,@soyKitty97,2025-12-13 01:20:39,2,False,1,3,2025-12,Churn
SESS-544725,Facturación y Cobros,problema_pago,@theKitty54,2025-12-16 03:43:54,1,True,0,3,2025-12,Resuelto
SESS-544777,Facturación y Cobros,problema_pago,@theMarely24,2026-01-10 14:13:20,2,False,1,3,2026-01,Churn
SESS-544840,Acceso y Seguridad,error_login,@theMarely26,2026-03-20 18:04:22,1,True,0,3,2026-03,Resuelto
SESS-544859,Acceso y Seguridad,error_login,@theKitty53,2025-11-24 14:58:14,1,True,0,3,2025-11,Resuelto
SESS-545091,Soporte Técnico y Despacho,logistica_envio,@theMarely79,2025-12-20 10:36:38,1,True,0,3,2025-12,Resuelto
SESS-545461,Soporte Técnico y Despacho,logistica_envio,@theDev52,2026-03-05 14:30:32,1,True,0,3,2026-03,Resuelto
SESS-545480,Soporte Técnico y Despacho,logistica_envio,@soyDev43,2026-02-28 05:47:39,1,True,0,3,2026-02,Resuelto
SESS-545524,Gestion de Cuenta,cambio_plan,@theDev56,2026-04-12 07:13:23,1,True,0,3,2026-04,Resuelto
SESS-545696,Acceso y Seguridad,error_login,@soyMarely44,2026-02-08 15:51:13,1,True,0,3,2026-02,Resuelto
SESS-545891,Acceso y Seguridad,error_login,@soyKitty52,2026-01-29 19:53:13,1,True,0,3,2026-01,Resuelto
SESS-545924,Gestion de Cuenta,cambio_plan,@theDev49,2026-04-11 17:50:04,1,True,0,3,2026-04,Resuelto
SESS-546044,Soporte Técnico y Despacho,logistica_envio,@soyDev41,2026-01-20 15:19:44,1,True,0,3,2026-01,Resuelto
SESS-546056,Gestion de Cuenta,cambio_plan,@theKitty50,2026-03-28 18:04:19,1,True,0,3,2026-03,Resuelto
SESS-546126,Soporte Técnico y Despacho,logistica_envio,@soyMarely91,2026-03-03 20:53:04,2,False,1,3,2026-03,Churn
SESS-546362,Soporte Técnico y Despacho,logistica_envio,@theKitty47,2025-11-18 00:47:42,1,True,0,3,2025-11,Resuelto
SESS-546376,Facturación y Cobros,problema_pago,@theDev79,2026-04-04 14:17:23,2,False,1,3,2026-04,Churn
SESS-546677,Acceso y Seguridad,error_login,@soyMarely74,2025-12-05 08:42:12,2,False,1,3,2025-12,Churn
SESS-546711,Facturación y Cobros,problema_pago,@soyDev62,2026-04-10 15:58:54,1,True,0,3,2026-04,Resuelto
SESS-546851,Gestion de Cuenta,cambio_plan,@theDev29,2025-11-18 19:44:33,1,True,0,3,2025-11,Resuelto
SESS-546986,Facturación y Cobros,problema_pago,@soyKitty35,2026-03-04 00:28:15,2,False,1,3,2026-03,Churn
SESS-547173,Gestion de Cuenta,cambio_plan,@soyKitty72,2026-04-01 23:46:04,1,True,0,3,2026-04,Resuelto
SESS-547212,Gestion de Cuenta,cambio_plan,@theMarely24,2026-02-21 19:15:28,1,True,0,3,2026-02,Resuelto
SESS-547267,Soporte Técnico y Despacho,logistica_envio,@theMarely79,2026-01-26 16:00:03,2,False,1,3,2026-01,Churn
SESS-547697,Acceso y Seguridad,error_login,@theMarely54,2026-02-01 15:05:43,2,False,1,3,2026-02,Churn
SESS-547781,Soporte Técnico y Despacho,logistica_envio,@soyKitty94,2025-11-14 21:50:23,1,True,0,3,2025-11,Resuelto
SESS-548268,Facturación y Cobros,problema_pago,@soyMarely24,2025-12-18 06:05:11,1,True,0,3,2025-12,Resuelto
SESS-548323,Acceso y Seguridad,error_login,@soyDev83,2025-12-12 18:00:58,2,False,1,3,2025-12,Churn
SESS-548411,Gestion de Cuenta,cambio_plan,@soyMarely99,2025-12-12 13:35:22,1,True,0,3,2025-12,Resuelto
SESS-548497,Soporte Técnico y Despacho,logistica_envio,@soyMarely82,2026-01-17 16:48:21,1,True,0,3,2026-01,Resuelto
SESS-548515,Acceso y Seguridad,error_login,@theMarely93,2026-04-13 04:52:52,2,False,1,3,2026-04,Churn
SESS-548706,Acceso y Seguridad,error_login,@theDev61,2026-02-22 04:31:56,2,False,1,3,2026-02,Churn
SESS-548807,Soporte Técnico y Despacho,logistica_envio,@soyMarely76,2025-12-13 06:47:47,1,True,0,3,2025-12,Resuelto
SESS-548878,Soporte Técnico y Despacho,logistica_envio,@soyMarely69,2026-02-17 01:54:45,2,False,1,3,2026-02,Churn
SESS-548962,Facturación y Cobros,problema_pago,@soyMarely27,2025-11-27 07:22:46,2,False,1,3,2025-11,Churn
SESS-548998,Facturación y Cobros,problema_pago,@soyDev66,2025-12-27 01:40:17,2,False,1,3,2025-12,Churn
SESS-549223,Soporte Técnico y Despacho,logistica_envio,@theKitty20,2026-04-22 05:46:01,2,False,1,3,2026-04,Churn
SESS-549271,Soporte Técnico y Despacho,logistica_envio,@soyKitty94,2026-03-13 03:07:07,1,True,0,3,2026-03,Resuelto
SESS-549280,Acceso y Seguridad,error_login,@theDev13,2025-12-29 13:01:45,2,False,1,3,2025-12,Churn
SESS-549345,Facturación y Cobros,problema_pago,@theKitty18,2026-03-16 22:40:49,1,True,0,3,2026-03,Resuelto
SESS-549641,Soporte Técnico y Despacho,logistica_envio,@theKitty74,2026-02-24 05:27:43,1,True,0,3,2026-02,Resuelto
SESS-549760,Acceso y Seguridad,error_login,@soyKitty89,2026-03-04 23:13:31,2,False,1,3,2026-03,Churn
SESS-549915,Gestion de Cuenta,cambio_plan,@soyMarely28,2026-05-02 06:26:14,2,False,1,3,2026-05,Churn
SESS-549963,Gestion de Cuenta,cambio_plan,@theDev15,2026-03-26 22:20:57,1,True,0,3,2026-03,Resuelto
SESS-549968,Acceso y Seguridad,error_login,@theDev83,2025-12-15 10:56:57,2,False,1,3,2025-12,Churn
SESS-549978,Facturación y Cobros,problema_pago,@soyDev75,2026-04-02 04:48:31,1,True,0,3,2026-04,Resuelto
SESS-550144,Soporte Técnico y Despacho,logistica_envio,@theMarely64,2026-01-05 21:36:08,1,True,0,3,2026-01,Resuelto
SESS-550835,Gestion de Cuenta,cambio_plan,@theDev74,2025-11-13 12:07:00,1,True,0,3,2025-11,Resuelto
SESS-551369,Facturación y Cobros,problema_pago,@soyDev72,2025-11-30 00:52:49,1,True,0,3,2025-11,Resuelto
SESS-551464,Facturación y Cobros,problema_pago,@theDev47,2026-04-29 05:05:58,1,True,0,3,2026-04,Resuelto
SESS-551573,Acceso y Seguridad,error_login,@theDev56,2026-02-05 15:27:51,1,True,0,3,2026-02,Resuelto
SESS-551590,Facturación y Cobros,problema_pago,@soyKitty64,2025-11-29 11:59:20,2,False,1,3,2025-11,Churn
SESS-551764,Acceso y Seguridad,error_login,@theDev97,2026-04-01 08:58:41,1,True,0,3,2026-04,Resuelto
SESS-551802,Acceso y Seguridad,error_login,@theDev90,2026-03-09 09:33:39,2,False,1,3,2026-03,Churn
SESS-551933,Soporte Técnico y Despacho,logistica_envio,@theKitty58,2026-01-07 03:45:45,2,False,1,3,2026-01,Churn
SESS-552043,Gestion de Cuenta,cambio_plan,@theKitty19,2026-01-16 03:27:29,1,True,0,3,2026-01,Resuelto
SESS-552098,Acceso y Seguridad,error_login,@theKitty12,2026-05-02 04:54:49,2,False,1,3,2026-05,Churn
SESS-552183,Acceso y Seguridad,error_login,@theKitty82,2026-02-03 08:52:25,1,True,0,3,2026-02,Resuelto
SESS-552213,Facturación y Cobros,problema_pago,@soyMarely32,2026-04-05 18:01:47,2,False,1,3,2026-04,Churn
SESS-552334,Gestion de Cuenta,cambio_plan,@soyMarely28,2026-02-26 17:07:04,1,True,0,3,2026-02,Resuelto
SESS-552626,Soporte Técnico y Despacho,logistica_envio,@theMarely45,2026-05-01 11:09:32,1,True,0,3,2026-05,Resuelto
SESS-552648,Soporte Técnico y Despacho,logistica_envio,@theMarely49,2026-04-25 16:56:39,2,False,1,3,2026-04,Churn
SESS-552709,Gestion de Cuenta,cambio_plan,@theMarely19,2026-02-02 06:18:09,1,True,0,3,2026-02,Resuelto
SESS-552853,Facturación y Cobros,problema_pago,@theDev97,2026-03-13 16:10:53,2,False,1,3,2026-03,Churn
SESS-553275,Acceso y Seguridad,error_login,@theDev55,2025-11-27 13:56:58,1,True,0,3,2025-11,Resuelto
SESS-553319,Facturación y Cobros,problema_pago,@theDev73,2025-11-13 05:31:18,1,True,0,3,2025-11,Resuelto
SESS-553577,Gestion de Cuenta,cambio_plan,@soyKitty25,2026-02-16 08:03:19,2,False,1,3,2026-02,Churn
SESS-553593,Facturación y Cobros,problema_pago,@soyDev85,2026-03-28 21:58:39,1,True,0,3,2026-03,Resuelto
SESS-553638,Acceso y Seguridad,error_login,@soyKitty11,2026-01-12 16:52:46,2,False,1,3,2026-01,Churn
SESS-553674,Soporte Técnico y Despacho,logistica_envio,@soyKitty84,2026-01-05 15:58:01,1,True,0,3,2026-01,Resuelto
SESS-553815,Facturación y Cobros,problema_pago,@theMarely48,2025-11-14 00:53:21,2,False,1,3,2025-11,Churn
SESS-553836,Facturación y Cobros,problema_pago,@theKitty17,2025-12-03 06:13:55,1,True,0,3,2025-12,Resuelto
SESS-554050,Facturación y Cobros,problema_pago,@soyDev53,2026-03-12 15:33:55,1,True,0,3,2026-03,Resuelto
SESS-554137,Gestion de Cuenta,cambio_plan,@soyMarely81,2025-11-13 03:54:43,2,False,1,3,2025-11,Churn
SESS-554567,Soporte Técnico y Despacho,logistica_envio,@theMarely14,2026-04-06 02:59:43,1,True,0,3,2026-04,Resuelto
SESS-554573,Soporte Técnico y Despacho,logistica_envio,@soyMarely53,2026-01-28 05:01:44,1,True,0,3,2026-01,Resuelto
SESS-554779,Soporte Técnico y Despacho,logistica_envio,@theKitty95,2026-01-31 08:48:25,2,False,1,3,2026-01,Churn
SESS-554823,Gestion de Cuenta,cambio_plan,@soyDev69,2026-01-20 07:29:11,1,True,0,3,2026-01,Resuelto
SESS-554835,Gestion de Cuenta,cambio_plan,@theDev13,2026-04-06 22:39:53,1,True,0,3,2026-04,Resuelto
SESS-554905,Gestion de Cuenta,cambio_plan,@theMarely51,2025-12-02 09:45:42,1,True,0,3,2025-12,Resuelto
SESS-554910,Soporte Técnico y Despacho,logistica_envio,@soyDev86,2026-02-03 05:18:31,1,True,0,3,2026-02,Resuelto
SESS-555025,Soporte Técnico y Despacho,logistica_envio,@soyMarely97,2025-12-07 02:14:45,1,True,0,3,2025-12,Resuelto
SESS-555066,Soporte Técnico y Despacho,logistica_envio,@soyMarely42,2026-01-27 00:14:04,1,True,0,3,2026-01,Resuelto
SESS-555096,Gestion de Cuenta,cambio_plan,@theKitty61,2025-12-28 17:59:20,2,False,1,3,2025-12,Churn
SESS-555194,Gestion de Cuenta,cambio_plan,@soyDev29,2025-11-13 04:32:40,2,False,1,3,2025-11,Churn
SESS-555279,Acceso y Seguridad,error_login,@soyMarely58,2026-04-17 12:42:10,1,True,0,3,2026-04,Resuelto
SESS-555324,Acceso y Seguridad,error_login,@soyDev69,2025-11-12 08:59:49,2,False,1,3,2025-11,Churn
SESS-555599,Soporte Técnico y Despacho,logistica_envio,@theDev99,2026-01-06 21:22:19,1,True,0,3,2026-01,Resuelto
SESS-556437,Soporte Técnico y Despacho,logistica_envio,@soyMarely12,2025-12-28 20:37:32,1,True,0,3,2025-12,Resuelto
SESS-556447,Acceso y Seguridad,error_login,@theMarely25,2025-11-23 20:23:56,2,False,1,3,2025-11,Churn
SESS-556515,Facturación y Cobros,problema_pago,@soyDev80,2025-12-27 01:06:25,1,True,0,3,2025-12,Resuelto
SESS-556517,Facturación y Cobros,problema_pago,@soyMarely99,2026-03-02 08:19:16,1,True,0,3,2026-03,Resuelto
SESS-556691,Gestion de Cuenta,cambio_plan,@soyMarely98,2025-12-11 09:08:07,1,True,0,3,2025-12,Resuelto
SESS-556773,Acceso y Seguridad,error_login,@soyKitty86,2026-01-15 08:52:36,2,False,1,3,2026-01,Churn
SESS-556935,Acceso y Seguridad,error_login,@theDev83,2026-03-06 01:34:17,2,False,1,3,2026-03,Churn
SESS-557151,Facturación y Cobros,problema_pago,@theDev22,2026-04-04 16:32:55,1,True,0,3,2026-04,Resuelto
SESS-557218,Soporte Técnico y Despacho,logistica_envio,@theDev42,2026-03-31 13:27:17,1,True,0,3,2026-03,Resuelto
SESS-557276,Soporte Técnico y Despacho,logistica_envio,@soyMarely74,2026-02-01 19:26:08,2,False,1,3,2026-02,Churn
SESS-557327,Facturación y Cobros,problema_pago,@theMarely69,2026-04-17 11:03:19,1,True,0,3,2026-04,Resuelto
SESS-557332,Facturación y Cobros,problema_pago,@theKitty60,2025-11-27 12:03:53,2,False,1,3,2025-11,Churn
SESS-557498,Facturación y Cobros,problema_pago,@soyMarely86,2026-04-16 03:44:59,1,True,0,3,2026-04,Resuelto
SESS-557504,Facturación y Cobros,problema_pago,@soyKitty55,2025-11-29 17:29:43,1,True,0,3,2025-11,Resuelto
SESS-557586,Acceso y Seguridad,error_login,@theDev22,2026-05-03 05:01:56,1,True,0,3,2026-05,Resuelto
SESS-557608,Acceso y Seguridad,error_login,@soyDev74,2026-01-04 02:46:21,2,False,1,3,2026-01,Churn
SESS-557632,Gestion de Cuenta,cambio_plan,@theDev66,2026-02-18 01:38:15,1,True,0,3,2026-02,Resuelto
SESS-557789,Facturación y Cobros,problema_pago,@theKitty27,2026-02-28 02:01:36,1,True,0,3,2026-02,Resuelto
SESS-557911,Acceso y Seguridad,error_login,@soyDev56,2026-03-10 05:44:18,1,True,0,3,2026-03,Resuelto
SESS-557934,Soporte Técnico y Despacho,logistica_envio,@theDev99,2026-03-27 12:09:42,1,True,0,3,2026-03,Resuelto
SESS-557982,Facturación y Cobros,problema_pago,@theDev37,2026-01-17 20:53:00,1,True,0,3,2026-01,Resuelto
SESS-558022,Facturación y Cobros,problema_pago,@soyKitty20,2025-11-11 02:51:14,1,True,0,3,2025-11,Resuelto
SESS-558606,Soporte Técnico y Despacho,logistica_envio,@soyMarely92,2026-01-02 08:56:48,1,True,0,3,2026-01,Resuelto
SESS-558725,Acceso y Seguridad,error_login,@theMarely76,2026-02-20 04:45:53,1,True,0,3,2026-02,Resuelto
SESS-558865,Gestion de Cuenta,cambio_plan,@soyKitty21,2026-02-18 11:51:59,2,False,1,3,2026-02,Churn
SESS-558927,Acceso y Seguridad,error_login,@theDev66,2026-03-12 13:43:14,2,False,1,3,2026-03,Churn
SESS-559406,Gestion de Cuenta,cambio_plan,@soyDev48,2026-01-09 05:51:44,1,True,0,3,2026-01,Resuelto
SESS-559407,Gestion de Cuenta,cambio_plan,@soyKitty78,2026-02-25 01:08:13,1,True,0,3,2026-02,Resuelto
SESS-559754,Acceso y Seguridad,error_login,@soyDev92,2026-04-17 14:05:47,1,True,0,3,2026-04,Resuelto
SESS-560102,Gestion de Cuenta,cambio_plan,@theMarely44,2025-12-19 14:03:23,2,False,1,3,2025-12,Churn
SESS-560124,Acceso y Seguridad,error_login,@theKitty64,2026-01-29 04:53:03,1,True,0,3,2026-01,Resuelto
SESS-560260,Facturación y Cobros,problema_pago,@theMarely43,2026-01-31 18:47:32,1,True,0,3,2026-01,Resuelto
SESS-560458,Gestion de Cuenta,cambio_plan,@theKitty23,2026-01-04 09:44:06,1,True,0,3,2026-01,Resuelto
SESS-560657,Soporte Técnico y Despacho,logistica_envio,@soyMarely34,2025-12-09 12:21:57,1,True,0,3,2025-12,Resuelto
SESS-560937,Gestion de Cuenta,cambio_plan,@theDev47,2026-04-02 23:21:11,1,True,0,3,2026-04,Resuelto
SESS-561290,Acceso y Seguridad,error_login,@theDev35,2026-02-10 11:14:10,1,True,0,3,2026-02,Resuelto
SESS-561550,Acceso y Seguridad,error_login,@soyMarely60,2026-05-05 13:45:38,1,True,0,3,2026-05,Resuelto
SESS-561605,Gestion de Cuenta,cambio_plan,@soyDev68,2026-02-13 04:11:01,2,False,1,3,2026-02,Churn
SESS-561714,Gestion de Cuenta,cambio_plan,@theDev28,2026-02-10 02:04:06,1,True,0,3,2026-02,Resuelto
SESS-561770,Soporte Técnico y Despacho,logistica_envio,@theMarely50,2026-03-07 12:14:48,1,True,0,3,2026-03,Resuelto
SESS-561865,Acceso y Seguridad,error_login,@soyDev26,2025-12-09 05:24:54,1,True,0,3,2025-12,Resuelto
SESS-561959,Facturación y Cobros,problema_pago,@theDev75,2026-02-26 11:04:26,1,True,0,3,2026-02,Resuelto
SESS-562344,Facturación y Cobros,problema_pago,@theKitty87,2025-12-19 11:41:20,2,False,1,3,2025-12,Churn
SESS-562363,Soporte Técnico y Despacho,logistica_envio,@theKitty16,2026-02-12 14:06:34,1,True,0,3,2026-02,Resuelto
SESS-562489,Soporte Técnico y Despacho,logistica_envio,@soyMarely57,2025-12-06 10:43:03,1,True,0,3,2025-12,Resuelto
SESS-562503,Soporte Técnico y Despacho,logistica_envio,@soyKitty43,2026-01-13 22:28:14,2,False,1,3,2026-01,Churn
SESS-562522,Acceso y Seguridad,error_login,@theDev71,2026-01-10 12:05:45,1,True,0,3,2026-01,Resuelto
SESS-562610,Acceso y Seguridad,error_login,@soyKitty48,2026-01-21 17:19:45,1,True,0,3,2026-01,Resuelto
SESS-562919,Facturación y Cobros,problema_pago,@soyMarely10,2026-02-12 02:30:07,1,True,0,3,2026-02,Resuelto
SESS-563098,Soporte Técnico y Despacho,logistica_envio,@soyDev64,2025-12-22 16:34:40,1,True,0,3,2025-12,Resuelto
SESS-563175,Acceso y Seguridad,error_login,@soyMarely86,2026-04-13 07:54:51,2,False,1,3,2026-04,Churn
SESS-563284,Acceso y Seguridad,error_login,@theKitty61,2025-11-13 07:46:19,1,True,0,3,2025-11,Resuelto
SESS-563285,Gestion de Cuenta,cambio_plan,@theKitty75,2025-11-16 08:32:26,1,True,0,3,2025-11,Resuelto
SESS-563355,Gestion de Cuenta,cambio_plan,@soyKitty83,2026-01-16 16:30:08,2,False,1,3,2026-01,Churn
SESS-563419,Facturación y Cobros,problema_pago,@soyKitty22,2026-03-30 15:52:11,2,False,1,3,2026-03,Churn
SESS-563441,Gestion de Cuenta,cambio_plan,@theDev76,2026-02-10 05:18:26,2,False,1,3,2026-02,Churn
SESS-563467,Facturación y Cobros,problema_pago,@theKitty69,2026-04-22 02:27:25,1,True,0,3,2026-04,Resuelto
SESS-563583,Gestion de Cuenta,cambio_plan,@soyMarely72,2026-01-15 00:35:24,2,False,1,3,2026-01,Churn
SESS-563712,Facturación y Cobros,problema_pago,@soyDev63,2026-01-08 02:20:12,2,False,1,3,2026-01,Churn
SESS-563769,Gestion de Cuenta,cambio_plan,@soyMarely61,2026-05-03 15:40:54,1,True,0,3,2026-05,Resuelto
SESS-563803,Facturación y Cobros,problema_pago,@soyKitty76,2026-02-12 16:29:01,1,True,0,3,2026-02,Resuelto
SESS-563953,Soporte Técnico y Despacho,logistica_envio,@theKitty14,2026-03-13 10:28:19,1,True,0,3,2026-03,Resuelto
SESS-564082,Gestion de Cuenta,cambio_plan,@theDev64,2026-01-20 13:27:14,2,False,1,3,2026-01,Churn
SESS-564097,Facturación y Cobros,problema_pago,@soyMarely80,2026-03-21 16:53:59,2,False,1,3,2026-03,Churn
SESS-564109,Gestion de Cuenta,cambio_plan,@theDev18,2026-02-18 17:09:59,1,True,0,3,2026-02,Resuelto
SESS-564455,Gestion de Cuenta,cambio_plan,@soyDev50,2026-01-14 11:23:25,1,True,0,3,2026-01,Resuelto
SESS-564529,Facturación y Cobros,problema_pago,@theDev54,2025-11-25 16:20:24,2,False,1,3,2025-11,Churn
SESS-564533,Acceso y Seguridad,error_login,@theKitty94,2025-12-02 14:57:43,2,False,1,3,2025-12,Churn
SESS-564726,Facturación y Cobros,problema_pago,@soyKitty69,2026-05-05 03:54:04,1,True,0,3,2026-05,Resuelto
SESS-565299,Facturación y Cobros,problema_pago,@soyDev81,2026-04-30 08:09:21,2,False,1,3,2026-04,Churn
SESS-565462,Facturación y Cobros,problema_pago,@theDev12,2025-11-26 19:52:02,1,True,0,3,2025-11,Resuelto
SESS-565513,Gestion de Cuenta,cambio_plan,@soyMarely25,2026-02-09 02:43:43,2,False,1,3,2026-02,Churn
SESS-565746,Facturación y Cobros,problema_pago,@soyKitty39,2026-02-15 17:08:21,2,False,1,3,2026-02,Churn
SESS-565953,Soporte Técnico y Despacho,logistica_envio,@soyKitty95,2026-03-28 06:29:09,1,True,0,3,2026-03,Resuelto
SESS-566030,Gestion de Cuenta,cambio_plan,@theDev92,2025-11-11 00:12:39,1,True,0,3,2025-11,Resuelto
SESS-566247,Gestion de Cuenta,cambio_plan,@theKitty54,2026-02-08 05:57:08,1,True,0,3,2026-02,Resuelto
SESS-566255,Gestion de Cuenta,cambio_plan,@theKitty19,2026-02-19 04:49:19,1,True,0,3,2026-02,Resuelto
SESS-566528,Soporte Técnico y Despacho,logistica_envio,@theDev25,2025-12-16 14:17:05,1,True,0,3,2025-12,Resuelto
SESS-566865,Soporte Técnico y Despacho,logistica_envio,@soyMarely95,2026-04-27 13:47:54,1,True,0,3,2026-04,Resuelto
SESS-567061,Soporte Técnico y Despacho,logistica_envio,@soyDev45,2026-01-09 07:32:59,1,True,0,3,2026-01,Resuelto
SESS-567188,Soporte Técnico y Despacho,logistica_envio,@theDev71,2025-12-20 13:38:29,2,False,1,3,2025-12,Churn
SESS-567248,Gestion de Cuenta,cambio_plan,@soyKitty23,2026-04-09 08:11:35,1,True,0,3,2026-04,Resuelto
SESS-567427,Gestion de Cuenta,cambio_plan,@soyDev27,2025-12-24 18:06:43,1,True,0,3,2025-12,Resuelto
SESS-567496,Gestion de Cuenta,cambio_plan,@theKitty63,2026-03-17 18:26:12,2,False,1,3,2026-03,Churn
SESS-567639,Acceso y Seguridad,error_login,@soyMarely77,2026-03-08 18:31:40,2,False,1,3,2026-03,Churn
SESS-567696,Gestion de Cuenta,cambio_plan,@theKitty47,2025-11-29 21:35:23,1,True,0,3,2025-11,Resuelto
SESS-568218,Soporte Técnico y Despacho,logistica_envio,@theDev81,2025-12-09 09:09:34,1,True,0,3,2025-12,Resuelto
SESS-568325,Gestion de Cuenta,cambio_plan,@soyDev55,2025-12-31 04:08:53,1,True,0,3,2025-12,Resuelto
SESS-568334,Soporte Técnico y Despacho,logistica_envio,@theKitty66,2026-02-26 09:46:35,1,True,0,3,2026-02,Resuelto
SESS-568863,Facturación y Cobros,problema_pago,@soyDev94,2025-12-04 00:40:49,1,True,0,3,2025-12,Resuelto
SESS-568959,Soporte Técnico y Despacho,logistica_envio,@theMarely58,2026-01-21 05:06:06,2,False,1,3,2026-01,Churn
SESS-569013,Acceso y Seguridad,error_login,@theMarely76,2026-04-25 17:25:51,2,False,1,3,2026-04,Churn
SESS-569014,Facturación y Cobros,problema_pago,@soyKitty72,2025-11-28 12:23:40,1,True,0,3,2025-11,Resuelto
SESS-569047,Facturación y Cobros,problema_pago,@soyMarely29,2026-04-08 12:45:13,1,True,0,3,2026-04,Resuelto
SESS-569083,Soporte Técnico y Despacho,logistica_envio,@theMarely80,2025-12-19 14:17:28,1,True,0,3,2025-12,Resuelto
SESS-569204,Facturación y Cobros,problema_pago,@theDev97,2026-02-06 03:50:55,2,False,1,3,2026-02,Churn
SESS-569266,Acceso y Seguridad,error_login,@theMarely41,2025-12-19 22:52:33,1,True,0,3,2025-12,Resuelto
SESS-569294,Facturación y Cobros,problema_pago,@soyMarely53,2026-04-14 01:35:45,2,False,1,3,2026-04,Churn
SESS-569323,Soporte Técnico y Despacho,logistica_envio,@theMarely20,2025-11-29 20:12:40,1,True,0,3,2025-11,Resuelto
SESS-569329,Soporte Técnico y Despacho,logistica_envio,@theMarely96,2026-03-20 18:10:09,1,True,0,3,2026-03,Resuelto
SESS-569336,Gestion de Cuenta,cambio_plan,@theDev68,2026-03-12 04:53:55,2,False,1,3,2026-03,Churn
SESS-569469,Soporte Técnico y Despacho,logistica_envio,@soyKitty24,2025-12-12 23:36:01,1,True,0,3,2025-12,Resuelto
SESS-569589,Facturación y Cobros,problema_pago,@soyDev43,2026-01-12 18:23:11,2,False,1,3,2026-01,Churn
SESS-569662,Facturación y Cobros,problema_pago,@theDev37,2025-11-26 15:57:05,2,False,1,3,2025-11,Churn
SESS-570037,Acceso y Seguridad,error_login,@theMarely46,2026-05-02 17:37:28,2,False,1,3,2026-05,Churn
SESS-570063,Gestion de Cuenta,cambio_plan,@theMarely51,2026-04-09 00:36:27,2,False,1,3,2026-04,Churn
SESS-570165,Acceso y Seguridad,error_login,@soyMarely57,2026-01-22 20:27:35,1,True,0,3,2026-01,Resuelto
SESS-570252,Acceso y Seguridad,error_login,@soyKitty24,2026-02-01 17:55:19,1,True,0,3,2026-02,Resuelto
SESS-570323,Soporte Técnico y Despacho,logistica_envio,@theDev93,2026-04-09 19:59:00,1,True,0,3,2026-04,Resuelto
SESS-570408,Acceso y Seguridad,error_login,@theDev17,2026-03-06 00:04:00,2,False,1,3,2026-03,Churn
SESS-570479,Gestion de Cuenta,cambio_plan,@soyKitty83,2026-01-05 01:07:13,1,True,0,3,2026-01,Resuelto
SESS-570538,Facturación y Cobros,problema_pago,@theMarely64,2026-02-08 13:04:21,1,True,0,3,2026-02,Resuelto
SESS-570884,Facturación y Cobros,problema_pago,@theKitty23,2026-04-18 21:39:40,2,False,1,3,2026-04,Churn
SESS-570954,Soporte Técnico y Despacho,logistica_envio,@theKitty36,2025-12-11 03:39:46,1,True,0,3,2025-12,Resuelto
SESS-570976,Facturación y Cobros,problema_pago,@soyKitty83,2026-01-03 05:41:10,1,True,0,3,2026-01,Resuelto
SESS-571317,Soporte Técnico y Despacho,logistica_envio,@soyMarely56,2025-11-26 17:21:12,2,False,1,3,2025-11,Churn
SESS-571442,Gestion de Cuenta,cambio_plan,@theDev88,2026-04-13 22:49:52,1,True,0,3,2026-04,Resuelto
SESS-571474,Soporte Técnico y Despacho,logistica_envio,@theDev11,2025-12-17 14:38:44,1,True,0,3,2025-12,Resuelto
SESS-571745,Gestion de Cuenta,cambio_plan,@theKitty90,2026-04-15 03:55:55,2,False,1,3,2026-04,Churn
SESS-571801,Acceso y Seguridad,error_login,@theMarely62,2025-12-11 23:59:34,2,False,1,3,2025-12,Churn
SESS-571904,Soporte Técnico y Despacho,logistica_envio,@soyKitty97,2025-11-09 06:51:05,1,True,0,3,2025-11,Resuelto
SESS-572092,Acceso y Seguridad,error_login,@theDev70,2026-01-09 21:04:38,1,True,0,3,2026-01,Resuelto
SESS-572276,Soporte Técnico y Despacho,logistica_envio,@soyKitty77,2025-11-14 10:36:24,1,True,0,3,2025-11,Resuelto
SESS-572594,Facturación y Cobros,problema_pago,@theKitty56,2025-12-29 09:13:06,2,False,1,3,2025-12,Churn
SESS-572605,Acceso y Seguridad,error_login,@theDev47,2026-03-18 19:45:00,1,True,0,3,2026-03,Resuelto
SESS-572606,Gestion de Cuenta,cambio_plan,@theKitty40,2025-12-22 11:17:30,1,True,0,3,2025-12,Resuelto
SESS-573114,Acceso y Seguridad,error_login,@theDev63,2026-01-05 00:15:25,2,False,1,3,2026-01,Churn
SESS-573125,Acceso y Seguridad,error_login,@theDev40,2025-12-29 11:55:26,1,True,0,3,2025-12,Resuelto
SESS-573677,Gestion de Cuenta,cambio_plan,@soyDev50,2026-01-22 18:54:09,1,True,0,3,2026-01,Resuelto
SESS-573844,Gestion de Cuenta,cambio_plan,@theDev29,2026-02-28 04:13:33,1,True,0,3,2026-02,Resuelto
SESS-573881,Soporte Técnico y Despacho,logistica_envio,@soyMarely25,2025-11-17 22:57:56,2,False,1,3,2025-11,Churn
SESS-573936,Acceso y Seguridad,error_login,@soyKitty31,2026-05-06 15:36:55,1,True,0,3,2026-05,Resuelto
SESS-574230,Soporte Técnico y Despacho,logistica_envio,@theKitty97,2026-01-26 01:11:21,1,True,0,3,2026-01,Resuelto
SESS-574343,Acceso y Seguridad,error_login,@theDev64,2026-02-27 13:56:00,1,True,0,3,2026-02,Resuelto
SESS-574377,Soporte Técnico y Despacho,logistica_envio,@theKitty68,2026-03-24 18:47:11,2,False,1,3,2026-03,Churn
SESS-574666,Gestion de Cuenta,cambio_plan,@soyDev37,2026-04-17 07:18:08,1,True,0,3,2026-04,Resuelto
SESS-574939,Acceso y Seguridad,error_login,@soyMarely14,2025-12-24 15:59:12,1,True,0,3,2025-12,Resuelto
SESS-575051,Acceso y Seguridad,error_login,@theDev95,2026-03-10 06:54:51,1,True,0,3,2026-03,Resuelto
SESS-575328,Facturación y Cobros,problema_pago,@soyKitty71,2026-05-04 12:05:07,1,True,0,3,2026-05,Resuelto
SESS-575379,Acceso y Seguridad,error_login,@soyDev31,2025-12-18 20:04:22,1,True,0,3,2025-12,Resuelto
SESS-575528,Acceso y Seguridad,error_login,@theDev99,2026-02-19 00:00:19,1,True,0,3,2026-02,Resuelto
SESS-575714,Facturación y Cobros,problema_pago,@theDev34,2026-02-26 08:32:59,1,True,0,3,2026-02,Resuelto
SESS-575715,Soporte Técnico y Despacho,logistica_envio,@soyMarely27,2025-12-12 07:04:02,1,True,0,3,2025-12,Resuelto
SESS-575777,Facturación y Cobros,problema_pago,@soyDev64,2025-12-10 08:22:15,1,True,0,3,2025-12,Resuelto
SESS-575952,Acceso y Seguridad,error_login,@theMarely69,2026-03-04 15:56:13,1,True,0,3,2026-03,Resuelto
SESS-576004,Facturación y Cobros,problema_pago,@theKitty46,2026-01-19 17:50:09,2,False,1,3,2026-01,Churn
SESS-576007,Acceso y Seguridad,error_login,@theDev40,2025-11-30 14:12:45,2,False,1,3,2025-11,Churn
SESS-576432,Soporte Técnico y Despacho,logistica_envio,@soyKitty71,2025-12-22 07:36:42,1,True,0,3,2025-12,Resuelto
SESS-576898,Acceso y Seguridad,error_login,@soyDev95,2025-12-30 00:14:21,1,True,0,3,2025-12,Resuelto
SESS-577066,Soporte Técnico y Despacho,logistica_envio,@theMarely16,2026-03-17 13:15:04,2,False,1,3,2026-03,Churn
SESS-577080,Facturación y Cobros,problema_pago,@soyMarely49,2025-12-06 21:19:57,1,True,0,3,2025-12,Resuelto
SESS-577174,Acceso y Seguridad,error_login,@theMarely44,2026-04-21 12:00:33,1,True,0,3,2026-04,Resuelto
SESS-577522,Acceso y Seguridad,error_login,@theDev62,2026-02-01 14:12:34,2,False,1,3,2026-02,Churn
SESS-577641,Facturación y Cobros,problema_pago,@theKitty66,2026-03-08 03:51:40,1,True,0,3,2026-03,Resuelto
SESS-577685,Facturación y Cobros,problema_pago,@theMarely11,2026-04-02 00:37:06,1,True,0,3,2026-04,Resuelto
SESS-577777,Soporte Técnico y Despacho,logistica_envio,@theMarely42,2026-01-08 03:04:13,2,False,1,3,2026-01,Churn
SESS-577836,Acceso y Seguridad,error_login,@soyMarely70,2025-11-27 14:51:28,2,False,1,3,2025-11,Churn
SESS-578183,Gestion de Cuenta,cambio_plan,@theDev68,2026-02-15 11:56:10,2,False,1,3,2026-02,Churn
SESS-578432,Gestion de Cuenta,cambio_plan,@theKitty66,2026-02-24 21:47:35,1,True,0,3,2026-02,Resuelto
SESS-578621,Acceso y Seguridad,error_login,@soyMarely59,2025-11-28 02:04:54,1,True,0,3,2025-11,Resuelto
SESS-578851,Acceso y Seguridad,error_login,@theMarely36,2026-01-07 19:37:00,2,False,1,3,2026-01,Churn
SESS-578877,Acceso y Seguridad,error_login,@theKitty70,2026-04-24 14:10:07,1,True,0,3,2026-04,Resuelto
SESS-578906,Soporte Técnico y Despacho,logistica_envio,@soyMarely37,2026-04-19 06:20:56,1,True,0,3,2026-04,Resuelto
SESS-578946,Facturación y Cobros,problema_pago,@theKitty43,2026-04-27 20:38:23,2,False,1,3,2026-04,Churn
SESS-579015,Acceso y Seguridad,error_login,@soyMarely36,2026-04-15 09:15:39,1,True,0,3,2026-04,Resuelto
SESS-579317,Gestion de Cuenta,cambio_plan,@theMarely45,2026-02-18 01:45:26,2,False,1,3,2026-02,Churn
SESS-579318,Facturación y Cobros,problema_pago,@soyKitty91,2025-12-19 19:38:00,1,True,0,3,2025-12,Resuelto
SESS-579350,Acceso y Seguridad,error_login,@theMarely49,2026-02-01 10:20:46,2,False,1,3,2026-02,Churn
SESS-579354,Gestion de Cuenta,cambio_plan,@theDev15,2025-11-24 19:32:39,1,True,0,3,2025-11,Resuelto
SESS-579369,Acceso y Seguridad,error_login,@soyMarely82,2026-02-01 11:36:42,2,False,1,3,2026-02,Churn
SESS-579685,Soporte Técnico y Despacho,logistica_envio,@theMarely89,2025-12-18 23:35:55,1,True,0,3,2025-12,Resuelto
SESS-579750,Soporte Técnico y Despacho,logistica_envio,@theMarely21,2025-12-19 13:34:23,2,False,1,3,2025-12,Churn
SESS-579790,Facturación y Cobros,problema_pago,@soyKitty81,2026-02-14 15:48:32,1,True,0,3,2026-02,Resuelto
SESS-579838,Soporte Técnico y Despacho,logistica_envio,@theMarely10,2025-11-27 03:31:50,1,True,0,3,2025-11,Resuelto
SESS-579869,Acceso y Seguridad,error_login,@theMarely63,2025-12-18 23:37:22,2,False,1,3,2025-12,Churn
SESS-579885,Facturación y Cobros,problema_pago,@soyMarely87,2026-04-05 15:46:38,2,False,1,3,2026-04,Churn
SESS-580435,Soporte Técnico y Despacho,logistica_envio,@soyMarely14,2026-03-05 14:29:26,1,True,0,3,2026-03,Resuelto
SESS-580585,Gestion de Cuenta,cambio_plan,@soyDev38,2026-03-06 07:14:43,1,True,0,3,2026-03,Resuelto
SESS-580644,Soporte Técnico y Despacho,logistica_envio,@theMarely46,2026-04-07 01:28:52,1,True,0,3,2026-04,Resuelto
SESS-580657,Soporte Técnico y Despacho,logistica_envio,@theMarely74,2026-02-01 18:29:20,2,False,1,3,2026-02,Churn
SESS-580860,Soporte Técnico y Despacho,logistica_envio,@soyMarely28,2025-12-20 06:25:55,2,False,1,3,2025-12,Churn
SESS-580917,Facturación y Cobros,problema_pago,@theDev50,2026-02-03 13:16:11,1,True,0,3,2026-02,Resuelto
SESS-580920,Facturación y Cobros,problema_pago,@soyDev85,2026-04-19 16:34:07,1,True,0,3,2026-04,Resuelto
SESS-580934,Gestion de Cuenta,cambio_plan,@soyDev79,2026-03-04 14:09:47,1,True,0,3,2026-03,Resuelto
SESS-580989,Soporte Técnico y Despacho,logistica_envio,@theDev40,2026-01-27 16:47:22,1,True,0,3,2026-01,Resuelto
SESS-581027,Acceso y Seguridad,error_login,@soyKitty32,2026-01-04 23:40:24,1,True,0,3,2026-01,Resuelto
SESS-581043,Soporte Técnico y Despacho,logistica_envio,@theDev37,2025-12-12 23:10:27,1,True,0,3,2025-12,Resuelto
SESS-581693,Acceso y Seguridad,error_login,@theMarely60,2025-11-27 03:17:14,1,True,0,3,2025-11,Resuelto
SESS-581846,Facturación y Cobros,problema_pago,@theMarely97,2026-01-21 03:41:04,2,False,1,3,2026-01,Churn
SESS-581934,Acceso y Seguridad,error_login,@theKitty88,2025-11-20 08:30:32,1,True,0,3,2025-11,Resuelto
SESS-582321,Gestion de Cuenta,cambio_plan,@theDev84,2026-03-07 09:53:15,2,False,1,3,2026-03,Churn
SESS-582323,Facturación y Cobros,problema_pago,@theMarely23,2026-01-14 19:48:26,1,True,0,3,2026-01,Resuelto
SESS-582418,Gestion de Cuenta,cambio_plan,@theMarely45,2026-04-06 07:29:05,2,False,1,3,2026-04,Churn
SESS-582675,Facturación y Cobros,problema_pago,@theDev11,2026-04-24 20:29:05,2,False,1,3,2026-04,Churn
SESS-582776,Acceso y Seguridad,error_login,@soyKitty92,2026-04-16 13:22:26,2,False,1,3,2026-04,Churn
SESS-582936,Facturación y Cobros,problema_pago,@soyMarely11,2026-02-18 14:58:06,1,True,0,3,2026-02,Resuelto
SESS-582980,Soporte Técnico y Despacho,logistica_envio,@theMarely94,2026-04-15 15:18:48,1,True,0,3,2026-04,Resuelto
SESS-583027,Gestion de Cuenta,cambio_plan,@theDev27,2025-11-19 21:19:58,1,True,0,3,2025-11,Resuelto
SESS-583055,Facturación y Cobros,problema_pago,@theMarely53,2026-03-30 20:18:28,2,False,1,3,2026-03,Churn
SESS-583165,Soporte Técnico y Despacho,logistica_envio,@theKitty29,2026-03-07 00:54:31,1,True,0,3,2026-03,Resuelto
SESS-583363,Soporte Técnico y Despacho,logistica_envio,@theMarely96,2026-03-03 10:44:27,2,False,1,3,2026-03,Churn
SESS-583419,Soporte Técnico y Despacho,logistica_envio,@theKitty98,2025-12-10 14:21:33,2,False,1,3,2025-12,Churn
SESS-583465,Facturación y Cobros,problema_pago,@theKitty95,2025-12-20 16:10:10,2,False,1,3,2025-12,Churn
SESS-584096,Acceso y Seguridad,error_login,@theKitty80,2026-02-28 03:37:20,2,False,1,3,2026-02,Churn
SESS-584209,Facturación y Cobros,problema_pago,@theKitty84,2025-12-04 16:32:39,1,True,0,3,2025-12,Resuelto
SESS-584230,Acceso y Seguridad,error_login,@theMarely21,2026-01-20 00:58:23,1,True,0,3,2026-01,Resuelto
SESS-584293,Gestion de Cuenta,cambio_plan,@theKitty58,2026-04-26 07:30:05,1,True,0,3,2026-04,Resuelto
SESS-584303,Acceso y Seguridad,error_login,@soyMarely83,2025-11-13 00:37:17,2,False,1,3,2025-11,Churn
SESS-584833,Soporte Técnico y Despacho,logistica_envio,@soyKitty89,2025-11-25 16:02:45,1,True,0,3,2025-11,Resuelto
SESS-585299,Acceso y Seguridad,error_login,@soyMarely34,2026-02-06 00:50:52,1,True,0,3,2026-02,Resuelto
SESS-585357,Facturación y Cobros,problema_pago,@theMarely99,2025-12-25 18:36:49,1,True,0,3,2025-12,Resuelto
SESS-585392,Acceso y Seguridad,error_login,@soyMarely96,2026-02-05 13:10:28,2,False,1,3,2026-02,Churn
SESS-585751,Gestion de Cuenta,cambio_plan,@soyMarely43,2025-12-16 14:01:34,1,True,0,3,2025-12,Resuelto
SESS-585755,Acceso y Seguridad,error_login,@soyKitty25,2025-12-14 02:03:40,2,False,1,3,2025-12,Churn
SESS-585910,Acceso y Seguridad,error_login,@theMarely93,2026-04-08 14:07:19,1,True,0,3,2026-04,Resuelto
SESS-586105,Gestion de Cuenta,cambio_plan,@theDev88,2026-04-15 16:15:45,1,True,0,3,2026-04,Resuelto
SESS-586226,Facturación y Cobros,problema_pago,@theMarely71,2025-12-01 12:21:12,1,True,0,3,2025-12,Resuelto
SESS-586355,Gestion de Cuenta,cambio_plan,@theMarely64,2026-01-30 17:17:43,2,False,1,3,2026-01,Churn
SESS-586389,Soporte Técnico y Despacho,logistica_envio,@theMarely29,2026-01-17 21:54:23,1,True,0,3,2026-01,Resuelto
SESS-586492,Gestion de Cuenta,cambio_plan,@soyDev58,2026-04-21 16:26:36,1,True,0,3,2026-04,Resuelto
SESS-586572,Acceso y Seguridad,error_login,@theDev91,2025-11-26 20:27:38,1,True,0,3,2025-11,Resuelto
SESS-586839,Gestion de Cuenta,cambio_plan,@soyDev56,2025-12-28 21:55:05,1,True,0,3,2025-12,Resuelto
SESS-586844,Acceso y Seguridad,error_login,@soyKitty69,2026-03-21 17:22:28,1,True,0,3,2026-03,Resuelto
SESS-586911,Soporte Técnico y Despacho,logistica_envio,@theMarely95,2026-02-20 09:00:58,2,False,1,3,2026-02,Churn
SESS-586919,Gestion de Cuenta,cambio_plan,@soyMarely74,2025-12-29 21:18:01,2,False,1,3,2025-12,Churn
SESS-587165,Facturación y Cobros,problema_pago,@theKitty57,2026-04-03 08:29:10,2,False,1,3,2026-04,Churn
SESS-587313,Soporte Técnico y Despacho,logistica_envio,@theMarely86,2026-01-26 05:53:35,1,True,0,3,2026-01,Resuelto
SESS-587392,Facturación y Cobros,problema_pago,@theKitty29,2026-01-21 22:29:33,2,False,1,3,2026-01,Churn
SESS-587554,Soporte Técnico y Despacho,logistica_envio,@theDev13,2025-12-04 05:57:19,1,True,0,3,2025-12,Resuelto
SESS-587594,Gestion de Cuenta,cambio_plan,@theKitty50,2025-12-07 02:19:26,2,False,1,3,2025-12,Churn
SESS-587782,Facturación y Cobros,problema_pago,@soyKitty47,2025-12-29 10:06:01,2,False,1,3,2025-12,Churn
SESS-587809,Facturación y Cobros,problema_pago,@theMarely62,2025-12-28 19:25:10,1,True,0,3,2025-12,Resuelto
SESS-587830,Facturación y Cobros,problema_pago,@theDev35,2026-01-08 17:39:40,1,True,0,3,2026-01,Resuelto
SESS-587994,Facturación y Cobros,problema_pago,@theMarely82,2025-11-09 17:16:15,2,False,1,3,2025-11,Churn
SESS-588039,Facturación y Cobros,problema_pago,@theMarely83,2026-03-23 03:17:20,1,True,0,3,2026-03,Resuelto
SESS-588510,Gestion de Cuenta,cambio_plan,@soyKitty25,2026-01-20 07:34:20,2,False,1,3,2026-01,Churn
SESS-588662,Facturación y Cobros,problema_pago,@theMarely14,2026-01-28 03:49:41,2,False,1,3,2026-01,Churn
SESS-589167,Acceso y Seguridad,error_login,@theMarely66,2026-04-14 12:24:41,1,True,0,3,2026-04,Resuelto
SESS-589212,Gestion de Cuenta,cambio_plan,@theMarely48,2026-02-01 02:17:00,2,False,1,3,2026-02,Churn
SESS-589336,Gestion de Cuenta,cambio_plan,@soyMarely56,2026-02-02 00:14:44,1,True,0,3,2026-02,Resuelto
SESS-589360,Facturación y Cobros,problema_pago,@soyKitty77,2026-04-28 16:04:44,2,False,1,3,2026-04,Churn
SESS-589401,Facturación y Cobros,problema_pago,@soyKitty16,2026-01-09 06:18:22,1,True,0,3,2026-01,Resuelto
SESS-589493,Facturación y Cobros,problema_pago,@theKitty73,2026-04-18 04:13:29,2,False,1,3,2026-04,Churn
SESS-589505,Soporte Técnico y Despacho,logistica_envio,@soyKitty52,2026-05-02 22:29:48,1,True,0,3,2026-05,Resuelto
SESS-589667,Facturación y Cobros,problema_pago,@soyKitty72,2025-11-13 01:02:59,1,True,0,3,2025-11,Resuelto
SESS-589687,Soporte Técnico y Despacho,logistica_envio,@soyMarely44,2026-02-12 22:41:01,1,True,0,3,2026-02,Resuelto
SESS-589899,Acceso y Seguridad,error_login,@theDev48,2026-05-04 01:25:49,1,True,0,3,2026-05,Resuelto
SESS-589945,Gestion de Cuenta,cambio_plan,@soyMarely60,2026-04-02 01:20:27,1,True,0,3,2026-04,Resuelto
SESS-590057,Gestion de Cuenta,cambio_plan,@theMarely89,2026-01-05 17:15:23,2,False,1,3,2026-01,Churn
SESS-590216,Facturación y Cobros,problema_pago,@soyDev80,2025-11-28 19:24:37,1,True,0,3,2025-11,Resuelto
SESS-590229,Gestion de Cuenta,cambio_plan,@soyDev95,2026-02-26 03:59:19,1,True,0,3,2026-02,Resuelto
SESS-590450,Gestion de Cuenta,cambio_plan,@theMarely77,2026-04-07 07:51:59,2,False,1,3,2026-04,Churn
SESS-590499,Soporte Técnico y Despacho,logistica_envio,@theDev91,2026-03-29 15:31:31,1,True,0,3,2026-03,Resuelto
SESS-590856,Facturación y Cobros,problema_pago,@soyDev32,2026-03-16 08:09:36,1,True,0,3,2026-03,Resuelto
SESS-590948,Acceso y Seguridad,error_login,@theDev26,2025-12-01 22:25:21,1,True,0,3,2025-12,Resuelto
SESS-590970,Acceso y Seguridad,error_login,@soyMarely59,2026-04-04 12:34:45,2,False,1,3,2026-04,Churn
SESS-591094,Acceso y Seguridad,error_login,@soyDev89,2025-11-21 05:48:42,2,False,1,3,2025-11,Churn
SESS-591294,Gestion de Cuenta,cambio_plan,@soyKitty75,2026-01-20 03:20:57,2,False,1,3,2026-01,Churn
SESS-591443,Facturación y Cobros,problema_pago,@soyKitty22,2026-02-12 09:43:35,1,True,0,3,2026-02,Resuelto
SESS-591873,Acceso y Seguridad,error_login,@theMarely36,2026-02-25 16:30:07,1,True,0,3,2026-02,Resuelto
SESS-592162,Gestion de Cuenta,cambio_plan,@soyMarely98,2025-12-26 11:18:40,1,True,0,3,2025-12,Resuelto
SESS-592170,Acceso y Seguridad,error_login,@theMarely37,2025-11-21 13:12:05,2,False,1,3,2025-11,Churn
SESS-592300,Facturación y Cobros,problema_pago,@theMarely69,2026-03-27 08:48:12,2,False,1,3,2026-03,Churn
SESS-592320,Acceso y Seguridad,error_login,@theMarely13,2026-02-28 03:19:21,1,True,0,3,2026-02,Resuelto
SESS-592333,Gestion de Cuenta,cambio_plan,@theDev36,2026-03-12 01:10:58,1,True,0,3,2026-03,Resuelto
SESS-592413,Facturación y Cobros,problema_pago,@theMarely29,2026-03-10 13:51:19,1,True,0,3,2026-03,Resuelto
SESS-592418,Soporte Técnico y Despacho,logistica_envio,@soyDev92,2026-01-07 17:44:29,1,True,0,3,2026-01,Resuelto
SESS-592779,Gestion de Cuenta,cambio_plan,@theKitty22,2026-02-18 10:38:06,1,True,0,3,2026-02,Resuelto
SESS-592998,Acceso y Seguridad,error_login,@theKitty66,2025-12-31 13:06:02,1,True,0,3,2025-12,Resuelto
SESS-593024,Soporte Técnico y Despacho,logistica_envio,@theMarely89,2026-04-21 06:04:02,1,True,0,3,2026-04,Resuelto
SESS-593031,Gestion de Cuenta,cambio_plan,@soyDev22,2026-01-13 15:52:00,1,True,0,3,2026-01,Resuelto
SESS-593091,Soporte Técnico y Despacho,logistica_envio,@soyMarely16,2025-11-27 05:32:05,1,True,0,3,2025-11,Resuelto
SESS-593312,Acceso y Seguridad,error_login,@theMarely23,2026-02-13 20:31:05,1,True,0,3,2026-02,Resuelto
SESS-593324,Facturación y Cobros,problema_pago,@soyKitty14,2026-01-23 15:35:58,2,False,1,3,2026-01,Churn
SESS-593386,Facturación y Cobros,problema_pago,@theDev96,2025-12-29 03:24:09,2,False,1,3,2025-12,Churn
SESS-593483,Soporte Técnico y Despacho,logistica_envio,@theDev53,2026-02-27 04:25:23,1,True,0,3,2026-02,Resuelto
SESS-593689,Soporte Técnico y Despacho,logistica_envio,@soyDev52,2025-11-30 02:26:03,1,True,0,3,2025-11,Resuelto
SESS-593788,Acceso y Seguridad,error_login,@theKitty58,2025-12-03 08:42:04,1,True,0,3,2025-12,Resuelto
SESS-594002,Facturación y Cobros,problema_pago,@theDev48,2026-03-02 05:48:19,1,True,0,3,2026-03,Resuelto
SESS-594028,Acceso y Seguridad,error_login,@soyKitty30,2026-03-05 21:41:25,1,True,0,3,2026-03,Resuelto
SESS-594132,Acceso y Seguridad,error_login,@theMarely84,2026-02-22 18:06:26,1,True,0,3,2026-02,Resuelto
SESS-594348,Gestion de Cuenta,cambio_plan,@theKitty83,2025-11-28 03:01:13,1,True,0,3,2025-11,Resuelto
SESS-594535,Facturación y Cobros,problema_pago,@theDev81,2026-03-24 21:44:18,2,False,1,3,2026-03,Churn
SESS-594604,Soporte Técnico y Despacho,logistica_envio,@theMarely97,2026-01-25 22:52:58,1,True,0,3,2026-01,Resuelto
SESS-594914,Facturación y Cobros,problema_pago,@soyDev75,2026-01-12 13:26:11,1,True,0,3,2026-01,Resuelto
SESS-595155,Gestion de Cuenta,cambio_plan,@theMarely75,2025-11-15 17:36:46,1,True,0,3,2025-11,Resuelto
SESS-595285,Soporte Técnico y Despacho,logistica_envio,@theDev86,2025-12-16 09:35:00,2,False,1,3,2025-12,Churn
SESS-595313,Acceso y Seguridad,error_login,@soyKitty33,2026-01-24 21:24:58,1,True,0,3,2026-01,Resuelto
SESS-595379,Facturación y Cobros,problema_pago,@soyKitty93,2025-11-15 01:57:59,1,True,0,3,2025-11,Resuelto
SESS-595498,Facturación y Cobros,problema_pago,@theMarely60,2025-12-06 10:26:34,1,True,0,3,2025-12,Resuelto
SESS-595581,Acceso y Seguridad,error_login,@soyDev86,2026-04-30 04:27:15,1,True,0,3,2026-04,Resuelto
SESS-595864,Soporte Técnico y Despacho,logistica_envio,@theKitty94,2026-01-03 04:27:21,1,True,0,3,2026-01,Resuelto
SESS-596039,Acceso y Seguridad,error_login,@soyDev70,2026-05-02 01:56:17,1,True,0,3,2026-05,Resuelto
SESS-596073,Gestion de Cuenta,cambio_plan,@soyMarely46,2026-03-10 10:45:20,1,True,0,3,2026-03,Resuelto
SESS-596127,Facturación y Cobros,problema_pago,@soyMarely95,2026-01-01 07:50:51,1,True,0,3,2026-01,Resuelto
SESS-596243,Facturación y Cobros,problema_pago,@soyMarely56,2026-01-14 01:57:36,1,True,0,3,2026-01,Resuelto
SESS-596484,Gestion de Cuenta,cambio_plan,@theMarely16,2025-12-09 19:48:48,1,True,0,3,2025-12,Resuelto
SESS-596834,Soporte Técnico y Despacho,logistica_envio,@theMarely91,2026-04-23 01:42:50,1,True,0,3,2026-04,Resuelto
SESS-596858,Soporte Técnico y Despacho,logistica_envio,@soyMarely90,2025-12-20 18:12:56,2,False,1,3,2025-12,Churn
SESS-596922,Gestion de Cuenta,cambio_plan,@soyDev39,2025-12-11 00:54:53,1,True,0,3,2025-12,Resuelto
SESS-597106,Facturación y Cobros,problema_pago,@theDev49,2026-02-04 02:13:29,1,True,0,3,2026-02,Resuelto
SESS-597206,Soporte Técnico y Despacho,logistica_envio,@soyKitty76,2026-01-16 19:31:24,2,False,1,3,2026-01,Churn
SESS-597396,Facturación y Cobros,problema_pago,@theDev13,2025-12-13 11:33:02,1,True,0,3,2025-12,Resuelto
SESS-597415,Gestion de Cuenta,cambio_plan,@theKitty47,2026-02-05 05:00:54,2,False,1,3,2026-02,Churn
SESS-597458,Soporte Técnico y Despacho,logistica_envio,@theKitty95,2026-04-02 07:38:52,1,True,0,3,2026-04,Resuelto
SESS-598030,Soporte Técnico y Despacho,logistica_envio,@soyDev57,2025-12-06 04:10:24,2,False,1,3,2025-12,Churn
SESS-598040,Soporte Técnico y Despacho,logistica_envio,@soyKitty23,2026-04-25 10:33:27,1,True,0,3,2026-04,Resuelto
SESS-598211,Soporte Técnico y Despacho,logistica_envio,@theKitty18,2026-04-13 08:16:29,1,True,0,3,2026-04,Resuelto
SESS-598234,Facturación y Cobros,problema_pago,@theDev19,2026-03-08 09:24:08,2,False,1,3,2026-03,Churn
SESS-598324,Acceso y Seguridad,error_login,@theMarely99,2025-11-09 23:32:55,1,True,0,3,2025-11,Resuelto
SESS-598399,Facturación y Cobros,problema_pago,@theDev41,2026-04-20 14:05:26,1,True,0,3,2026-04,Resuelto
SESS-598431,Gestion de Cuenta,cambio_plan,@theKitty15,2025-12-26 22:28:48,2,False,1,3,2025-12,Churn
SESS-598498,Acceso y Seguridad,error_login,@soyMarely56,2026-04-08 01:02:45,2,False,1,3,2026-04,Churn
SESS-598658,Soporte Técnico y Despacho,logistica_envio,@theMarely29,2025-12-23 08:21:08,1,True,0,3,2025-12,Resuelto
SESS-598728,Gestion de Cuenta,cambio_plan,@soyKitty74,2026-03-22 03:04:20,1,True,0,3,2026-03,Resuelto
SESS-598844,Acceso y Seguridad,error_login,@theMarely68,2026-05-06 10:45:49,2,False,1,3,2026-05,Churn
SESS-598932,Facturación y Cobros,problema_pago,@soyKitty30,2026-01-15 10:34:20,1,True,0,3,2026-01,Resuelto
SESS-598956,Soporte Técnico y Despacho,logistica_envio,@soyDev99,2025-12-26 14:18:41,1,True,0,3,2025-12,Resuelto
SESS-599058,Soporte Técnico y Despacho,logistica_envio,@soyDev98,2026-04-14 15:26:57,2,False,1,3,2026-04,Churn
SESS-599184,Acceso y Seguridad,error_login,@theMarely64,2025-11-30 21:15:13,1,True,0,3,2025-11,Resuelto
SESS-599194,Soporte Técnico y Despacho,logistica_envio,@soyDev64,2026-01-06 12:08:49,1,True,0,3,2026-01,Resuelto
SESS-599534,Facturación y Cobros,problema_pago,@soyDev50,2026-03-18 19:43:59,2,False,1,3,2026-03,Churn
SESS-599624,Soporte Técnico y Despacho,logistica_envio,@soyKitty13,2025-11-26 02:29:08,1,True,0,3,2025-11,Resuelto
SESS-599680,Soporte Técnico y Despacho,logistica_envio,@soyKitty37,2025-12-15 18:19:59,1,True,0,3,2025-12,Resuelto
SESS-599824,Facturación y Cobros,problema_pago,@theDev80,2026-03-05 03:31:06,2,False,1,3,2026-03,Churn
SESS-599859,Facturación y Cobros,problema_pago,@theMarely34,2026-04-15 07:33:36,1,True,0,3,2026-04,Resuelto
SESS-599925,Facturación y Cobros,problema_pago,@theMarely58,2026-02-14 15:33:05,1,True,0,3,2026-02,Resuelto
SESS-600006,Soporte Técnico y Despacho,logistica_envio,@theDev65,2026-03-27 03:26:20,1,True,0,3,2026-03,Resuelto
SESS-600020,Facturación y Cobros,problema_pago,@theKitty42,2026-02-28 04:42:31,1,True,0,3,2026-02,Resuelto
SESS-600053,Acceso y Seguridad,error_login,@soyKitty36,2025-11-08 22:24:01,2,False,1,3,2025-11,Churn
SESS-600489,Acceso y Seguridad,error_login,@theMarely62,2026-03-04 15:34:16,2,False,1,3,2026-03,Churn
SESS-600900,Facturación y Cobros,problema_pago,@soyMarely51,2026-01-14 16:59:31,1,True,0,3,2026-01,Resuelto
SESS-601033,Soporte Técnico y Despacho,logistica_envio,@theDev39,2026-04-06 21:28:52,1,True,0,3,2026-04,Resuelto
SESS-601215,Acceso y Seguridad,error_login,@theMarely62,2025-11-22 14:18:06,1,True,0,3,2025-11,Resuelto
SESS-601229,Soporte Técnico y Despacho,logistica_envio,@soyMarely19,2026-02-05 17:24:14,1,True,0,3,2026-02,Resuelto
SESS-601254,Acceso y Seguridad,error_login,@theMarely74,2026-04-26 05:49:19,1,True,0,3,2026-04,Resuelto
SESS-601454,Facturación y Cobros,problema_pago,@soyDev38,2025-12-04 04:43:37,2,False,1,3,2025-12,Churn
SESS-601475,Soporte Técnico y Despacho,logistica_envio,@theMarely19,2026-02-10 23:17:55,2,False,1,3,2026-02,Churn
SESS-601712,Gestion de Cuenta,cambio_plan,@soyMarely35,2025-11-26 02:28:44,1,True,0,3,2025-11,Resuelto
SESS-601731,Acceso y Seguridad,error_login,@theDev23,2026-03-28 06:06:26,1,True,0,3,2026-03,Resuelto
SESS-601921,Soporte Técnico y Despacho,logistica_envio,@soyDev52,2026-02-07 19:10:49,1,True,0,3,2026-02,Resuelto
SESS-601926,Acceso y Seguridad,error_login,@theMarely45,2025-11-22 00:46:02,1,True,0,3,2025-11,Resuelto
SESS-602253,Gestion de Cuenta,cambio_plan,@theMarely14,2025-12-13 07:16:24,2,False,1,3,2025-12,Churn
SESS-602697,Facturación y Cobros,problema_pago,@theDev79,2026-03-28 14:19:31,1,True,0,3,2026-03,Resuelto
SESS-602957,Acceso y Seguridad,error_login,@soyKitty50,2026-04-12 15:10:11,1,True,0,3,2026-04,Resuelto
SESS-603233,Acceso y Seguridad,error_login,@soyKitty50,2026-01-26 20:29:44,2,False,1,3,2026-01,Churn
SESS-603289,Soporte Técnico y Despacho,logistica_envio,@theDev51,2026-04-20 11:07:51,2,False,1,3,2026-04,Churn
SESS-603310,Acceso y Seguridad,error_login,@theMarely20,2026-02-06 05:27:19,2,False,1,3,2026-02,Churn
SESS-603504,Facturación y Cobros,problema_pago,@soyDev10,2026-04-05 23:29:26,1,True,0,3,2026-04,Resuelto
SESS-603513,Facturación y Cobros,problema_pago,@theDev32,2026-01-09 05:44:04,1,True,0,3,2026-01,Resuelto
SESS-603525,Soporte Técnico y Despacho,logistica_envio,@theMarely19,2026-01-23 23:31:06,1,True,0,3,2026-01,Resuelto
SESS-603832,Gestion de Cuenta,cambio_plan,@theMarely90,2025-12-10 17:52:47,1,True,0,3,2025-12,Resuelto
SESS-604105,Facturación y Cobros,problema_pago,@soyMarely69,2026-01-31 12:29:49,1,True,0,3,2026-01,Resuelto
SESS-604211,Facturación y Cobros,problema_pago,@soyMarely10,2025-11-12 06:00:47,2,False,1,3,2025-11,Churn
SESS-604234,Soporte Técnico y Despacho,logistica_envio,@theDev50,2026-01-13 08:13:26,1,True,0,3,2026-01,Resuelto
SESS-604236,Acceso y Seguridad,error_login,@soyDev87,2026-04-29 09:13:28,1,True,0,3,2026-04,Resuelto
SESS-604326,Soporte Técnico y Despacho,logistica_envio,@theKitty42,2025-12-09 05:35:21,1,True,0,3,2025-12,Resuelto
SESS-604545,Gestion de Cuenta,cambio_plan,@theKitty55,2026-04-20 21:07:53,1,True,0,3,2026-04,Resuelto
SESS-604606,Acceso y Seguridad,error_login,@soyKitty75,2026-03-22 12:43:48,1,True,0,3,2026-03,Resuelto
SESS-604738,Facturación y Cobros,problema_pago,@theDev93,2025-11-13 02:44:48,1,True,0,3,2025-11,Resuelto
SESS-604778,Acceso y Seguridad,error_login,@theMarely88,2026-02-24 09:02:01,1,True,0,3,2026-02,Resuelto
SESS-604794,Soporte Técnico y Despacho,logistica_envio,@soyDev72,2025-11-26 14:46:46,2,False,1,3,2025-11,Churn
SESS-604795,Facturación y Cobros,problema_pago,@soyKitty20,2025-11-29 03:45:45,1,True,0,3,2025-11,Resuelto
SESS-604847,Soporte Técnico y Despacho,logistica_envio,@soyDev64,2025-11-08 12:08:00,2,False,1,3,2025-11,Churn
SESS-604941,Facturación y Cobros,problema_pago,@soyDev32,2025-11-23 05:19:45,1,True,0,3,2025-11,Resuelto
SESS-605025,Facturación y Cobros,problema_pago,@theKitty21,2025-12-02 09:33:59,1,True,0,3,2025-12,Resuelto
SESS-605102,Acceso y Seguridad,error_login,@theMarely87,2025-11-09 02:49:23,2,False,1,3,2025-11,Churn
SESS-605285,Facturación y Cobros,problema_pago,@theKitty28,2026-01-18 03:08:18,2,False,1,3,2026-01,Churn
SESS-605538,Facturación y Cobros,problema_pago,@soyKitty68,2026-02-28 07:59:59,1,True,0,3,2026-02,Resuelto
SESS-605606,Acceso y Seguridad,error_login,@soyKitty27,2026-03-24 22:15:50,1,True,0,3,2026-03,Resuelto
SESS-605649,Soporte Técnico y Despacho,logistica_envio,@soyDev45,2026-03-11 17:04:19,2,False,1,3,2026-03,Churn
SESS-605787,Gestion de Cuenta,cambio_plan,@soyKitty79,2025-12-13 19:56:53,1,True,0,3,2025-12,Resuelto
SESS-605888,Gestion de Cuenta,cambio_plan,@soyKitty60,2025-11-20 10:13:29,2,False,1,3,2025-11,Churn
SESS-606246,Gestion de Cuenta,cambio_plan,@theDev35,2026-04-06 02:04:00,1,True,0,3,2026-04,Resuelto
SESS-606378,Gestion de Cuenta,cambio_plan,@theDev10,2026-02-28 10:36:16,1,True,0,3,2026-02,Resuelto
SESS-606552,Facturación y Cobros,problema_pago,@soyDev16,2026-01-15 00:13:34,2,False,1,3,2026-01,Churn
SESS-607111,Acceso y Seguridad,error_login,@soyDev53,2026-02-05 20:18:58,1,True,0,3,2026-02,Resuelto
SESS-607128,Soporte Técnico y Despacho,logistica_envio,@soyDev89,2025-11-22 23:47:16,1,True,0,3,2025-11,Resuelto
SESS-607152,Gestion de Cuenta,cambio_plan,@soyKitty53,2025-12-14 21:22:57,2,False,1,3,2025-12,Churn
SESS-607579,Facturación y Cobros,problema_pago,@soyKitty31,2026-01-13 19:37:46,1,True,0,3,2026-01,Resuelto
SESS-607584,Gestion de Cuenta,cambio_plan,@theKitty25,2026-04-14 00:02:15,1,True,0,3,2026-04,Resuelto
SESS-608236,Acceso y Seguridad,error_login,@soyDev62,2026-01-18 06:20:13,2,False,1,3,2026-01,Churn
SESS-608242,Acceso y Seguridad,error_login,@soyDev56,2026-01-15 02:39:39,1,True,0,3,2026-01,Resuelto
SESS-608290,Soporte Técnico y Despacho,logistica_envio,@soyMarely57,2026-01-26 18:36:38,2,False,1,3,2026-01,Churn
SESS-608450,Acceso y Seguridad,error_login,@soyDev44,2025-12-05 05:03:22,1,True,0,3,2025-12,Resuelto
SESS-608493,Acceso y Seguridad,error_login,@soyDev98,2026-01-29 05:54:57,1,True,0,3,2026-01,Resuelto
SESS-608528,Gestion de Cuenta,cambio_plan,@theKitty61,2025-11-26 06:56:25,2,False,1,3,2025-11,Churn
SESS-608784,Soporte Técnico y Despacho,logistica_envio,@theMarely12,2025-12-26 05:18:48,1,True,0,3,2025-12,Resuelto
SESS-608981,Acceso y Seguridad,error_login,@theDev32,2025-11-16 20:07:11,2,False,1,3,2025-11,Churn
SESS-609086,Soporte Técnico y Despacho,logistica_envio,@soyDev30,2026-01-06 23:48:24,2,False,1,3,2026-01,Churn
SESS-609160,Acceso y Seguridad,error_login,@theKitty18,2025-11-24 15:34:19,2,False,1,3,2025-11,Churn
SESS-609198,Acceso y Seguridad,error_login,@theMarely89,2026-02-12 11:47:47,1,True,0,3,2026-02,Resuelto
SESS-609490,Soporte Técnico y Despacho,logistica_envio,@soyDev32,2026-01-07 03:28:05,2,False,1,3,2026-01,Churn
SESS-609980,Facturación y Cobros,problema_pago,@theMarely23,2025-12-02 09:48:31,2,False,1,3,2025-12,Churn
SESS-610049,Facturación y Cobros,problema_pago,@soyMarely21,2026-01-02 08:58:13,1,True,0,3,2026-01,Resuelto
SESS-610125,Gestion de Cuenta,cambio_plan,@soyKitty89,2026-01-13 23:12:37,2,False,1,3,2026-01,Churn
SESS-610459,Gestion de Cuenta,cambio_plan,@soyMarely49,2025-12-25 13:33:11,1,True,0,3,2025-12,Resuelto
SESS-610534,Soporte Técnico y Despacho,logistica_envio,@soyKitty19,2025-12-13 13:52:15,2,False,1,3,2025-12,Churn
SESS-610643,Acceso y Seguridad,error_login,@theMarely80,2026-04-29 14:18:15,1,True,0,3,2026-04,Resuelto
SESS-610644,Soporte Técnico y Despacho,logistica_envio,@theMarely78,2026-03-15 05:17:06,2,False,1,3,2026-03,Churn
SESS-610975,Facturación y Cobros,problema_pago,@theDev69,2026-01-02 23:10:26,1,True,0,3,2026-01,Resuelto
SESS-610981,Acceso y Seguridad,error_login,@soyMarely72,2026-02-18 23:47:52,2,False,1,3,2026-02,Churn
SESS-611076,Gestion de Cuenta,cambio_plan,@soyMarely93,2026-02-10 04:41:18,1,True,0,3,2026-02,Resuelto
SESS-611165,Acceso y Seguridad,error_login,@soyMarely70,2026-01-28 07:37:29,2,False,1,3,2026-01,Churn
SESS-611494,Soporte Técnico y Despacho,logistica_envio,@soyDev35,2026-04-25 19:38:07,1,True,0,3,2026-04,Resuelto
SESS-611664,Soporte Técnico y Despacho,logistica_envio,@soyKitty33,2025-12-23 03:17:03,2,False,1,3,2025-12,Churn
SESS-611930,Acceso y Seguridad,error_login,@theDev39,2026-03-19 08:50:12,1,True,0,3,2026-03,Resuelto
SESS-611946,Facturación y Cobros,problema_pago,@soyMarely70,2025-11-30 08:38:00,2,False,1,3,2025-11,Churn
SESS-612009,Soporte Técnico y Despacho,logistica_envio,@soyDev16,2026-04-15 07:56:31,1,True,0,3,2026-04,Resuelto
SESS-612112,Gestion de Cuenta,cambio_plan,@theDev78,2026-04-02 07:51:57,2,False,1,3,2026-04,Churn
SESS-612186,Soporte Técnico y Despacho,logistica_envio,@soyDev85,2026-01-31 02:03:32,1,True,0,3,2026-01,Resuelto
SESS-612288,Facturación y Cobros,problema_pago,@soyMarely93,2026-03-10 04:53:37,2,False,1,3,2026-03,Churn
SESS-612388,Gestion de Cuenta,cambio_plan,@soyDev95,2025-11-08 08:44:55,1,True,0,3,2025-11,Resuelto
SESS-612422,Soporte Técnico y Despacho,logistica_envio,@theMarely64,2026-04-27 10:39:31,1,True,0,3,2026-04,Resuelto
SESS-612430,Soporte Técnico y Despacho,logistica_envio,@theKitty28,2026-04-05 04:14:27,1,True,0,3,2026-04,Resuelto
SESS-612598,Facturación y Cobros,problema_pago,@soyDev48,2026-04-07 05:04:14,1,True,0,3,2026-04,Resuelto
SESS-612689,Facturación y Cobros,problema_pago,@soyKitty42,2025-12-28 07:37:30,1,True,0,3,2025-12,Resuelto
SESS-612822,Gestion de Cuenta,cambio_plan,@soyKitty64,2026-04-03 03:47:47,2,False,1,3,2026-04,Churn
SESS-612849,Gestion de Cuenta,cambio_plan,@theDev76,2025-11-13 08:38:32,2,False,1,3,2025-11,Churn
SESS-612953,Gestion de Cuenta,cambio_plan,@soyMarely78,2025-11-23 14:32:36,1,True,0,3,2025-11,Resuelto
SESS-612982,Acceso y Seguridad,error_login,@theKitty83,2026-01-26 14:46:41,1,True,0,6,2026-01,Resuelto
SESS-613153,Acceso y Seguridad,error_login,@soyDev33,2026-01-29 21:57:10,1,True,0,3,2026-01,Resuelto
SESS-613251,Gestion de Cuenta,cambio_plan,@theDev97,2026-04-11 04:22:09,2,False,1,3,2026-04,Churn
SESS-613264,Gestion de Cuenta,cambio_plan,@soyKitty29,2025-11-14 16:28:46,2,False,1,3,2025-11,Churn
SESS-613316,Acceso y Seguridad,error_login,@theKitty92,2026-03-18 04:12:50,1,True,0,3,2026-03,Resuelto
SESS-613325,Acceso y Seguridad,error_login,@soyKitty55,2026-04-01 11:45:17,1,True,0,6,2026-04,Resuelto
SESS-613389,Gestion de Cuenta,cambio_plan,@theKitty46,2025-12-31 05:58:24,1,True,0,3,2025-12,Resuelto
SESS-613390,Gestion de Cuenta,cambio_plan,@soyKitty95,2026-01-26 04:43:54,2,False,1,3,2026-01,Churn
SESS-613700,Gestion de Cuenta,cambio_plan,@soyKitty78,2025-12-04 23:14:44,2,False,1,3,2025-12,Churn
SESS-613944,Facturación y Cobros,problema_pago,@soyMarely88,2026-01-03 06:04:09,1,True,0,3,2026-01,Resuelto
SESS-614179,Gestion de Cuenta,cambio_plan,@soyDev29,2026-02-08 10:56:02,2,False,1,3,2026-02,Churn
SESS-614290,Facturación y Cobros,problema_pago,@soyKitty51,2026-02-08 08:13:55,1,True,0,3,2026-02,Resuelto
SESS-614326,Soporte Técnico y Despacho,logistica_envio,@theDev19,2026-01-01 09:54:25,2,False,1,3,2026-01,Churn
SESS-614618,Gestion de Cuenta,cambio_plan,@theMarely35,2026-02-21 03:39:41,2,True,1,6,2026-02,Churn
SESS-614631,Soporte Técnico y Despacho,logistica_envio,@theMarely67,2026-01-31 08:18:07,1,True,0,3,2026-01,Resuelto
SESS-614963,Soporte Técnico y Despacho,logistica_envio,@theDev17,2026-02-24 02:46:22,1,True,0,3,2026-02,Resuelto
SESS-615024,Facturación y Cobros,problema_pago,@soyMarely21,2026-04-16 18:52:42,1,True,0,3,2026-04,Resuelto
SESS-615045,Acceso y Seguridad,error_login,@soyMarely74,2025-12-24 20:43:13,1,True,0,3,2025-12,Resuelto
SESS-615293,Acceso y Seguridad,error_login,@soyMarely81,2026-02-11 02:38:44,1,True,0,3,2026-02,Resuelto
SESS-615618,Facturación y Cobros,problema_pago,@theMarely32,2026-01-29 18:22:58,2,False,1,3,2026-01,Churn
SESS-615707,Facturación y Cobros,problema_pago,@soyDev40,2026-01-28 18:12:34,1,True,0,3,2026-01,Resuelto
SESS-615957,Acceso y Seguridad,error_login,@theKitty75,2025-12-13 23:28:10,1,True,0,3,2025-12,Resuelto
SESS-616189,Gestion de Cuenta,cambio_plan,@soyKitty81,2026-03-02 05:45:37,1,True,0,3,2026-03,Resuelto
SESS-616648,Acceso y Seguridad,error_login,@theMarely45,2026-01-09 03:10:57,1,True,0,3,2026-01,Resuelto
SESS-616671,Soporte Técnico y Despacho,logistica_envio,@soyDev11,2025-12-30 07:01:49,2,False,1,3,2025-12,Churn
SESS-616689,Acceso y Seguridad,error_login,@soyKitty71,2026-03-25 03:15:10,2,False,1,3,2026-03,Churn
SESS-616822,Soporte Técnico y Despacho,logistica_envio,@soyDev26,2026-03-18 09:50:57,1,True,0,3,2026-03,Resuelto
SESS-616878,Facturación y Cobros,problema_pago,@soyKitty16,2026-04-15 19:47:51,1,True,0,3,2026-04,Resuelto
SESS-617254,Soporte Técnico y Despacho,logistica_envio,@soyDev38,2026-02-02 18:39:27,1,True,0,3,2026-02,Resuelto
SESS-617267,Gestion de Cuenta,cambio_plan,@soyDev57,2026-03-20 14:23:05,2,False,1,3,2026-03,Churn
SESS-617456,Gestion de Cuenta,cambio_plan,@soyKitty27,2025-11-17 06:23:54,1,True,0,3,2025-11,Resuelto
SESS-618163,Gestion de Cuenta,cambio_plan,@soyMarely72,2026-03-27 15:25:11,1,True,0,3,2026-03,Resuelto
SESS-618172,Acceso y Seguridad,error_login,@soyKitty29,2026-01-25 02:44:45,2,False,1,3,2026-01,Churn
SESS-618355,Acceso y Seguridad,error_login,@theDev20,2026-02-26 10:21:30,2,False,1,3,2026-02,Churn
SESS-618376,Gestion de Cuenta,cambio_plan,@theMarely11,2026-04-20 03:51:00,1,True,0,3,2026-04,Resuelto
SESS-618428,Acceso y Seguridad,error_login,@soyKitty94,2026-03-30 05:15:32,2,False,1,3,2026-03,Churn
SESS-618724,Soporte Técnico y Despacho,logistica_envio,@soyMarely91,2025-11-17 01:00:54,1,True,0,3,2025-11,Resuelto
SESS-618731,Facturación y Cobros,problema_pago,@theMarely75,2025-11-26 07:26:14,1,True,0,3,2025-11,Resuelto
SESS-618785,Acceso y Seguridad,error_login,@soyMarely72,2025-11-23 23:05:20,2,False,1,3,2025-11,Churn
SESS-618888,Soporte Técnico y Despacho,logistica_envio,@soyKitty35,2025-12-23 23:01:39,2,False,1,3,2025-12,Churn
SESS-618967,Facturación y Cobros,problema_pago,@soyMarely41,2026-03-23 23:56:34,1,True,0,3,2026-03,Resuelto
SESS-619014,Acceso y Seguridad,error_login,@soyKitty17,2026-04-26 06:03:58,1,True,0,3,2026-04,Resuelto
SESS-619018,Gestion de Cuenta,cambio_plan,@soyDev84,2026-01-30 14:29:50,1,True,0,3,2026-01,Resuelto
SESS-619219,Soporte Técnico y Despacho,logistica_envio,@soyDev61,2025-11-30 00:13:26,1,True,0,3,2025-11,Resuelto
SESS-619227,Gestion de Cuenta,cambio_plan,@theKitty96,2026-01-10 02:58:33,1,True,0,3,2026-01,Resuelto
SESS-619337,Acceso y Seguridad,error_login,@soyMarely10,2026-03-17 06:59:52,1,True,0,3,2026-03,Resuelto
SESS-619379,Acceso y Seguridad,error_login,@theMarely76,2026-04-28 03:32:05,1,True,0,3,2026-04,Resuelto
SESS-619440,Soporte Técnico y Despacho,logistica_envio,@theKitty30,2026-04-12 14:37:15,1,True,0,3,2026-04,Resuelto
SESS-619816,Soporte Técnico y Despacho,logistica_envio,@soyDev73,2026-02-02 00:52:01,1,True,0,3,2026-02,Resuelto
SESS-619853,Soporte Técnico y Despacho,logistica_envio,@theKitty32,2026-04-28 20:14:08,1,True,0,3,2026-04,Resuelto
SESS-619859,Soporte Técnico y Despacho,logistica_envio,@soyMarely54,2025-11-22 18:09:49,1,True,0,3,2025-11,Resuelto
SESS-620014,Soporte Técnico y Despacho,logistica_envio,@soyMarely82,2026-03-03 07:42:55,1,True,0,3,2026-03,Resuelto
SESS-620018,Facturación y Cobros,problema_pago,@theKitty98,2026-02-27 13:23:41,1,True,0,3,2026-02,Resuelto
SESS-620107,Soporte Técnico y Despacho,logistica_envio,@theKitty99,2026-01-26 08:04:16,2,False,1,3,2026-01,Churn
SESS-620131,Facturación y Cobros,problema_pago,@theMarely76,2025-12-22 00:51:28,1,True,0,3,2025-12,Resuelto
SESS-620224,Gestion de Cuenta,cambio_plan,@soyMarely82,2025-12-16 21:57:16,2,False,1,3,2025-12,Churn
SESS-620304,Acceso y Seguridad,error_login,@soyMarely80,2025-12-28 14:15:02,1,True,0,3,2025-12,Resuelto
SESS-620366,Facturación y Cobros,problema_pago,@theKitty78,2026-01-29 08:41:57,2,False,1,3,2026-01,Churn
SESS-620387,Gestion de Cuenta,cambio_plan,@soyDev33,2026-03-28 09:28:50,2,False,1,3,2026-03,Churn
SESS-620422,Gestion de Cuenta,cambio_plan,@soyDev16,2025-11-21 15:31:45,2,False,1,3,2025-11,Churn
SESS-620436,Gestion de Cuenta,cambio_plan,@theKitty72,2026-01-25 05:59:45,1,True,0,3,2026-01,Resuelto
SESS-620525,Soporte Técnico y Despacho,logistica_envio,@soyKitty81,2025-11-27 23:15:11,1,True,0,3,2025-11,Resuelto
SESS-620549,Gestion de Cuenta,cambio_plan,@soyMarely83,2025-12-01 14:29:23,1,True,0,3,2025-12,Resuelto
SESS-620579,Facturación y Cobros,problema_pago,@soyKitty99,2025-12-11 02:44:21,1,True,0,3,2025-12,Resuelto
SESS-620691,Soporte Técnico y Despacho,logistica_envio,@soyKitty54,2026-04-06 13:29:08,1,True,0,3,2026-04,Resuelto
SESS-620874,Facturación y Cobros,problema_pago,@theMarely11,2026-05-01 13:10:53,2,False,1,3,2026-05,Churn
SESS-620941,Acceso y Seguridad,error_login,@soyDev31,2025-12-07 20:00:25,1,True,0,3,2025-12,Resuelto
SESS-621257,Facturación y Cobros,problema_pago,@soyMarely53,2026-03-14 09:32:42,2,False,1,3,2026-03,Churn
SESS-621368,Gestion de Cuenta,cambio_plan,@theKitty60,2026-04-02 18:04:30,1,True,0,3,2026-04,Resuelto
SESS-621454,Soporte Técnico y Despacho,logistica_envio,@soyKitty38,2026-01-24 01:42:48,2,False,1,3,2026-01,Churn
SESS-621549,Facturación y Cobros,problema_pago,@theDev15,2026-03-14 16:58:46,1,True,0,3,2026-03,Resuelto
SESS-621687,Facturación y Cobros,problema_pago,@soyKitty59,2026-05-06 23:10:23,1,True,0,3,2026-05,Resuelto
SESS-621953,Gestion de Cuenta,cambio_plan,@soyDev50,2025-11-09 12:30:49,1,True,0,3,2025-11,Resuelto
SESS-622298,Acceso y Seguridad,error_login,@theDev93,2026-04-21 13:45:07,1,True,0,3,2026-04,Resuelto
SESS-622411,Facturación y Cobros,problema_pago,@soyKitty82,2026-03-16 03:54:43,1,True,0,3,2026-03,Resuelto
SESS-622483,Gestion de Cuenta,cambio_plan,@soyKitty99,2026-04-14 10:05:44,2,False,1,3,2026-04,Churn
SESS-622641,Facturación y Cobros,problema_pago,@soyMarely96,2026-05-04 02:39:38,1,True,0,3,2026-05,Resuelto
SESS-622689,Gestion de Cuenta,cambio_plan,@theMarely76,2026-02-28 17:45:05,2,False,1,3,2026-02,Churn
SESS-622781,Gestion de Cuenta,cambio_plan,@theMarely86,2025-12-11 16:11:59,1,True,0,3,2025-12,Resuelto
SESS-622809,Facturación y Cobros,problema_pago,@soyKitty72,2025-11-23 14:43:12,2,False,1,3,2025-11,Churn
SESS-622897,Gestion de Cuenta,cambio_plan,@soyMarely47,2026-03-27 10:21:24,2,True,1,6,2026-03,Churn
SESS-622941,Facturación y Cobros,problema_pago,@soyDev27,2026-02-27 14:41:19,2,False,1,3,2026-02,Churn
SESS-623080,Gestion de Cuenta,cambio_plan,@theKitty63,2026-03-28 10:08:32,2,False,1,3,2026-03,Churn
SESS-623190,Soporte Técnico y Despacho,logistica_envio,@soyDev67,2026-01-14 23:49:49,1,True,0,3,2026-01,Resuelto
SESS-623244,Acceso y Seguridad,error_login,@soyKitty57,2025-12-27 13:07:21,2,False,1,3,2025-12,Churn
SESS-623293,Acceso y Seguridad,error_login,@theMarely58,2026-04-01 05:49:24,2,False,1,3,2026-04,Churn
SESS-623730,Gestion de Cuenta,cambio_plan,@soyMarely31,2026-01-15 01:33:13,1,True,0,3,2026-01,Resuelto
SESS-623815,Facturación y Cobros,problema_pago,@soyKitty77,2025-11-10 18:19:56,2,False,1,3,2025-11,Churn
SESS-624016,Gestion de Cuenta,cambio_plan,@theMarely67,2026-03-09 15:59:27,1,True,0,3,2026-03,Resuelto
SESS-624018,Gestion de Cuenta,cambio_plan,@theKitty13,2026-04-22 15:05:56,1,True,0,3,2026-04,Resuelto
SESS-624026,Soporte Técnico y Despacho,logistica_envio,@soyKitty66,2026-02-09 02:55:45,1,True,0,3,2026-02,Resuelto
SESS-624429,Gestion de Cuenta,cambio_plan,@theDev48,2025-12-05 23:25:52,1,True,0,3,2025-12,Resuelto
SESS-624451,Soporte Técnico y Despacho,logistica_envio,@theKitty56,2026-01-31 11:47:38,1,True,0,3,2026-01,Resuelto
SESS-624464,Soporte Técnico y Despacho,logistica_envio,@soyDev38,2026-02-22 18:15:06,2,False,1,3,2026-02,Churn
SESS-624484,Gestion de Cuenta,cambio_plan,@soyMarely49,2026-03-31 15:16:37,1,True,0,3,2026-03,Resuelto
SESS-624505,Soporte Técnico y Despacho,logistica_envio,@soyKitty79,2026-04-18 23:07:22,1,True,0,3,2026-04,Resuelto
SESS-624521,Acceso y Seguridad,error_login,@theKitty87,2026-02-08 17:24:03,1,True,0,3,2026-02,Resuelto
SESS-624564,Acceso y Seguridad,error_login,@theKitty97,2025-12-29 01:14:09,1,True,0,3,2025-12,Resuelto
SESS-625268,Soporte Técnico y Despacho,logistica_envio,@theKitty60,2026-01-06 13:43:21,1,True,0,3,2026-01,Resuelto
SESS-625360,Facturación y Cobros,problema_pago,@theKitty35,2026-01-22 16:28:14,2,False,1,3,2026-01,Churn
SESS-626237,Acceso y Seguridad,error_login,@soyMarely50,2026-02-06 13:26:18,2,False,1,3,2026-02,Churn
SESS-626265,Facturación y Cobros,problema_pago,@soyDev50,2026-02-02 01:53:45,1,True,0,3,2026-02,Resuelto
SESS-626309,Soporte Técnico y Despacho,logistica_envio,@soyMarely57,2025-11-19 07:25:26,1,True,0,3,2025-11,Resuelto
SESS-626439,Acceso y Seguridad,error_login,@soyKitty40,2025-11-16 17:45:35,1,True,0,3,2025-11,Resuelto
SESS-626443,Soporte Técnico y Despacho,logistica_envio,@soyKitty25,2026-01-14 03:21:47,2,False,1,3,2026-01,Churn
SESS-626666,Acceso y Seguridad,error_login,@soyMarely78,2025-12-03 13:02:39,2,False,1,3,2025-12,Churn
SESS-626670,Acceso y Seguridad,error_login,@soyKitty51,2025-11-19 03:05:54,1,True,0,3,2025-11,Resuelto
SESS-626701,Acceso y Seguridad,error_login,@soyKitty95,2026-01-05 05:30:13,1,True,0,3,2026-01,Resuelto
SESS-626964,Gestion de Cuenta,cambio_plan,@soyMarely90,2026-01-15 03:32:28,1,True,0,3,2026-01,Resuelto
SESS-627082,Soporte Técnico y Despacho,logistica_envio,@soyDev32,2026-03-09 20:29:16,1,True,0,3,2026-03,Resuelto
SESS-627321,Facturación y Cobros,problema_pago,@soyDev97,2026-02-04 12:48:27,1,True,0,3,2026-02,Resuelto
SESS-627341,Soporte Técnico y Despacho,logistica_envio,@soyMarely41,2026-02-08 00:54:31,1,True,0,3,2026-02,Resuelto
SESS-627377,Acceso y Seguridad,error_login,@theMarely80,2026-03-26 18:23:45,1,True,0,3,2026-03,Resuelto
SESS-627427,Soporte Técnico y Despacho,logistica_envio,@soyDev32,2026-04-24 13:51:29,1,True,0,3,2026-04,Resuelto
SESS-627647,Gestion de Cuenta,cambio_plan,@soyMarely10,2026-01-27 07:42:18,2,False,1,3,2026-01,Churn
SESS-627688,Facturación y Cobros,problema_pago,@theKitty42,2026-01-15 00:45:54,1,True,0,3,2026-01,Resuelto
SESS-627845,Gestion de Cuenta,cambio_plan,@soyMarely89,2026-01-04 17:33:05,2,False,1,3,2026-01,Churn
SESS-627908,Gestion de Cuenta,cambio_plan,@theKitty34,2025-11-08 03:41:17,1,True,0,3,2025-11,Resuelto
SESS-627996,Facturación y Cobros,problema_pago,@soyDev60,2026-02-01 03:18:56,2,False,1,3,2026-02,Churn
SESS-628137,Acceso y Seguridad,error_login,@theKitty48,2025-12-22 01:05:18,1,True,0,3,2025-12,Resuelto
SESS-628616,Gestion de Cuenta,cambio_plan,@theDev69,2025-11-18 20:09:33,1,True,0,3,2025-11,Resuelto
SESS-628748,Acceso y Seguridad,error_login,@theDev81,2025-11-22 02:43:29,1,True,0,3,2025-11,Resuelto
SESS-629054,Facturación y Cobros,problema_pago,@theKitty94,2026-03-17 16:06:12,1,True,0,3,2026-03,Resuelto
SESS-629116,Facturación y Cobros,problema_pago,@soyMarely53,2026-01-01 09:41:23,1,True,0,3,2026-01,Resuelto
SESS-629216,Facturación y Cobros,problema_pago,@theMarely10,2025-11-27 03:19:28,1,True,0,3,2025-11,Resuelto
SESS-629337,Soporte Técnico y Despacho,logistica_envio,@soyKitty34,2026-04-14 14:06:14,1,True,0,3,2026-04,Resuelto
SESS-629459,Soporte Técnico y Despacho,logistica_envio,@soyKitty57,2025-12-19 15:14:37,1,True,0,3,2025-12,Resuelto
SESS-629520,Gestion de Cuenta,cambio_plan,@soyDev75,2026-04-19 07:55:13,2,False,1,3,2026-04,Churn
SESS-629753,Soporte Técnico y Despacho,logistica_envio,@theDev33,2026-03-08 16:53:53,2,False,1,3,2026-03,Churn
SESS-629768,Facturación y Cobros,problema_pago,@theMarely92,2025-12-25 18:07:22,1,True,0,3,2025-12,Resuelto
SESS-629808,Acceso y Seguridad,error_login,@theMarely31,2026-03-21 01:32:17,1,True,0,3,2026-03,Resuelto
SESS-629940,Gestion de Cuenta,cambio_plan,@soyDev70,2026-04-28 07:34:56,2,False,1,3,2026-04,Churn
SESS-629979,Soporte Técnico y Despacho,logistica_envio,@theMarely37,2026-01-08 12:08:58,1,True,0,3,2026-01,Resuelto
SESS-629994,Soporte Técnico y Despacho,logistica_envio,@theDev91,2026-03-04 12:43:42,1,True,0,3,2026-03,Resuelto
SESS-630077,Gestion de Cuenta,cambio_plan,@theDev42,2026-03-31 16:48:49,1,True,0,3,2026-03,Resuelto
SESS-630160,Facturación y Cobros,problema_pago,@theDev84,2026-01-29 12:14:55,1,True,0,3,2026-01,Resuelto
SESS-630545,Facturación y Cobros,problema_pago,@soyDev43,2025-11-13 03:37:29,2,False,1,3,2025-11,Churn
SESS-630553,Gestion de Cuenta,cambio_plan,@theKitty38,2026-02-10 09:03:44,1,True,0,3,2026-02,Resuelto
SESS-630563,Facturación y Cobros,problema_pago,@soyMarely78,2026-02-24 07:56:02,1,True,0,3,2026-02,Resuelto
SESS-630805,Soporte Técnico y Despacho,logistica_envio,@theKitty44,2026-03-18 11:39:33,1,True,0,3,2026-03,Resuelto
SESS-630937,Gestion de Cuenta,cambio_plan,@theDev99,2026-01-10 02:34:01,2,False,1,3,2026-01,Churn
SESS-631055,Gestion de Cuenta,cambio_plan,@theKitty61,2026-03-12 11:49:04,1,True,0,3,2026-03,Resuelto
SESS-631126,Soporte Técnico y Despacho,logistica_envio,@theKitty83,2026-01-25 13:36:27,1,True,0,3,2026-01,Resuelto
SESS-631187,Facturación y Cobros,problema_pago,@soyDev72,2025-12-14 18:09:56,2,False,1,3,2025-12,Churn
SESS-631250,Acceso y Seguridad,error_login,@theMarely92,2025-12-03 06:15:44,1,True,0,3,2025-12,Resuelto
SESS-631282,Facturación y Cobros,problema_pago,@soyDev45,2026-03-07 12:09:45,2,False,1,3,2026-03,Churn
SESS-631315,Acceso y Seguridad,error_login,@theKitty47,2026-02-25 22:34:56,1,True,0,3,2026-02,Resuelto
SESS-631450,Facturación y Cobros,problema_pago,@theKitty89,2025-12-19 21:58:44,1,True,0,3,2025-12,Resuelto
SESS-631533,Facturación y Cobros,problema_pago,@theMarely52,2025-12-16 09:36:56,1,True,0,3,2025-12,Resuelto
SESS-631747,Facturación y Cobros,problema_pago,@soyDev98,2025-12-18 00:53:26,1,True,0,3,2025-12,Resuelto
SESS-631966,Acceso y Seguridad,error_login,@theDev17,2026-03-23 07:55:00,2,False,1,3,2026-03,Churn
SESS-632276,Acceso y Seguridad,error_login,@theDev56,2026-04-19 00:10:45,2,False,1,3,2026-04,Churn
SESS-632422,Gestion de Cuenta,cambio_plan,@soyKitty28,2025-11-30 21:07:04,2,False,1,3,2025-11,Churn
SESS-632446,Facturación y Cobros,problema_pago,@theMarely94,2026-03-11 06:45:26,2,False,1,3,2026-03,Churn
SESS-632661,Gestion de Cuenta,cambio_plan,@soyDev54,2025-11-11 03:23:34,2,False,1,3,2025-11,Churn
SESS-632671,Gestion de Cuenta,cambio_plan,@theMarely55,2025-12-27 15:08:36,2,False,1,3,2025-12,Churn
SESS-632768,Facturación y Cobros,problema_pago,@soyMarely70,2026-04-07 10:32:45,2,False,1,3,2026-04,Churn
SESS-632892,Soporte Técnico y Despacho,logistica_envio,@theKitty59,2026-05-06 12:52:41,2,False,1,3,2026-05,Churn
SESS-633124,Soporte Técnico y Despacho,logistica_envio,@theMarely55,2026-04-29 03:54:03,1,True,0,3,2026-04,Resuelto
SESS-633245,Facturación y Cobros,problema_pago,@theDev59,2026-01-26 13:30:30,1,True,0,3,2026-01,Resuelto
SESS-633297,Facturación y Cobros,problema_pago,@theKitty46,2026-02-14 12:46:14,1,True,0,3,2026-02,Resuelto
SESS-633507,Facturación y Cobros,problema_pago,@soyKitty67,2025-12-12 17:42:21,2,False,1,3,2025-12,Churn
SESS-633542,Gestion de Cuenta,cambio_plan,@soyKitty37,2025-11-08 22:48:36,1,True,0,3,2025-11,Resuelto
SESS-633558,Soporte Técnico y Despacho,logistica_envio,@soyDev31,2026-02-13 04:52:40,1,True,0,3,2026-02,Resuelto
SESS-633649,Gestion de Cuenta,cambio_plan,@soyKitty30,2026-01-20 00:34:29,1,True,0,3,2026-01,Resuelto
SESS-633880,Gestion de Cuenta,cambio_plan,@soyMarely28,2026-03-01 08:53:07,2,False,1,3,2026-03,Churn
SESS-633979,Gestion de Cuenta,cambio_plan,@theMarely86,2026-02-22 00:38:20,2,False,1,3,2026-02,Churn
SESS-634224,Gestion de Cuenta,cambio_plan,@theKitty49,2025-12-18 10:39:43,2,False,1,3,2025-12,Churn
SESS-634411,Soporte Técnico y Despacho,logistica_envio,@theMarely76,2026-01-09 12:07:30,1,True,0,3,2026-01,Resuelto
SESS-634442,Facturación y Cobros,problema_pago,@soyMarely36,2026-01-29 04:43:56,1,True,0,3,2026-01,Resuelto
SESS-634715,Acceso y Seguridad,error_login,@theMarely71,2026-02-07 14:06:47,2,False,1,3,2026-02,Churn
SESS-634736,Gestion de Cuenta,cambio_plan,@theMarely97,2026-02-22 07:52:22,2,False,1,3,2026-02,Churn
SESS-634743,Gestion de Cuenta,cambio_plan,@soyKitty93,2025-12-10 12:06:12,1,True,0,3,2025-12,Resuelto
SESS-634792,Acceso y Seguridad,error_login,@theKitty60,2026-04-23 09:40:22,2,False,1,3,2026-04,Churn
SESS-634957,Acceso y Seguridad,error_login,@theMarely68,2026-04-30 07:18:25,2,False,1,3,2026-04,Churn
SESS-635324,Facturación y Cobros,problema_pago,@theDev91,2026-01-03 04:11:34,2,False,1,3,2026-01,Churn
SESS-635814,Acceso y Seguridad,error_login,@soyDev68,2026-02-13 03:55:42,1,True,0,3,2026-02,Resuelto
SESS-635858,Soporte Técnico y Despacho,logistica_envio,@soyMarely36,2025-12-08 15:56:08,1,True,0,3,2025-12,Resuelto
SESS-636036,Gestion de Cuenta,cambio_plan,@soyKitty10,2026-04-24 18:35:58,1,True,0,3,2026-04,Resuelto
SESS-636135,Acceso y Seguridad,error_login,@theDev39,2025-11-28 19:35:17,1,True,0,3,2025-11,Resuelto
SESS-636190,Acceso y Seguridad,error_login,@theDev37,2026-03-24 03:15:40,1,True,0,3,2026-03,Resuelto
SESS-636409,Soporte Técnico y Despacho,logistica_envio,@theMarely28,2026-01-21 01:33:44,1,True,0,3,2026-01,Resuelto
SESS-636417,Acceso y Seguridad,error_login,@theMarely64,2026-02-04 00:38:27,1,True,0,3,2026-02,Resuelto
SESS-636525,Soporte Técnico y Despacho,logistica_envio,@soyMarely47,2026-03-04 08:38:31,1,True,0,3,2026-03,Resuelto
SESS-637426,Soporte Técnico y Despacho,logistica_envio,@soyKitty80,2026-04-15 21:38:17,1,True,0,3,2026-04,Resuelto
SESS-637574,Facturación y Cobros,problema_pago,@theMarely60,2026-01-09 04:45:01,2,False,1,3,2026-01,Churn
SESS-637599,Facturación y Cobros,problema_pago,@theKitty74,2025-12-27 11:52:45,2,False,1,3,2025-12,Churn
SESS-638129,Facturación y Cobros,problema_pago,@soyKitty78,2025-12-07 10:59:26,1,True,0,3,2025-12,Resuelto
SESS-638302,Gestion de Cuenta,cambio_plan,@theDev61,2025-12-29 12:54:33,1,True,0,3,2025-12,Resuelto
SESS-638417,Gestion de Cuenta,cambio_plan,@soyKitty80,2025-11-08 17:53:19,1,True,0,3,2025-11,Resuelto
SESS-638418,Gestion de Cuenta,cambio_plan,@theKitty87,2026-02-25 10:29:58,2,False,1,3,2026-02,Churn
SESS-638465,Facturación y Cobros,problema_pago,@soyKitty69,2025-12-23 06:43:56,2,False,1,3,2025-12,Churn
SESS-638563,Facturación y Cobros,problema_pago,@soyMarely25,2026-04-20 14:26:06,1,True,0,3,2026-04,Resuelto
SESS-638764,Gestion de Cuenta,cambio_plan,@soyMarely65,2026-02-23 04:47:28,2,False,1,3,2026-02,Churn
SESS-638851,Facturación y Cobros,problema_pago,@theKitty28,2026-02-20 09:41:21,1,True,0,3,2026-02,Resuelto
SESS-639576,Soporte Técnico y Despacho,logistica_envio,@theKitty75,2026-03-24 22:20:20,1,True,0,3,2026-03,Resuelto
SESS-639666,Acceso y Seguridad,error_login,@soyKitty66,2026-03-27 01:09:43,1,True,0,3,2026-03,Resuelto
SESS-639697,Acceso y Seguridad,error_login,@soyMarely70,2025-11-18 16:55:09,1,True,0,3,2025-11,Resuelto
SESS-639712,Gestion de Cuenta,cambio_plan,@soyKitty74,2026-01-09 07:32:06,1,True,0,3,2026-01,Resuelto
SESS-640076,Gestion de Cuenta,cambio_plan,@soyDev24,2026-03-09 08:50:54,1,True,0,3,2026-03,Resuelto
SESS-640427,Soporte Técnico y Despacho,logistica_envio,@theKitty85,2025-11-27 20:15:35,2,False,1,3,2025-11,Churn
SESS-640522,Facturación y Cobros,problema_pago,@soyDev14,2025-12-17 05:59:25,2,False,1,3,2025-12,Churn
SESS-640647,Soporte Técnico y Despacho,logistica_envio,@theDev44,2026-02-23 11:59:52,1,True,0,3,2026-02,Resuelto
SESS-640771,Soporte Técnico y Despacho,logistica_envio,@theKitty87,2026-01-17 15:58:01,1,True,0,3,2026-01,Resuelto
SESS-640849,Acceso y Seguridad,error_login,@soyMarely49,2026-03-26 13:16:35,2,False,1,3,2026-03,Churn
SESS-640870,Acceso y Seguridad,error_login,@soyMarely56,2026-03-06 07:00:46,2,False,1,3,2026-03,Churn
SESS-641035,Soporte Técnico y Despacho,logistica_envio,@theDev18,2026-03-18 17:05:59,1,True,0,3,2026-03,Resuelto
SESS-641178,Acceso y Seguridad,error_login,@theKitty62,2026-01-08 20:35:15,2,False,1,3,2026-01,Churn
SESS-641513,Soporte Técnico y Despacho,logistica_envio,@theKitty39,2026-02-22 12:35:00,1,True,0,3,2026-02,Resuelto
SESS-641607,Soporte Técnico y Despacho,logistica_envio,@soyKitty52,2026-03-13 02:07:53,2,False,1,3,2026-03,Churn
SESS-641729,Facturación y Cobros,problema_pago,@soyMarely92,2026-02-24 05:31:13,2,False,1,3,2026-02,Churn
SESS-641740,Soporte Técnico y Despacho,logistica_envio,@soyDev11,2026-03-20 06:53:34,2,False,1,3,2026-03,Churn
SESS-642036,Facturación y Cobros,problema_pago,@theDev18,2025-11-24 17:35:48,2,False,1,3,2025-11,Churn
SESS-642213,Soporte Técnico y Despacho,logistica_envio,@theKitty57,2026-04-25 01:51:45,1,True,0,3,2026-04,Resuelto
SESS-642555,Gestion de Cuenta,cambio_plan,@theKitty49,2026-01-10 16:32:56,1,True,0,3,2026-01,Resuelto
SESS-642800,Soporte Técnico y Despacho,logistica_envio,@theDev69,2025-12-05 12:24:12,1,True,0,3,2025-12,Resuelto
SESS-642912,Soporte Técnico y Despacho,logistica_envio,@theMarely11,2026-04-11 01:33:27,1,True,0,3,2026-04,Resuelto
SESS-642943,Soporte Técnico y Despacho,logistica_envio,@theKitty83,2026-04-30 09:21:34,1,True,0,3,2026-04,Resuelto
SESS-643125,Gestion de Cuenta,cambio_plan,@soyKitty21,2026-01-05 21:29:07,1,True,0,3,2026-01,Resuelto
SESS-643160,Facturación y Cobros,problema_pago,@soyDev34,2026-02-02 14:06:12,2,False,1,3,2026-02,Churn
SESS-643189,Acceso y Seguridad,error_login,@soyDev64,2026-05-02 10:05:40,2,False,1,3,2026-05,Churn
SESS-643232,Soporte Técnico y Despacho,logistica_envio,@soyMarely83,2026-03-23 10:32:42,2,False,1,3,2026-03,Churn
SESS-643482,Gestion de Cuenta,cambio_plan,@theDev72,2025-12-11 08:28:35,1,True,0,3,2025-12,Resuelto
SESS-643583,Facturación y Cobros,problema_pago,@theMarely16,2026-04-08 01:35:41,1,True,0,3,2026-04,Resuelto
SESS-643879,Soporte Técnico y Despacho,logistica_envio,@soyKitty36,2025-12-06 09:40:18,1,True,0,3,2025-12,Resuelto
SESS-643947,Acceso y Seguridad,error_login,@theDev98,2025-12-12 19:08:27,2,False,1,3,2025-12,Churn
SESS-643994,Acceso y Seguridad,error_login,@theKitty28,2026-02-18 12:46:48,1,True,0,3,2026-02,Resuelto
SESS-644330,Acceso y Seguridad,error_login,@soyMarely18,2026-01-15 03:44:25,2,False,1,3,2026-01,Churn
SESS-644636,Gestion de Cuenta,cambio_plan,@soyDev85,2026-02-22 17:55:34,2,False,1,3,2026-02,Churn
SESS-644899,Acceso y Seguridad,error_login,@theDev87,2026-02-26 03:48:56,1,True,0,3,2026-02,Resuelto
SESS-644925,Gestion de Cuenta,cambio_plan,@soyKitty23,2026-02-27 02:28:49,1,True,0,3,2026-02,Resuelto
SESS-645032,Acceso y Seguridad,error_login,@soyMarely40,2026-02-18 15:48:06,1,True,0,3,2026-02,Resuelto
SESS-645080,Facturación y Cobros,problema_pago,@soyMarely71,2025-12-19 00:34:54,1,True,0,3,2025-12,Resuelto
SESS-645221,Soporte Técnico y Despacho,logistica_envio,@soyMarely64,2026-01-09 09:06:40,1,True,0,3,2026-01,Resuelto
SESS-645233,Acceso y Seguridad,error_login,@theKitty75,2026-01-26 13:16:44,1,True,0,3,2026-01,Resuelto
SESS-645567,Acceso y Seguridad,error_login,@theKitty98,2025-11-20 01:49:03,1,True,0,3,2025-11,Resuelto
SESS-645817,Facturación y Cobros,problema_pago,@soyMarely77,2025-12-09 10:29:34,1,True,0,3,2025-12,Resuelto
SESS-646221,Gestion de Cuenta,cambio_plan,@soyDev16,2026-01-03 11:01:55,1,True,0,3,2026-01,Resuelto
SESS-646256,Acceso y Seguridad,error_login,@theMarely33,2026-03-14 20:57:17,2,False,1,3,2026-03,Churn
SESS-646432,Gestion de Cuenta,cambio_plan,@theKitty68,2026-04-22 12:09:07,1,True,0,3,2026-04,Resuelto
SESS-646483,Gestion de Cuenta,cambio_plan,@theKitty16,2026-04-14 21:55:39,2,False,1,3,2026-04,Churn
SESS-646491,Gestion de Cuenta,cambio_plan,@soyMarely86,2026-04-29 22:39:37,1,True,0,3,2026-04,Resuelto
SESS-646506,Acceso y Seguridad,error_login,@theDev98,2025-11-27 22:18:18,1,True,0,3,2025-11,Resuelto
SESS-646626,Facturación y Cobros,problema_pago,@soyMarely74,2026-01-21 20:20:26,1,True,0,3,2026-01,Resuelto
SESS-646737,Facturación y Cobros,problema_pago,@theMarely98,2026-01-03 15:34:50,2,False,1,3,2026-01,Churn
SESS-646816,Soporte Técnico y Despacho,logistica_envio,@soyKitty46,2026-04-05 10:26:29,1,True,0,3,2026-04,Resuelto
SESS-646844,Gestion de Cuenta,cambio_plan,@soyKitty45,2025-11-18 22:50:24,1,True,0,3,2025-11,Resuelto
SESS-647008,Gestion de Cuenta,cambio_plan,@soyKitty73,2026-03-13 07:56:57,1,True,0,3,2026-03,Resuelto
SESS-647050,Acceso y Seguridad,error_login,@soyDev70,2026-03-19 14:06:04,1,True,0,3,2026-03,Resuelto
SESS-647118,Facturación y Cobros,problema_pago,@soyKitty25,2025-12-11 07:36:32,1,True,0,3,2025-12,Resuelto
SESS-647199,Acceso y Seguridad,error_login,@theDev54,2026-02-27 15:47:59,1,True,0,3,2026-02,Resuelto
SESS-647211,Facturación y Cobros,problema_pago,@soyMarely78,2025-12-31 11:10:50,1,True,0,3,2025-12,Resuelto
SESS-647287,Acceso y Seguridad,error_login,@soyDev36,2026-01-25 02:51:37,1,True,0,3,2026-01,Resuelto
SESS-647377,Acceso y Seguridad,error_login,@soyMarely32,2026-01-23 18:48:49,1,True,0,3,2026-01,Resuelto
SESS-647460,Soporte Técnico y Despacho,logistica_envio,@soyMarely82,2026-05-02 11:16:30,2,False,1,3,2026-05,Churn
SESS-647609,Soporte Técnico y Despacho,logistica_envio,@theDev28,2026-03-13 19:13:56,2,False,1,3,2026-03,Churn
SESS-647660,Acceso y Seguridad,error_login,@soyKitty39,2026-01-29 09:07:37,1,True,0,3,2026-01,Resuelto
SESS-647707,Soporte Técnico y Despacho,logistica_envio,@theDev70,2026-04-30 06:52:25,2,False,1,3,2026-04,Churn
SESS-647944,Acceso y Seguridad,error_login,@theMarely88,2026-01-31 11:58:57,1,True,0,3,2026-01,Resuelto
SESS-648093,Soporte Técnico y Despacho,logistica_envio,@theKitty49,2026-01-06 10:59:19,2,False,1,3,2026-01,Churn
SESS-648292,Facturación y Cobros,problema_pago,@theKitty37,2026-05-06 03:38:34,2,False,1,3,2026-05,Churn
SESS-648337,Facturación y Cobros,problema_pago,@soyMarely66,2026-04-02 07:39:28,2,False,1,3,2026-04,Churn
SESS-648609,Facturación y Cobros,problema_pago,@theDev63,2026-01-09 00:55:44,1,True,0,3,2026-01,Resuelto
SESS-648825,Acceso y Seguridad,error_login,@theDev70,2025-12-25 15:16:34,2,False,1,3,2025-12,Churn
SESS-648890,Gestion de Cuenta,cambio_plan,@soyDev78,2026-03-05 16:32:21,1,True,0,3,2026-03,Resuelto
SESS-649082,Facturación y Cobros,problema_pago,@soyMarely71,2026-01-28 06:40:56,1,True,0,3,2026-01,Resuelto
SESS-649261,Facturación y Cobros,problema_pago,@theKitty32,2026-02-23 22:14:38,1,True,0,3,2026-02,Resuelto
SESS-649390,Acceso y Seguridad,error_login,@theKitty62,2026-01-18 12:18:04,1,True,0,3,2026-01,Resuelto
SESS-649517,Gestion de Cuenta,cambio_plan,@theMarely85,2026-04-08 23:06:38,1,True,0,3,2026-04,Resuelto
SESS-649944,Gestion de Cuenta,cambio_plan,@theMarely92,2025-12-21 05:07:57,2,False,1,3,2025-12,Churn
SESS-650303,Acceso y Seguridad,error_login,@theMarely29,2026-02-20 02:39:59,1,True,0,3,2026-02,Resuelto
SESS-650433,Facturación y Cobros,problema_pago,@theKitty62,2025-12-05 03:53:30,2,False,1,3,2025-12,Churn
SESS-650584,Soporte Técnico y Despacho,logistica_envio,@soyDev32,2025-12-24 01:23:05,1,True,0,3,2025-12,Resuelto
SESS-650681,Acceso y Seguridad,error_login,@soyKitty60,2025-12-29 10:41:45,2,False,1,3,2025-12,Churn
SESS-650804,Soporte Técnico y Despacho,logistica_envio,@soyKitty95,2026-03-27 23:36:55,1,True,0,3,2026-03,Resuelto
SESS-650964,Acceso y Seguridad,error_login,@theKitty11,2025-12-19 15:12:55,1,True,0,3,2025-12,Resuelto
SESS-651322,Soporte Técnico y Despacho,logistica_envio,@soyMarely56,2026-04-30 18:57:21,1,True,0,3,2026-04,Resuelto
SESS-651847,Acceso y Seguridad,error_login,@soyMarely15,2026-01-10 21:33:31,1,True,0,3,2026-01,Resuelto
SESS-652125,Gestion de Cuenta,cambio_plan,@soyKitty87,2025-12-27 12:23:31,2,False,1,3,2025-12,Churn
SESS-652204,Gestion de Cuenta,cambio_plan,@soyDev41,2026-04-01 21:19:16,1,True,0,3,2026-04,Resuelto
SESS-652459,Facturación y Cobros,problema_pago,@theMarely28,2025-12-25 23:25:02,1,True,0,3,2025-12,Resuelto
SESS-652478,Gestion de Cuenta,cambio_plan,@soyDev73,2026-03-05 11:11:04,1,True,0,3,2026-03,Resuelto
SESS-652584,Acceso y Seguridad,error_login,@soyKitty25,2026-03-02 21:02:17,1,True,0,3,2026-03,Resuelto
SESS-652615,Gestion de Cuenta,cambio_plan,@soyDev53,2026-03-23 06:11:39,1,True,0,3,2026-03,Resuelto
SESS-652888,Acceso y Seguridad,error_login,@theKitty99,2025-12-31 22:02:58,1,True,0,3,2025-12,Resuelto
SESS-653490,Acceso y Seguridad,error_login,@soyMarely55,2026-03-09 21:03:31,1,True,0,3,2026-03,Resuelto
SESS-653531,Gestion de Cuenta,cambio_plan,@soyKitty93,2026-01-11 09:25:03,2,False,1,3,2026-01,Churn
SESS-653716,Gestion de Cuenta,cambio_plan,@soyMarely90,2026-02-09 18:48:51,1,True,0,3,2026-02,Resuelto
SESS-654150,Soporte Técnico y Despacho,logistica_envio,@theMarely54,2025-12-22 13:55:14,2,False,1,3,2025-12,Churn
SESS-654217,Acceso y Seguridad,error_login,@soyDev65,2026-04-01 05:16:50,2,False,1,3,2026-04,Churn
SESS-654237,Acceso y Seguridad,error_login,@theDev70,2026-01-28 00:09:50,1,True,0,3,2026-01,Resuelto
SESS-654320,Acceso y Seguridad,error_login,@soyDev22,2025-11-18 02:28:50,2,False,1,3,2025-11,Churn
SESS-654449,Acceso y Seguridad,error_login,@theDev21,2026-02-28 09:09:29,1,True,0,3,2026-02,Resuelto
SESS-654500,Soporte Técnico y Despacho,logistica_envio,@theDev12,2026-03-27 22:31:23,2,False,1,3,2026-03,Churn
SESS-654779,Facturación y Cobros,problema_pago,@theDev37,2025-11-17 08:49:56,1,True,0,3,2025-11,Resuelto
SESS-654971,Facturación y Cobros,problema_pago,@theKitty66,2026-04-22 01:04:05,2,False,1,3,2026-04,Churn
SESS-655034,Gestion de Cuenta,cambio_plan,@soyDev62,2026-04-10 22:10:12,1,True,0,3,2026-04,Resuelto
SESS-655200,Facturación y Cobros,problema_pago,@theKitty54,2026-04-28 19:52:01,1,True,0,3,2026-04,Resuelto
SESS-655271,Acceso y Seguridad,error_login,@theKitty73,2026-03-28 09:10:17,1,True,0,3,2026-03,Resuelto
SESS-655332,Acceso y Seguridad,error_login,@soyMarely38,2025-11-26 14:08:49,1,True,0,3,2025-11,Resuelto
SESS-655526,Gestion de Cuenta,cambio_plan,@soyDev20,2026-04-02 17:53:41,2,False,1,3,2026-04,Churn
SESS-655641,Soporte Técnico y Despacho,logistica_envio,@soyKitty14,2026-03-22 06:21:23,1,True,0,3,2026-03,Resuelto
SESS-655876,Soporte Técnico y Despacho,logistica_envio,@theDev50,2025-12-29 10:04:08,1,True,0,3,2025-12,Resuelto
SESS-656049,Acceso y Seguridad,error_login,@soyMarely96,2026-02-17 10:01:05,2,False,1,3,2026-02,Churn
SESS-656213,Facturación y Cobros,problema_pago,@soyMarely39,2026-01-10 09:45:17,1,True,0,3,2026-01,Resuelto
SESS-656253,Gestion de Cuenta,cambio_plan,@theKitty70,2025-11-10 06:07:41,1,True,0,3,2025-11,Resuelto
SESS-656386,Soporte Técnico y Despacho,logistica_envio,@theDev48,2026-03-29 07:05:36,1,True,0,3,2026-03,Resuelto
SESS-656528,Soporte Técnico y Despacho,logistica_envio,@soyKitty32,2026-03-23 05:11:26,1,True,0,3,2026-03,Resuelto
SESS-656570,Soporte Técnico y Despacho,logistica_envio,@soyKitty24,2026-02-28 18:46:07,1,True,0,3,2026-02,Resuelto
SESS-656719,Soporte Técnico y Despacho,logistica_envio,@soyMarely89,2026-04-16 20:54:39,1,True,0,3,2026-04,Resuelto
SESS-656885,Gestion de Cuenta,cambio_plan,@theDev14,2026-05-03 11:47:09,1,True,0,3,2026-05,Resuelto
SESS-657080,Gestion de Cuenta,cambio_plan,@theKitty10,2026-03-12 04:09:43,1,True,0,3,2026-03,Resuelto
SESS-657109,Gestion de Cuenta,cambio_plan,@soyDev21,2026-02-03 12:15:12,1,True,0,3,2026-02,Resuelto
SESS-657149,Gestion de Cuenta,cambio_plan,@soyKitty48,2026-02-06 09:43:23,1,True,0,3,2026-02,Resuelto
SESS-657208,Facturación y Cobros,problema_pago,@soyMarely97,2026-01-15 15:07:14,2,False,1,3,2026-01,Churn
SESS-657413,Acceso y Seguridad,error_login,@theDev89,2025-12-29 21:39:14,1,True,0,3,2025-12,Resuelto
SESS-657729,Facturación y Cobros,problema_pago,@soyKitty28,2025-11-12 15:09:08,1,True,0,3,2025-11,Resuelto
SESS-658447,Gestion de Cuenta,cambio_plan,@soyDev51,2025-12-02 01:31:00,1,True,0,3,2025-12,Resuelto
SESS-658472,Gestion de Cuenta,cambio_plan,@theDev80,2026-02-16 05:25:46,1,True,0,3,2026-02,Resuelto
SESS-658728,Acceso y Seguridad,error_login,@theKitty96,2025-12-30 02:46:44,1,True,0,3,2025-12,Resuelto
SESS-658729,Gestion de Cuenta,cambio_plan,@theKitty67,2026-04-23 05:11:07,1,True,0,3,2026-04,Resuelto
SESS-658788,Acceso y Seguridad,error_login,@soyDev51,2025-12-20 10:47:27,1,True,0,3,2025-12,Resuelto
SESS-658798,Soporte Técnico y Despacho,logistica_envio,@soyKitty72,2026-04-13 19:09:27,1,True,0,3,2026-04,Resuelto
SESS-658821,Gestion de Cuenta,cambio_plan,@soyDev87,2025-12-11 01:12:08,2,False,1,3,2025-12,Churn
SESS-659004,Acceso y Seguridad,error_login,@soyDev85,2025-11-17 10:54:07,2,False,1,3,2025-11,Churn
SESS-659203,Gestion de Cuenta,cambio_plan,@theMarely80,2026-02-12 05:00:01,1,True,0,3,2026-02,Resuelto
SESS-659304,Acceso y Seguridad,error_login,@soyKitty40,2025-12-31 18:54:05,1,True,0,3,2025-12,Resuelto
SESS-659509,Soporte Técnico y Despacho,logistica_envio,@theDev79,2025-11-17 00:25:49,2,False,1,3,2025-11,Churn
SESS-659563,Acceso y Seguridad,error_login,@theMarely24,2026-02-24 12:53:38,2,False,1,3,2026-02,Churn
SESS-659679,Facturación y Cobros,problema_pago,@theMarely44,2026-04-14 14:07:10,1,True,0,3,2026-04,Resuelto
SESS-659693,Soporte Técnico y Despacho,logistica_envio,@theMarely50,2026-01-14 14:21:40,1,True,0,3,2026-01,Resuelto
SESS-659837,Soporte Técnico y Despacho,logistica_envio,@theKitty96,2026-02-26 12:37:53,2,False,1,3,2026-02,Churn
SESS-659867,Gestion de Cuenta,cambio_plan,@soyDev46,2026-04-27 07:58:27,1,True,0,3,2026-04,Resuelto
SESS-660024,Facturación y Cobros,problema_pago,@theKitty76,2026-02-23 05:45:22,1,True,0,3,2026-02,Resuelto
SESS-660222,Gestion de Cuenta,cambio_plan,@soyDev78,2026-01-23 09:07:09,1,True,0,3,2026-01,Resuelto
SESS-660278,Soporte Técnico y Despacho,logistica_envio,@theKitty38,2026-04-03 12:24:34,1,True,0,3,2026-04,Resuelto
SESS-660310,Soporte Técnico y Despacho,logistica_envio,@soyDev31,2026-01-02 06:08:23,1,True,0,3,2026-01,Resuelto
SESS-660486,Acceso y Seguridad,error_login,@soyMarely71,2025-12-11 21:40:14,1,True,0,3,2025-12,Resuelto
SESS-660664,Gestion de Cuenta,cambio_plan,@theMarely62,2025-12-01 21:07:12,1,True,0,3,2025-12,Resuelto
SESS-660748,Gestion de Cuenta,cambio_plan,@soyKitty27,2026-02-14 17:50:05,1,True,0,3,2026-02,Resuelto
SESS-660828,Facturación y Cobros,problema_pago,@soyMarely38,2026-01-13 20:06:02,1,True,0,3,2026-01,Resuelto
SESS-661022,Gestion de Cuenta,cambio_plan,@soyKitty29,2026-01-12 02:29:50,2,False,1,3,2026-01,Churn
SESS-661269,Gestion de Cuenta,cambio_plan,@soyKitty12,2026-04-27 15:53:37,2,False,1,3,2026-04,Churn
SESS-661656,Facturación y Cobros,problema_pago,@theKitty82,2025-12-03 13:43:36,1,True,0,3,2025-12,Resuelto
SESS-661675,Soporte Técnico y Despacho,logistica_envio,@soyDev86,2026-04-30 16:05:30,1,True,0,3,2026-04,Resuelto
SESS-661805,Gestion de Cuenta,cambio_plan,@theMarely26,2026-02-16 04:15:17,2,False,1,3,2026-02,Churn
SESS-661824,Soporte Técnico y Despacho,logistica_envio,@soyDev25,2025-12-08 15:12:29,1,True,0,3,2025-12,Resuelto
SESS-661871,Gestion de Cuenta,cambio_plan,@theMarely20,2025-11-23 23:46:15,2,False,1,3,2025-11,Churn
SESS-661891,Acceso y Seguridad,error_login,@theMarely72,2025-12-29 07:32:55,2,False,1,3,2025-12,Churn
SESS-661946,Acceso y Seguridad,error_login,@soyMarely45,2026-04-27 17:54:18,1,True,0,3,2026-04,Resuelto
SESS-662040,Soporte Técnico y Despacho,logistica_envio,@soyKitty40,2026-03-30 07:44:31,1,True,0,3,2026-03,Resuelto
SESS-662166,Soporte Técnico y Despacho,logistica_envio,@theKitty70,2026-05-05 23:53:32,2,False,1,3,2026-05,Churn
SESS-662189,Gestion de Cuenta,cambio_plan,@soyDev84,2026-01-15 06:17:39,1,True,0,3,2026-01,Resuelto
SESS-662278,Gestion de Cuenta,cambio_plan,@theKitty59,2026-04-03 14:02:53,1,True,0,3,2026-04,Resuelto
SESS-662358,Gestion de Cuenta,cambio_plan,@theKitty56,2026-03-25 06:00:02,2,False,1,3,2026-03,Churn
SESS-662373,Facturación y Cobros,problema_pago,@soyKitty63,2025-12-26 09:45:21,2,False,1,3,2025-12,Churn
SESS-662774,Acceso y Seguridad,error_login,@soyMarely82,2025-12-07 00:00:13,2,False,1,3,2025-12,Churn
SESS-662807,Soporte Técnico y Despacho,logistica_envio,@soyMarely18,2026-01-14 19:58:16,1,True,0,3,2026-01,Resuelto
SESS-662908,Gestion de Cuenta,cambio_plan,@soyMarely88,2025-11-21 13:18:40,1,True,0,3,2025-11,Resuelto
SESS-662943,Facturación y Cobros,problema_pago,@theMarely80,2025-12-08 12:21:32,1,True,0,3,2025-12,Resuelto
SESS-662959,Gestion de Cuenta,cambio_plan,@soyMarely50,2026-03-07 19:05:21,1,True,0,3,2026-03,Resuelto
SESS-662981,Soporte Técnico y Despacho,logistica_envio,@theKitty93,2026-04-29 07:13:09,1,True,0,3,2026-04,Resuelto
SESS-663410,Gestion de Cuenta,cambio_plan,@theKitty49,2026-04-11 08:01:02,2,False,1,3,2026-04,Churn
SESS-663451,Facturación y Cobros,problema_pago,@soyDev74,2025-12-07 01:46:15,1,True,0,3,2025-12,Resuelto
SESS-663579,Soporte Técnico y Despacho,logistica_envio,@theMarely85,2026-02-02 08:37:41,1,True,0,3,2026-02,Resuelto
SESS-663828,Soporte Técnico y Despacho,logistica_envio,@theKitty71,2026-01-10 19:34:59,2,False,1,3,2026-01,Churn
SESS-663850,Facturación y Cobros,problema_pago,@theDev90,2026-04-28 06:40:47,1,True,0,3,2026-04,Resuelto
SESS-664014,Gestion de Cuenta,cambio_plan,@theMarely47,2026-01-04 18:37:01,1,True,0,3,2026-01,Resuelto
SESS-664027,Gestion de Cuenta,cambio_plan,@theMarely42,2025-12-25 08:11:49,1,True,0,3,2025-12,Resuelto
SESS-664051,Soporte Técnico y Despacho,logistica_envio,@theKitty13,2025-12-24 22:48:46,1,True,0,3,2025-12,Resuelto
SESS-664115,Gestion de Cuenta,cambio_plan,@theDev71,2026-02-22 19:19:24,1,True,0,3,2026-02,Resuelto
SESS-664227,Soporte Técnico y Despacho,logistica_envio,@theKitty16,2026-01-27 00:01:40,1,True,0,3,2026-01,Resuelto
SESS-664466,Acceso y Seguridad,error_login,@theDev18,2025-11-12 20:14:50,1,True,0,3,2025-11,Resuelto
SESS-664746,Facturación y Cobros,problema_pago,@theKitty39,2026-02-20 00:04:00,1,True,0,3,2026-02,Resuelto
SESS-664883,Soporte Técnico y Despacho,logistica_envio,@soyMarely62,2026-02-14 12:48:54,1,True,0,3,2026-02,Resuelto
SESS-664895,Acceso y Seguridad,error_login,@theDev68,2025-12-23 04:41:26,1,True,0,3,2025-12,Resuelto
SESS-664955,Soporte Técnico y Despacho,logistica_envio,@theMarely90,2025-12-29 11:39:18,2,False,1,3,2025-12,Churn
SESS-665125,Gestion de Cuenta,cambio_plan,@soyMarely21,2026-04-27 07:28:32,2,False,1,3,2026-04,Churn
SESS-665126,Facturación y Cobros,problema_pago,@theDev69,2025-11-18 05:38:34,1,True,0,3,2025-11,Resuelto
SESS-665138,Acceso y Seguridad,error_login,@theMarely74,2025-11-19 13:54:28,1,True,0,3,2025-11,Resuelto
SESS-665242,Acceso y Seguridad,error_login,@soyDev45,2026-03-17 06:07:34,1,True,0,3,2026-03,Resuelto
SESS-665898,Gestion de Cuenta,cambio_plan,@soyMarely93,2026-03-08 18:14:33,1,True,0,3,2026-03,Resuelto
SESS-665939,Soporte Técnico y Despacho,logistica_envio,@theDev15,2026-03-07 06:41:32,2,False,1,3,2026-03,Churn
SESS-666201,Soporte Técnico y Despacho,logistica_envio,@soyDev86,2026-03-23 10:34:25,1,True,0,3,2026-03,Resuelto
SESS-666226,Acceso y Seguridad,error_login,@theMarely71,2025-12-28 05:35:58,1,True,0,3,2025-12,Resuelto
SESS-666389,Acceso y Seguridad,error_login,@theDev12,2026-01-20 07:14:48,1,True,0,3,2026-01,Resuelto
SESS-666453,Gestion de Cuenta,cambio_plan,@soyKitty84,2026-04-06 16:52:44,1,True,0,3,2026-04,Resuelto
SESS-666617,Acceso y Seguridad,error_login,@theKitty10,2025-11-20 22:39:55,2,False,1,3,2025-11,Churn
SESS-667015,Facturación y Cobros,problema_pago,@soyMarely14,2026-02-28 12:36:02,1,True,0,3,2026-02,Resuelto
SESS-667038,Gestion de Cuenta,cambio_plan,@soyDev29,2026-03-27 09:07:46,1,True,0,3,2026-03,Resuelto
SESS-667452,Soporte Técnico y Despacho,logistica_envio,@soyMarely98,2025-12-12 20:32:57,1,True,0,3,2025-12,Resuelto
SESS-667515,Soporte Técnico y Despacho,logistica_envio,@soyMarely67,2026-01-17 06:41:06,2,False,1,3,2026-01,Churn
SESS-667651,Soporte Técnico y Despacho,logistica_envio,@theDev61,2025-12-08 11:16:53,1,True,0,3,2025-12,Resuelto
SESS-667762,Facturación y Cobros,problema_pago,@soyMarely92,2026-03-05 14:29:48,2,False,1,3,2026-03,Churn
SESS-667765,Soporte Técnico y Despacho,logistica_envio,@soyDev38,2026-03-10 05:11:40,2,False,1,3,2026-03,Churn
SESS-667788,Facturación y Cobros,problema_pago,@theKitty30,2026-03-07 12:22:25,1,True,0,3,2026-03,Resuelto
SESS-667895,Soporte Técnico y Despacho,logistica_envio,@soyDev17,2025-12-29 15:11:02,2,False,1,3,2025-12,Churn
SESS-668076,Facturación y Cobros,problema_pago,@soyDev13,2026-03-27 01:54:55,1,True,0,3,2026-03,Resuelto
SESS-668193,Soporte Técnico y Despacho,logistica_envio,@theKitty73,2026-03-31 16:23:53,2,False,1,3,2026-03,Churn
SESS-668227,Gestion de Cuenta,cambio_plan,@soyKitty57,2025-11-28 12:49:31,1,True,0,3,2025-11,Resuelto
SESS-668345,Soporte Técnico y Despacho,logistica_envio,@theMarely30,2025-11-26 21:26:30,2,False,1,3,2025-11,Churn
SESS-668359,Facturación y Cobros,problema_pago,@soyDev33,2025-11-25 13:26:04,1,True,0,3,2025-11,Resuelto
SESS-668374,Facturación y Cobros,problema_pago,@theMarely80,2026-01-30 00:24:53,2,False,1,3,2026-01,Churn
SESS-668394,Gestion de Cuenta,cambio_plan,@soyKitty39,2025-12-15 09:09:24,1,True,0,3,2025-12,Resuelto
SESS-668514,Soporte Técnico y Despacho,logistica_envio,@theMarely21,2026-05-06 12:50:14,1,True,0,3,2026-05,Resuelto
SESS-668562,Soporte Técnico y Despacho,logistica_envio,@theMarely50,2025-11-29 09:18:19,1,True,0,3,2025-11,Resuelto
SESS-669008,Soporte Técnico y Despacho,logistica_envio,@theMarely74,2026-01-05 11:47:27,1,True,0,3,2026-01,Resuelto
SESS-669009,Gestion de Cuenta,cambio_plan,@soyKitty91,2025-12-23 07:55:02,1,True,0,3,2025-12,Resuelto
SESS-669581,Gestion de Cuenta,cambio_plan,@theKitty79,2026-03-11 19:36:22,1,True,0,3,2026-03,Resuelto
SESS-669623,Acceso y Seguridad,error_login,@theDev55,2026-03-19 12:21:09,1,True,0,3,2026-03,Resuelto
SESS-669628,Facturación y Cobros,problema_pago,@soyKitty22,2026-05-01 18:20:33,2,False,1,3,2026-05,Churn
SESS-669674,Acceso y Seguridad,error_login,@soyDev64,2025-11-24 23:03:15,1,True,0,3,2025-11,Resuelto
SESS-669729,Gestion de Cuenta,cambio_plan,@soyMarely71,2025-12-04 05:51:27,1,True,0,3,2025-12,Resuelto
SESS-669777,Acceso y Seguridad,error_login,@theKitty12,2026-04-19 19:10:02,1,True,0,3,2026-04,Resuelto
SESS-669780,Gestion de Cuenta,cambio_plan,@theMarely90,2026-02-01 13:04:12,2,False,1,3,2026-02,Churn
SESS-670149,Facturación y Cobros,problema_pago,@soyMarely46,2026-03-09 22:58:13,1,True,0,3,2026-03,Resuelto
SESS-670294,Acceso y Seguridad,error_login,@soyDev19,2025-11-12 04:34:51,1,True,0,3,2025-11,Resuelto
SESS-670670,Soporte Técnico y Despacho,logistica_envio,@theKitty87,2025-12-30 01:10:28,1,True,0,3,2025-12,Resuelto
SESS-670730,Soporte Técnico y Despacho,logistica_envio,@theKitty92,2025-11-27 19:42:12,1,True,0,3,2025-11,Resuelto
SESS-670740,Facturación y Cobros,problema_pago,@theMarely71,2026-03-25 22:03:18,2,False,1,3,2026-03,Churn
SESS-670807,Gestion de Cuenta,cambio_plan,@soyMarely90,2026-03-27 07:54:13,2,False,1,3,2026-03,Churn
SESS-670872,Gestion de Cuenta,cambio_plan,@soyMarely87,2026-02-27 19:08:06,1,True,0,3,2026-02,Resuelto
SESS-670971,Facturación y Cobros,problema_pago,@theMarely95,2026-04-14 05:36:03,2,False,1,3,2026-04,Churn
SESS-671076,Gestion de Cuenta,cambio_plan,@theKitty80,2026-02-07 04:37:44,2,False,1,3,2026-02,Churn
SESS-671209,Gestion de Cuenta,cambio_plan,@theMarely88,2025-12-21 07:24:39,2,False,1,3,2025-12,Churn
SESS-671264,Soporte Técnico y Despacho,logistica_envio,@soyMarely39,2025-12-07 22:29:41,1,True,0,3,2025-12,Resuelto
SESS-671274,Soporte Técnico y Despacho,logistica_envio,@theDev30,2026-01-25 09:16:04,1,True,0,3,2026-01,Resuelto
SESS-671281,Gestion de Cuenta,cambio_plan,@soyDev66,2026-04-15 20:54:13,1,True,0,3,2026-04,Resuelto
SESS-671363,Facturación y Cobros,problema_pago,@theMarely20,2026-01-21 20:28:12,1,True,0,3,2026-01,Resuelto
SESS-671397,Gestion de Cuenta,cambio_plan,@soyDev44,2025-12-12 16:10:05,1,True,0,3,2025-12,Resuelto
SESS-671561,Facturación y Cobros,problema_pago,@soyKitty48,2025-12-11 08:15:04,1,True,0,3,2025-12,Resuelto
SESS-671614,Facturación y Cobros,problema_pago,@theMarely82,2026-04-23 15:58:54,1,True,0,3,2026-04,Resuelto
SESS-671779,Gestion de Cuenta,cambio_plan,@soyKitty42,2026-04-10 07:18:37,1,True,0,3,2026-04,Resuelto
SESS-671782,Gestion de Cuenta,cambio_plan,@theMarely56,2026-02-02 17:07:29,1,True,0,3,2026-02,Resuelto
SESS-671812,Facturación y Cobros,problema_pago,@soyKitty60,2026-01-16 05:23:00,2,False,1,3,2026-01,Churn
SESS-671837,Facturación y Cobros,problema_pago,@theKitty15,2026-04-17 18:42:20,2,False,1,3,2026-04,Churn
SESS-671860,Facturación y Cobros,problema_pago,@theKitty26,2026-02-09 07:03:27,2,False,1,3,2026-02,Churn
SESS-671894,Gestion de Cuenta,cambio_plan,@soyMarely96,2026-04-24 21:39:13,1,True,0,3,2026-04,Resuelto
SESS-672117,Soporte Técnico y Despacho,logistica_envio,@soyKitty70,2026-04-02 02:06:50,1,True,0,3,2026-04,Resuelto
SESS-672129,Gestion de Cuenta,cambio_plan,@soyKitty64,2025-12-31 16:44:28,1,True,0,3,2025-12,Resuelto
SESS-672315,Soporte Técnico y Despacho,logistica_envio,@theKitty35,2026-04-23 04:15:12,1,True,0,3,2026-04,Resuelto
SESS-672349,Soporte Técnico y Despacho,logistica_envio,@theDev49,2026-03-24 04:38:45,1,True,0,3,2026-03,Resuelto
SESS-672412,Facturación y Cobros,problema_pago,@theDev83,2025-11-21 13:38:18,1,True,0,3,2025-11,Resuelto
SESS-672562,Acceso y Seguridad,error_login,@soyMarely34,2026-04-05 00:35:12,2,False,1,3,2026-04,Churn
SESS-672593,Soporte Técnico y Despacho,logistica_envio,@theDev73,2026-03-10 05:11:54,1,True,0,3,2026-03,Resuelto
SESS-672711,Soporte Técnico y Despacho,logistica_envio,@soyMarely79,2025-11-14 16:51:09,1,True,0,3,2025-11,Resuelto
SESS-672729,Acceso y Seguridad,error_login,@soyDev95,2026-02-17 16:13:32,2,False,1,3,2026-02,Churn
SESS-672801,Gestion de Cuenta,cambio_plan,@soyDev34,2026-02-03 02:08:15,1,True,0,3,2026-02,Resuelto
SESS-673051,Soporte Técnico y Despacho,logistica_envio,@soyKitty64,2026-04-20 22:46:01,1,True,0,3,2026-04,Resuelto
SESS-673088,Facturación y Cobros,problema_pago,@theDev17,2025-12-05 04:50:10,1,True,0,3,2025-12,Resuelto
SESS-673157,Facturación y Cobros,problema_pago,@soyDev91,2026-02-28 13:39:43,2,False,1,3,2026-02,Churn
SESS-673163,Acceso y Seguridad,error_login,@soyDev12,2025-11-08 00:58:48,1,True,0,3,2025-11,Resuelto
SESS-673393,Acceso y Seguridad,error_login,@soyMarely94,2025-12-04 22:01:47,1,True,0,3,2025-12,Resuelto
SESS-673443,Facturación y Cobros,problema_pago,@theMarely90,2026-04-28 21:10:07,1,True,0,3,2026-04,Resuelto
SESS-673654,Gestion de Cuenta,cambio_plan,@theKitty55,2025-12-01 16:47:17,2,False,1,3,2025-12,Churn
SESS-673661,Gestion de Cuenta,cambio_plan,@soyKitty82,2026-01-17 09:17:05,2,False,1,3,2026-01,Churn
SESS-673667,Soporte Técnico y Despacho,logistica_envio,@soyKitty90,2025-11-22 12:04:38,2,False,1,3,2025-11,Churn
SESS-673669,Gestion de Cuenta,cambio_plan,@soyKitty98,2025-12-25 11:20:45,2,False,1,3,2025-12,Churn
SESS-673710,Soporte Técnico y Despacho,logistica_envio,@theKitty17,2025-12-29 09:05:30,2,False,1,3,2025-12,Churn
SESS-673732,Acceso y Seguridad,error_login,@soyDev64,2026-04-15 10:40:02,1,True,0,3,2026-04,Resuelto
SESS-674035,Acceso y Seguridad,error_login,@theDev34,2025-11-25 04:52:33,1,True,0,3,2025-11,Resuelto
SESS-674047,Soporte Técnico y Despacho,logistica_envio,@soyKitty64,2026-04-25 08:34:24,1,True,0,3,2026-04,Resuelto
SESS-674074,Soporte Técnico y Despacho,logistica_envio,@theKitty29,2025-11-26 04:23:26,2,False,1,3,2025-11,Churn
SESS-674097,Gestion de Cuenta,cambio_plan,@soyDev48,2026-01-01 05:18:48,2,False,1,3,2026-01,Churn
SESS-674107,Acceso y Seguridad,error_login,@theKitty26,2026-03-12 06:40:41,1,True,0,3,2026-03,Resuelto
SESS-674154,Facturación y Cobros,problema_pago,@theKitty16,2026-01-07 21:09:48,1,True,0,3,2026-01,Resuelto
SESS-674205,Acceso y Seguridad,error_login,@theMarely25,2026-01-08 11:11:11,1,True,0,3,2026-01,Resuelto
SESS-674206,Facturación y Cobros,problema_pago,@theMarely92,2026-02-19 16:00:41,2,False,1,3,2026-02,Churn
SESS-674337,Gestion de Cuenta,cambio_plan,@theKitty65,2026-03-06 10:37:49,1,True,0,3,2026-03,Resuelto
SESS-674463,Acceso y Seguridad,error_login,@theMarely10,2026-02-28 07:16:38,1,True,0,3,2026-02,Resuelto
SESS-674509,Acceso y Seguridad,error_login,@theMarely26,2026-05-04 17:28:36,1,True,0,3,2026-05,Resuelto
SESS-674533,Soporte Técnico y Despacho,logistica_envio,@theDev67,2026-01-20 21:54:29,1,True,0,3,2026-01,Resuelto
SESS-674865,Acceso y Seguridad,error_login,@soyKitty23,2026-04-06 22:54:28,2,False,1,3,2026-04,Churn
SESS-674923,Soporte Técnico y Despacho,logistica_envio,@theMarely29,2026-04-01 07:55:07,1,True,0,3,2026-04,Resuelto
SESS-674956,Gestion de Cuenta,cambio_plan,@soyMarely34,2026-03-02 02:23:35,1,True,0,3,2026-03,Resuelto
SESS-675075,Gestion de Cuenta,cambio_plan,@soyMarely35,2026-04-02 04:40:21,1,True,0,3,2026-04,Resuelto
SESS-675142,Facturación y Cobros,problema_pago,@soyMarely85,2025-12-18 21:41:29,2,False,1,3,2025-12,Churn
SESS-675156,Soporte Técnico y Despacho,logistica_envio,@soyMarely50,2026-01-20 05:04:27,2,False,1,3,2026-01,Churn
SESS-675367,Acceso y Seguridad,error_login,@soyKitty59,2026-01-11 16:36:17,1,True,0,3,2026-01,Resuelto
SESS-675436,Facturación y Cobros,problema_pago,@theMarely61,2026-02-07 00:53:18,2,False,1,3,2026-02,Churn
SESS-675573,Acceso y Seguridad,error_login,@soyMarely80,2026-03-11 21:32:54,1,True,0,3,2026-03,Resuelto
SESS-675621,Facturación y Cobros,problema_pago,@theMarely83,2026-01-05 02:22:03,1,True,0,3,2026-01,Resuelto
SESS-675629,Facturación y Cobros,problema_pago,@theKitty72,2026-04-28 16:37:56,1,True,0,3,2026-04,Resuelto
SESS-675832,Acceso y Seguridad,error_login,@theMarely90,2026-04-24 05:35:59,1,True,0,3,2026-04,Resuelto
SESS-675851,Gestion de Cuenta,cambio_plan,@theKitty58,2026-01-04 18:51:04,2,False,1,3,2026-01,Churn
SESS-675861,Facturación y Cobros,problema_pago,@theKitty80,2026-02-12 02:55:11,2,False,1,3,2026-02,Churn
SESS-675897,Gestion de Cuenta,cambio_plan,@soyKitty96,2026-04-25 21:51:43,1,True,0,3,2026-04,Resuelto
SESS-676000,Gestion de Cuenta,cambio_plan,@soyKitty83,2026-01-21 10:30:37,1,True,0,3,2026-01,Resuelto
SESS-676213,Facturación y Cobros,problema_pago,@theDev12,2026-02-23 05:14:17,1,True,0,3,2026-02,Resuelto
SESS-676449,Gestion de Cuenta,cambio_plan,@theMarely66,2026-05-02 16:29:57,1,True,0,3,2026-05,Resuelto
SESS-676461,Gestion de Cuenta,cambio_plan,@soyKitty38,2026-04-29 23:47:36,1,True,0,3,2026-04,Resuelto
SESS-676915,Soporte Técnico y Despacho,logistica_envio,@soyKitty41,2026-03-12 06:05:35,1,True,0,3,2026-03,Resuelto
SESS-677074,Facturación y Cobros,problema_pago,@theKitty87,2026-01-15 21:34:49,1,True,0,3,2026-01,Resuelto
SESS-677141,Acceso y Seguridad,error_login,@soyMarely81,2026-04-15 23:23:37,1,True,0,3,2026-04,Resuelto
SESS-677161,Gestion de Cuenta,cambio_plan,@soyMarely19,2026-01-30 00:52:00,2,False,1,3,2026-01,Churn
SESS-677369,Gestion de Cuenta,cambio_plan,@theDev55,2025-11-15 15:45:45,1,True,0,3,2025-11,Resuelto
SESS-677377,Soporte Técnico y Despacho,logistica_envio,@theDev20,2025-12-22 12:39:11,1,True,0,3,2025-12,Resuelto
SESS-677413,Acceso y Seguridad,error_login,@soyDev42,2026-04-18 10:42:12,1,True,0,3,2026-04,Resuelto
SESS-677544,Acceso y Seguridad,error_login,@theDev75,2026-01-09 08:17:53,2,False,1,3,2026-01,Churn
SESS-677611,Gestion de Cuenta,cambio_plan,@theMarely97,2026-04-28 16:15:40,2,False,1,3,2026-04,Churn
SESS-677832,Acceso y Seguridad,error_login,@theKitty23,2025-12-11 01:38:03,1,True,0,3,2025-12,Resuelto
SESS-678325,Gestion de Cuenta,cambio_plan,@theMarely75,2026-02-24 16:16:21,2,False,1,3,2026-02,Churn
SESS-678332,Soporte Técnico y Despacho,logistica_envio,@soyDev18,2026-01-22 05:04:44,1,True,0,3,2026-01,Resuelto
SESS-678656,Gestion de Cuenta,cambio_plan,@soyDev57,2025-12-23 05:20:24,1,True,0,3,2025-12,Resuelto
SESS-678732,Facturación y Cobros,problema_pago,@theKitty97,2026-01-25 22:45:03,1,True,0,3,2026-01,Resuelto
SESS-678871,Gestion de Cuenta,cambio_plan,@theMarely80,2026-05-01 02:58:40,1,True,0,3,2026-05,Resuelto
SESS-678891,Soporte Técnico y Despacho,logistica_envio,@theDev33,2025-11-16 06:50:37,2,False,1,3,2025-11,Churn
SESS-678936,Gestion de Cuenta,cambio_plan,@soyMarely55,2026-04-10 01:29:18,1,True,0,3,2026-04,Resuelto
SESS-679226,Acceso y Seguridad,error_login,@soyDev46,2025-12-11 17:08:18,2,False,1,3,2025-12,Churn
SESS-679387,Gestion de Cuenta,cambio_plan,@theKitty71,2025-11-17 06:04:04,1,True,0,3,2025-11,Resuelto
SESS-679551,Facturación y Cobros,problema_pago,@theKitty65,2026-04-28 07:47:52,1,True,0,3,2026-04,Resuelto
SESS-679859,Gestion de Cuenta,cambio_plan,@soyKitty16,2026-01-04 09:33:47,1,True,0,3,2026-01,Resuelto
SESS-679927,Acceso y Seguridad,error_login,@theDev36,2025-11-13 12:32:23,2,False,1,3,2025-11,Churn
SESS-680085,Soporte Técnico y Despacho,logistica_envio,@soyKitty44,2026-01-16 04:01:25,2,False,1,3,2026-01,Churn
SESS-680225,Soporte Técnico y Despacho,logistica_envio,@soyKitty24,2026-02-19 14:40:22,1,True,0,3,2026-02,Resuelto
SESS-680273,Facturación y Cobros,problema_pago,@soyDev39,2026-01-15 09:50:09,1,True,0,3,2026-01,Resuelto
SESS-680317,Gestion de Cuenta,cambio_plan,@soyMarely49,2025-11-12 15:37:15,1,True,0,3,2025-11,Resuelto
SESS-680345,Gestion de Cuenta,cambio_plan,@soyMarely99,2026-03-29 07:35:28,1,True,0,3,2026-03,Resuelto
SESS-680619,Facturación y Cobros,problema_pago,@theDev22,2025-12-25 06:57:50,1,True,0,3,2025-12,Resuelto
SESS-680774,Gestion de Cuenta,cambio_plan,@soyDev49,2025-11-27 17:55:25,1,True,0,3,2025-11,Resuelto
SESS-680996,Facturación y Cobros,problema_pago,@theDev14,2026-01-31 09:19:43,1,True,0,3,2026-01,Resuelto
SESS-681003,Soporte Técnico y Despacho,logistica_envio,@theDev82,2026-01-09 02:07:09,1,True,0,3,2026-01,Resuelto
SESS-681026,Soporte Técnico y Despacho,logistica_envio,@theMarely60,2025-12-09 16:58:04,2,False,1,3,2025-12,Churn
SESS-681040,Acceso y Seguridad,error_login,@soyMarely64,2026-02-26 00:51:10,1,True,0,3,2026-02,Resuelto
SESS-681395,Soporte Técnico y Despacho,logistica_envio,@theDev44,2025-11-29 16:44:04,2,False,1,3,2025-11,Churn
SESS-681408,Acceso y Seguridad,error_login,@soyMarely70,2026-03-17 02:12:47,1,True,0,3,2026-03,Resuelto
SESS-681592,Gestion de Cuenta,cambio_plan,@theDev46,2026-03-27 09:44:48,1,True,0,3,2026-03,Resuelto
SESS-681794,Gestion de Cuenta,cambio_plan,@theMarely37,2026-03-23 06:32:13,1,True,0,3,2026-03,Resuelto
SESS-681841,Soporte Técnico y Despacho,logistica_envio,@soyMarely54,2025-11-30 02:21:42,1,True,0,3,2025-11,Resuelto
SESS-681986,Acceso y Seguridad,error_login,@soyDev53,2026-01-02 11:16:24,2,False,1,3,2026-01,Churn
SESS-682078,Facturación y Cobros,problema_pago,@soyDev44,2025-12-15 00:13:09,1,True,0,3,2025-12,Resuelto
SESS-682092,Facturación y Cobros,problema_pago,@theMarely86,2026-02-10 05:29:06,2,False,1,3,2026-02,Churn
SESS-682353,Facturación y Cobros,problema_pago,@soyKitty60,2025-11-09 03:40:24,2,False,1,3,2025-11,Churn
SESS-682696,Facturación y Cobros,problema_pago,@soyDev49,2026-01-08 03:16:02,1,True,0,3,2026-01,Resuelto
SESS-683078,Gestion de Cuenta,cambio_plan,@theDev31,2026-02-13 18:22:41,2,False,1,3,2026-02,Churn
SESS-683085,Soporte Técnico y Despacho,logistica_envio,@theDev47,2026-04-06 05:04:52,1,True,0,3,2026-04,Resuelto
SESS-683194,Gestion de Cuenta,cambio_plan,@theDev57,2026-02-25 18:30:19,2,False,1,3,2026-02,Churn
SESS-683280,Facturación y Cobros,problema_pago,@theDev25,2025-12-12 19:50:08,2,False,1,3,2025-12,Churn
SESS-683492,Soporte Técnico y Despacho,logistica_envio,@soyMarely53,2026-01-16 15:09:19,2,False,1,3,2026-01,Churn
SESS-683643,Facturación y Cobros,problema_pago,@theMarely84,2026-02-20 07:38:03,1,True,0,3,2026-02,Resuelto
SESS-683766,Gestion de Cuenta,cambio_plan,@soyKitty95,2026-03-19 22:20:43,1,True,0,3,2026-03,Resuelto
SESS-684323,Soporte Técnico y Despacho,logistica_envio,@theDev64,2026-01-24 15:06:20,2,False,1,3,2026-01,Churn
SESS-684432,Facturación y Cobros,problema_pago,@soyMarely33,2026-04-01 14:51:24,2,False,1,3,2026-04,Churn
SESS-684483,Acceso y Seguridad,error_login,@theKitty97,2026-05-01 13:31:13,2,False,1,3,2026-05,Churn
SESS-684552,Gestion de Cuenta,cambio_plan,@soyDev67,2026-01-14 20:26:12,2,False,1,3,2026-01,Churn
SESS-684637,Soporte Técnico y Despacho,logistica_envio,@soyKitty78,2026-01-22 17:37:37,1,True,0,3,2026-01,Resuelto
SESS-684746,Facturación y Cobros,problema_pago,@theKitty82,2026-02-17 04:32:35,1,True,0,3,2026-02,Resuelto
SESS-684777,Gestion de Cuenta,cambio_plan,@soyDev27,2026-03-01 16:39:47,2,False,1,3,2026-03,Churn
SESS-684842,Gestion de Cuenta,cambio_plan,@soyMarely55,2026-04-29 16:09:18,1,True,0,3,2026-04,Resuelto
SESS-685086,Gestion de Cuenta,cambio_plan,@theMarely91,2026-04-14 23:07:58,2,False,1,3,2026-04,Churn
SESS-685098,Gestion de Cuenta,cambio_plan,@soyMarely22,2026-01-15 20:01:02,1,True,0,3,2026-01,Resuelto
SESS-685414,Soporte Técnico y Despacho,logistica_envio,@theMarely86,2025-11-20 14:02:45,2,False,1,3,2025-11,Churn
SESS-685547,Soporte Técnico y Despacho,logistica_envio,@soyMarely44,2026-02-25 16:26:38,1,True,0,3,2026-02,Resuelto
SESS-685567,Soporte Técnico y Despacho,logistica_envio,@soyKitty47,2025-11-24 09:42:39,1,True,0,3,2025-11,Resuelto
SESS-685600,Acceso y Seguridad,error_login,@soyMarely41,2025-12-24 12:42:33,1,True,0,3,2025-12,Resuelto
SESS-685634,Facturación y Cobros,problema_pago,@soyMarely95,2026-01-07 00:05:56,1,True,0,3,2026-01,Resuelto
SESS-685894,Facturación y Cobros,problema_pago,@soyMarely55,2025-12-29 18:06:55,2,False,1,3,2025-12,Churn
SESS-686219,Gestion de Cuenta,cambio_plan,@theDev30,2026-04-23 10:02:17,2,False,1,3,2026-04,Churn
SESS-686484,Acceso y Seguridad,error_login,@theDev89,2025-11-29 12:27:52,1,True,0,3,2025-11,Resuelto
SESS-686597,Soporte Técnico y Despacho,logistica_envio,@soyMarely55,2026-04-28 20:38:26,1,True,0,3,2026-04,Resuelto
SESS-686736,Gestion de Cuenta,cambio_plan,@theKitty95,2026-03-19 04:33:12,1,True,0,3,2026-03,Resuelto
SESS-686755,Acceso y Seguridad,error_login,@soyMarely41,2026-02-05 12:56:44,1,True,0,3,2026-02,Resuelto
SESS-687148,Acceso y Seguridad,error_login,@soyDev78,2025-12-14 11:36:22,1,True,0,3,2025-12,Resuelto
SESS-687263,Facturación y Cobros,problema_pago,@theKitty40,2026-02-16 07:38:24,1,True,0,3,2026-02,Resuelto
SESS-687654,Facturación y Cobros,problema_pago,@soyDev37,2026-04-22 08:38:38,1,True,0,3,2026-04,Resuelto
SESS-687666,Acceso y Seguridad,error_login,@theKitty75,2025-12-20 20:21:31,1,True,0,3,2025-12,Resuelto
SESS-687756,Gestion de Cuenta,cambio_plan,@theDev73,2026-04-04 22:18:24,1,True,0,3,2026-04,Resuelto
SESS-687933,Gestion de Cuenta,cambio_plan,@theKitty34,2026-01-19 05:59:03,1,True,0,3,2026-01,Resuelto
SESS-687945,Soporte Técnico y Despacho,logistica_envio,@soyKitty62,2026-04-18 15:10:49,1,True,0,3,2026-04,Resuelto
SESS-688026,Gestion de Cuenta,cambio_plan,@theDev42,2025-12-13 11:36:02,1,True,0,3,2025-12,Resuelto
SESS-688148,Facturación y Cobros,problema_pago,@theKitty85,2026-03-10 00:28:18,1,True,0,3,2026-03,Resuelto
SESS-688621,Acceso y Seguridad,error_login,@soyDev56,2026-03-23 12:38:36,1,True,0,3,2026-03,Resuelto
SESS-688885,Facturación y Cobros,problema_pago,@soyDev25,2026-03-03 09:17:54,1,True,0,3,2026-03,Resuelto
SESS-688945,Acceso y Seguridad,error_login,@theDev49,2026-01-09 09:37:02,2,False,1,3,2026-01,Churn
SESS-688960,Soporte Técnico y Despacho,logistica_envio,@theKitty61,2026-04-23 21:10:37,2,False,1,3,2026-04,Churn
SESS-689388,Soporte Técnico y Despacho,logistica_envio,@theKitty94,2026-01-08 08:42:45,1,True,0,3,2026-01,Resuelto
SESS-689554,Soporte Técnico y Despacho,logistica_envio,@theDev38,2026-04-13 02:59:55,2,False,1,3,2026-04,Churn
SESS-689575,Acceso y Seguridad,error_login,@soyMarely84,2026-02-16 02:14:26,2,False,1,3,2026-02,Churn
SESS-689786,Acceso y Seguridad,error_login,@soyDev75,2025-12-10 04:23:25,2,False,1,3,2025-12,Churn
SESS-690045,Acceso y Seguridad,error_login,@theDev63,2025-11-19 22:16:48,1,True,0,3,2025-11,Resuelto
SESS-690072,Acceso y Seguridad,error_login,@theKitty36,2026-02-27 05:22:44,1,True,0,3,2026-02,Resuelto
SESS-690192,Gestion de Cuenta,cambio_plan,@theMarely40,2026-04-25 11:09:22,1,True,0,3,2026-04,Resuelto
SESS-690228,Acceso y Seguridad,error_login,@soyKitty97,2026-03-08 14:40:36,1,True,0,3,2026-03,Resuelto
SESS-690366,Facturación y Cobros,problema_pago,@soyDev30,2025-11-23 15:14:00,2,False,1,3,2025-11,Churn
SESS-690426,Facturación y Cobros,problema_pago,@soyMarely82,2026-02-06 05:11:24,1,True,0,3,2026-02,Resuelto
SESS-690499,Acceso y Seguridad,error_login,@theKitty99,2026-03-04 11:59:28,1,True,0,3,2026-03,Resuelto
SESS-690737,Acceso y Seguridad,error_login,@theKitty22,2026-01-11 20:47:51,1,True,0,3,2026-01,Resuelto
SESS-690790,Soporte Técnico y Despacho,logistica_envio,@soyKitty11,2025-11-13 07:08:30,1,True,0,3,2025-11,Resuelto
SESS-690801,Gestion de Cuenta,cambio_plan,@theMarely88,2025-12-22 00:04:16,1,True,0,3,2025-12,Resuelto
SESS-690874,Gestion de Cuenta,cambio_plan,@theDev62,2026-02-17 22:30:59,2,False,1,3,2026-02,Churn
SESS-690959,Acceso y Seguridad,error_login,@theMarely81,2025-11-12 12:30:28,1,True,0,3,2025-11,Resuelto
SESS-691073,Gestion de Cuenta,cambio_plan,@theMarely96,2026-03-16 18:38:18,1,True,0,3,2026-03,Resuelto
SESS-691295,Gestion de Cuenta,cambio_plan,@theKitty50,2026-01-01 03:17:41,1,True,0,3,2026-01,Resuelto
SESS-691331,Gestion de Cuenta,cambio_plan,@theMarely16,2026-04-04 15:14:26,1,True,0,3,2026-04,Resuelto
SESS-691432,Soporte Técnico y Despacho,logistica_envio,@theKitty32,2026-01-05 02:44:01,1,True,0,3,2026-01,Resuelto
SESS-691774,Acceso y Seguridad,error_login,@theMarely68,2026-01-01 07:47:30,1,True,0,3,2026-01,Resuelto
SESS-691787,Soporte Técnico y Despacho,logistica_envio,@soyKitty80,2025-11-20 23:35:44,1,True,0,3,2025-11,Resuelto
SESS-691851,Soporte Técnico y Despacho,logistica_envio,@soyMarely48,2026-02-13 05:56:22,2,False,1,3,2026-02,Churn
SESS-691888,Acceso y Seguridad,error_login,@soyMarely15,2025-11-22 18:46:27,1,True,0,3,2025-11,Resuelto
SESS-691900,Facturación y Cobros,problema_pago,@soyKitty42,2026-04-23 21:47:09,1,True,0,3,2026-04,Resuelto
SESS-692136,Facturación y Cobros,problema_pago,@theKitty44,2026-01-29 07:11:38,1,True,0,3,2026-01,Resuelto
SESS-692224,Gestion de Cuenta,cambio_plan,@theDev50,2025-12-06 07:16:23,2,False,1,3,2025-12,Churn
SESS-692310,Soporte Técnico y Despacho,logistica_envio,@soyDev29,2026-03-05 10:52:39,2,False,1,3,2026-03,Churn
SESS-692396,Acceso y Seguridad,error_login,@theKitty59,2026-02-26 06:34:26,2,False,1,3,2026-02,Churn
SESS-692487,Acceso y Seguridad,error_login,@soyMarely12,2026-02-06 06:18:01,2,False,1,3,2026-02,Churn
SESS-692621,Soporte Técnico y Despacho,logistica_envio,@theKitty35,2026-01-31 07:19:48,1,True,0,3,2026-01,Resuelto
SESS-692916,Gestion de Cuenta,cambio_plan,@theKitty56,2025-11-22 17:56:03,2,False,1,3,2025-11,Churn
SESS-693488,Facturación y Cobros,problema_pago,@theKitty69,2026-03-14 05:12:10,1,True,0,3,2026-03,Resuelto
SESS-693720,Acceso y Seguridad,error_login,@theDev50,2025-11-16 12:53:09,1,True,0,3,2025-11,Resuelto
SESS-693727,Acceso y Seguridad,error_login,@soyKitty84,2025-11-08 12:47:06,2,False,1,3,2025-11,Churn
SESS-693734,Facturación y Cobros,problema_pago,@soyMarely87,2026-03-13 20:19:32,1,True,0,3,2026-03,Resuelto
SESS-693996,Gestion de Cuenta,cambio_plan,@soyDev10,2026-01-17 09:09:40,1,True,0,3,2026-01,Resuelto
SESS-694325,Gestion de Cuenta,cambio_plan,@soyDev80,2026-03-29 03:25:06,1,True,0,3,2026-03,Resuelto
SESS-694382,Gestion de Cuenta,cambio_plan,@theMarely49,2026-01-29 12:33:31,1,True,0,3,2026-01,Resuelto
SESS-694537,Gestion de Cuenta,cambio_plan,@theKitty62,2026-01-14 12:49:01,1,True,0,3,2026-01,Resuelto
SESS-694630,Gestion de Cuenta,cambio_plan,@soyDev67,2025-11-30 19:05:10,1,True,0,3,2025-11,Resuelto
SESS-694638,Gestion de Cuenta,cambio_plan,@theKitty46,2026-02-09 08:51:01,1,True,0,3,2026-02,Resuelto
SESS-694661,Facturación y Cobros,problema_pago,@soyMarely66,2025-11-30 00:27:27,1,True,0,3,2025-11,Resuelto
SESS-694760,Soporte Técnico y Despacho,logistica_envio,@theMarely83,2026-04-06 22:14:13,1,True,0,3,2026-04,Resuelto
SESS-695175,Gestion de Cuenta,cambio_plan,@soyMarely17,2025-12-09 20:29:21,1,True,0,3,2025-12,Resuelto
SESS-695516,Facturación y Cobros,problema_pago,@soyMarely98,2026-02-26 21:54:46,1,True,0,3,2026-02,Resuelto
SESS-695552,Facturación y Cobros,problema_pago,@soyDev83,2026-01-13 19:56:26,1,True,0,3,2026-01,Resuelto
SESS-695860,Acceso y Seguridad,error_login,@soyKitty14,2026-04-16 19:25:09,2,False,1,3,2026-04,Churn
SESS-695949,Soporte Técnico y Despacho,logistica_envio,@soyMarely82,2026-02-19 04:23:28,2,False,1,3,2026-02,Churn
SESS-696007,Soporte Técnico y Despacho,logistica_envio,@soyMarely23,2025-12-11 09:12:42,1,True,0,3,2025-12,Resuelto
SESS-696291,Soporte Técnico y Despacho,logistica_envio,@theKitty92,2026-01-30 05:11:52,1,True,0,3,2026-01,Resuelto
SESS-696565,Soporte Técnico y Despacho,logistica_envio,@theKitty37,2026-02-21 02:33:45,1,True,0,3,2026-02,Resuelto
SESS-696576,Gestion de Cuenta,cambio_plan,@theDev24,2026-04-23 16:20:00,2,False,1,3,2026-04,Churn
SESS-696687,Acceso y Seguridad,error_login,@theKitty36,2025-11-26 08:46:36,1,True,0,3,2025-11,Resuelto
SESS-697021,Facturación y Cobros,problema_pago,@soyKitty98,2026-03-04 06:07:39,2,False,1,3,2026-03,Churn
SESS-697181,Acceso y Seguridad,error_login,@soyKitty73,2026-01-25 06:34:08,1,True,0,3,2026-01,Resuelto
SESS-697206,Acceso y Seguridad,error_login,@soyDev52,2026-03-08 17:50:33,1,True,0,3,2026-03,Resuelto
SESS-697475,Gestion de Cuenta,cambio_plan,@theDev61,2025-11-12 05:28:27,1,True,0,3,2025-11,Resuelto
SESS-697620,Soporte Técnico y Despacho,logistica_envio,@soyMarely10,2026-05-01 06:25:27,1,True,0,3,2026-05,Resuelto
SESS-697626,Gestion de Cuenta,cambio_plan,@theMarely97,2026-03-29 20:59:39,2,False,1,3,2026-03,Churn
SESS-697742,Gestion de Cuenta,cambio_plan,@soyDev48,2026-05-01 18:19:10,1,True,0,3,2026-05,Resuelto
SESS-697757,Soporte Técnico y Despacho,logistica_envio,@theKitty29,2026-01-13 22:46:53,1,True,0,3,2026-01,Resuelto
SESS-697883,Soporte Técnico y Despacho,logistica_envio,@theDev71,2025-11-15 04:02:56,1,True,0,3,2025-11,Resuelto
SESS-697904,Soporte Técnico y Despacho,logistica_envio,@soyMarely67,2025-11-19 21:52:18,1,True,0,3,2025-11,Resuelto
SESS-698507,Facturación y Cobros,problema_pago,@theKitty30,2026-01-28 00:07:19,1,True,0,3,2026-01,Resuelto
SESS-699006,Gestion de Cuenta,cambio_plan,@soyKitty56,2026-04-14 11:04:40,2,False,1,3,2026-04,Churn
SESS-699376,Facturación y Cobros,problema_pago,@soyDev36,2026-02-16 20:13:32,2,False,1,3,2026-02,Churn
SESS-699390,Facturación y Cobros,problema_pago,@soyKitty68,2025-12-05 20:28:43,2,False,1,3,2025-12,Churn
SESS-699518,Gestion de Cuenta,cambio_plan,@soyDev27,2026-04-12 21:53:13,2,False,1,3,2026-04,Churn
SESS-699536,Gestion de Cuenta,cambio_plan,@soyDev38,2026-03-30 21:47:43,2,False,1,3,2026-03,Churn
SESS-699700,Acceso y Seguridad,error_login,@soyDev31,2026-01-04 19:28:36,1,True,0,3,2026-01,Resuelto
SESS-699950,Acceso y Seguridad,error_login,@soyMarely42,2026-04-08 05:41:36,2,False,1,3,2026-04,Churn
SESS-700012,Gestion de Cuenta,cambio_plan,@theKitty13,2026-01-16 09:58:02,2,False,1,3,2026-01,Churn
SESS-700074,Acceso y Seguridad,error_login,@theKitty31,2026-01-14 03:53:33,1,True,0,3,2026-01,Resuelto
SESS-700131,Soporte Técnico y Despacho,logistica_envio,@theMarely65,2026-03-23 07:46:21,2,False,1,3,2026-03,Churn
SESS-700158,Facturación y Cobros,problema_pago,@soyKitty85,2025-12-22 22:52:22,1,True,0,3,2025-12,Resuelto
SESS-700260,Acceso y Seguridad,error_login,@soyDev16,2026-01-29 13:37:45,1,True,0,3,2026-01,Resuelto
SESS-700265,Acceso y Seguridad,error_login,@theMarely19,2026-04-01 21:12:16,1,True,0,3,2026-04,Resuelto
SESS-700297,Facturación y Cobros,problema_pago,@theKitty78,2026-02-14 04:13:53,2,False,1,3,2026-02,Churn
SESS-700349,Acceso y Seguridad,error_login,@theDev70,2026-01-17 04:28:21,1,True,0,3,2026-01,Resuelto
SESS-700432,Facturación y Cobros,problema_pago,@soyDev79,2026-03-01 03:33:36,1,True,0,3,2026-03,Resuelto
SESS-700523,Acceso y Seguridad,error_login,@theKitty11,2025-12-26 04:59:32,1,True,0,3,2025-12,Resuelto
SESS-700548,Soporte Técnico y Despacho,logistica_envio,@theMarely61,2026-02-15 04:49:35,2,False,1,3,2026-02,Churn
SESS-700848,Facturación y Cobros,problema_pago,@theKitty16,2026-01-29 19:41:34,2,False,1,3,2026-01,Churn
SESS-701110,Soporte Técnico y Despacho,logistica_envio,@soyDev47,2026-03-24 00:04:22,2,False,1,3,2026-03,Churn
SESS-701583,Acceso y Seguridad,error_login,@soyKitty20,2026-01-02 12:11:22,1,True,0,3,2026-01,Resuelto
SESS-701688,Acceso y Seguridad,error_login,@theMarely32,2026-02-14 22:17:31,1,True,0,3,2026-02,Resuelto
SESS-701918,Gestion de Cuenta,cambio_plan,@soyMarely96,2025-12-07 09:22:05,1,True,0,3,2025-12,Resuelto
SESS-702735,Soporte Técnico y Despacho,logistica_envio,@theMarely77,2026-04-03 15:40:11,1,True,0,3,2026-04,Resuelto
SESS-702810,Soporte Técnico y Despacho,logistica_envio,@theMarely22,2025-12-17 17:13:46,2,False,1,3,2025-12,Churn
SESS-702871,Soporte Técnico y Despacho,logistica_envio,@theKitty89,2026-02-23 14:53:20,2,False,1,3,2026-02,Churn
SESS-703354,Acceso y Seguridad,error_login,@theMarely33,2026-03-18 09:08:36,2,False,1,3,2026-03,Churn
SESS-703424,Facturación y Cobros,problema_pago,@soyDev76,2026-04-10 17:07:52,1,True,0,3,2026-04,Resuelto
SESS-703817,Facturación y Cobros,problema_pago,@soyMarely78,2026-01-22 08:39:56,2,False,1,3,2026-01,Churn
SESS-703883,Gestion de Cuenta,cambio_plan,@theMarely83,2025-11-29 05:58:24,1,True,0,3,2025-11,Resuelto
SESS-704167,Soporte Técnico y Despacho,logistica_envio,@soyMarely25,2025-11-24 10:25:08,1,True,0,3,2025-11,Resuelto
SESS-704400,Soporte Técnico y Despacho,logistica_envio,@theKitty49,2025-12-07 03:31:01,2,False,1,3,2025-12,Churn
SESS-704495,Facturación y Cobros,problema_pago,@soyDev95,2026-02-23 21:11:59,2,False,1,3,2026-02,Churn
SESS-704527,Soporte Técnico y Despacho,logistica_envio,@theDev82,2025-12-07 02:28:44,1,True,0,3,2025-12,Resuelto
SESS-704963,Facturación y Cobros,problema_pago,@soyDev37,2026-01-17 05:22:53,2,False,1,3,2026-01,Churn
SESS-705038,Gestion de Cuenta,cambio_plan,@theMarely69,2026-01-01 12:48:41,1,True,0,3,2026-01,Resuelto
SESS-705098,Gestion de Cuenta,cambio_plan,@soyMarely16,2026-03-04 19:02:43,2,False,1,3,2026-03,Churn
SESS-705235,Gestion de Cuenta,cambio_plan,@soyDev89,2026-03-30 21:09:31,1,True,0,3,2026-03,Resuelto
SESS-705275,Gestion de Cuenta,cambio_plan,@soyKitty45,2026-03-08 20:46:48,2,False,1,3,2026-03,Churn
SESS-705589,Gestion de Cuenta,cambio_plan,@theMarely56,2026-02-01 10:49:17,2,False,1,3,2026-02,Churn
SESS-705666,Gestion de Cuenta,cambio_plan,@theKitty11,2025-11-24 20:33:55,1,True,0,3,2025-11,Resuelto
SESS-705671,Acceso y Seguridad,error_login,@soyMarely60,2025-11-08 22:53:34,2,False,1,3,2025-11,Churn
SESS-705712,Gestion de Cuenta,cambio_plan,@theDev78,2026-04-17 08:40:39,2,False,1,3,2026-04,Churn
SESS-705762,Gestion de Cuenta,cambio_plan,@theKitty38,2026-04-21 09:14:54,1,True,0,3,2026-04,Resuelto
SESS-705868,Soporte Técnico y Despacho,logistica_envio,@soyDev82,2026-05-05 12:21:20,1,True,0,3,2026-05,Resuelto
SESS-706054,Acceso y Seguridad,error_login,@soyKitty77,2026-04-16 15:16:38,2,False,1,3,2026-04,Churn
SESS-706105,Acceso y Seguridad,error_login,@soyDev84,2025-12-25 05:43:08,2,False,1,3,2025-12,Churn
SESS-706137,Soporte Técnico y Despacho,logistica_envio,@theDev13,2026-04-05 15:01:26,2,False,1,3,2026-04,Churn
SESS-706280,Soporte Técnico y Despacho,logistica_envio,@theKitty80,2026-01-07 06:49:04,1,True,0,3,2026-01,Resuelto
SESS-706422,Acceso y Seguridad,error_login,@soyDev67,2026-03-03 21:14:30,1,True,0,3,2026-03,Resuelto
SESS-706646,Facturación y Cobros,problema_pago,@soyDev59,2026-01-28 13:46:22,2,False,1,3,2026-01,Churn
SESS-706722,Acceso y Seguridad,error_login,@theDev76,2025-11-17 22:09:23,2,False,1,3,2025-11,Churn
SESS-706743,Gestion de Cuenta,cambio_plan,@soyDev87,2025-11-21 04:22:19,1,True,0,3,2025-11,Resuelto
SESS-706790,Gestion de Cuenta,cambio_plan,@theMarely73,2025-12-03 12:13:12,1,True,0,3,2025-12,Resuelto
SESS-706921,Acceso y Seguridad,error_login,@soyDev33,2026-03-29 18:00:14,1,True,0,3,2026-03,Resuelto
SESS-706982,Soporte Técnico y Despacho,logistica_envio,@theKitty71,2026-01-05 15:14:03,1,True,0,3,2026-01,Resuelto
SESS-707073,Soporte Técnico y Despacho,logistica_envio,@theKitty85,2025-12-26 05:33:22,1,True,0,3,2025-12,Resuelto
SESS-707133,Soporte Técnico y Despacho,logistica_envio,@soyDev54,2026-05-03 23:21:35,1,True,0,3,2026-05,Resuelto
SESS-707161,Soporte Técnico y Despacho,logistica_envio,@soyMarely18,2026-04-10 22:41:49,1,True,0,3,2026-04,Resuelto
SESS-707363,Acceso y Seguridad,error_login,@theKitty21,2026-02-11 07:02:49,1,True,0,3,2026-02,Resuelto
SESS-707394,Facturación y Cobros,problema_pago,@soyMarely32,2026-02-19 18:29:17,1,True,0,3,2026-02,Resuelto
SESS-707479,Soporte Técnico y Despacho,logistica_envio,@theDev89,2026-04-19 04:54:17,1,True,0,3,2026-04,Resuelto
SESS-707635,Soporte Técnico y Despacho,logistica_envio,@theDev20,2026-02-06 20:41:54,1,True,0,3,2026-02,Resuelto
SESS-707719,Facturación y Cobros,problema_pago,@soyDev81,2026-01-07 08:58:08,1,True,0,3,2026-01,Resuelto
SESS-707901,Facturación y Cobros,problema_pago,@soyKitty42,2026-01-08 18:39:43,2,False,1,3,2026-01,Churn
SESS-708004,Soporte Técnico y Despacho,logistica_envio,@theMarely95,2026-04-22 13:28:25,1,True,0,3,2026-04,Resuelto
SESS-708016,Facturación y Cobros,problema_pago,@soyKitty27,2026-04-18 00:20:28,1,True,0,3,2026-04,Resuelto
SESS-708119,Soporte Técnico y Despacho,logistica_envio,@theDev90,2026-03-05 11:39:20,1,True,0,3,2026-03,Resuelto
SESS-708334,Gestion de Cuenta,cambio_plan,@soyDev79,2025-11-15 16:28:39,1,True,0,3,2025-11,Resuelto
SESS-708623,Gestion de Cuenta,cambio_plan,@soyDev60,2026-03-16 11:09:02,2,False,1,3,2026-03,Churn
SESS-708635,Soporte Técnico y Despacho,logistica_envio,@soyKitty95,2025-12-03 13:26:14,1,True,0,3,2025-12,Resuelto
SESS-708708,Acceso y Seguridad,error_login,@theKitty95,2026-04-06 19:47:38,1,True,0,3,2026-04,Resuelto
SESS-708834,Gestion de Cuenta,cambio_plan,@theKitty30,2025-11-13 22:01:10,1,True,0,3,2025-11,Resuelto
SESS-708907,Gestion de Cuenta,cambio_plan,@theDev15,2026-03-25 20:27:59,1,True,0,3,2026-03,Resuelto
SESS-708915,Gestion de Cuenta,cambio_plan,@soyDev29,2026-04-13 05:46:09,1,True,0,3,2026-04,Resuelto
SESS-709110,Facturación y Cobros,problema_pago,@theDev29,2026-03-07 23:26:40,1,True,0,3,2026-03,Resuelto
SESS-709245,Facturación y Cobros,problema_pago,@theKitty25,2026-01-23 11:30:03,1,True,0,3,2026-01,Resuelto
SESS-709374,Facturación y Cobros,problema_pago,@soyMarely25,2026-02-28 08:27:13,1,True,0,3,2026-02,Resuelto
SESS-709434,Gestion de Cuenta,cambio_plan,@theDev64,2025-12-11 10:09:20,1,True,0,3,2025-12,Resuelto
SESS-709522,Gestion de Cuenta,cambio_plan,@theDev90,2026-02-19 14:37:48,1,True,0,3,2026-02,Resuelto
SESS-709725,Soporte Técnico y Despacho,logistica_envio,@theKitty68,2025-12-23 09:13:42,2,False,1,3,2025-12,Churn
SESS-709737,Soporte Técnico y Despacho,logistica_envio,@soyDev17,2026-02-04 11:26:08,2,False,1,3,2026-02,Churn
SESS-709752,Soporte Técnico y Despacho,logistica_envio,@soyDev63,2026-05-05 19:47:24,2,False,1,3,2026-05,Churn
SESS-709896,Gestion de Cuenta,cambio_plan,@theKitty97,2026-04-22 10:40:06,2,False,1,3,2026-04,Churn
SESS-709918,Facturación y Cobros,problema_pago,@theKitty49,2026-03-09 22:01:01,2,False,1,3,2026-03,Churn
SESS-710364,Facturación y Cobros,problema_pago,@theDev71,2025-12-23 11:29:22,1,True,0,3,2025-12,Resuelto
SESS-710978,Gestion de Cuenta,cambio_plan,@theKitty47,2026-03-20 17:17:01,2,False,1,3,2026-03,Churn
SESS-711014,Soporte Técnico y Despacho,logistica_envio,@soyKitty98,2026-02-06 08:13:03,1,True,0,3,2026-02,Resuelto
SESS-711039,Gestion de Cuenta,cambio_plan,@theKitty44,2025-12-25 10:49:50,1,True,0,3,2025-12,Resuelto
SESS-711321,Acceso y Seguridad,error_login,@theMarely30,2025-11-08 11:52:52,1,True,0,3,2025-11,Resuelto
SESS-711340,Acceso y Seguridad,error_login,@theKitty46,2026-01-31 01:44:56,1,True,0,3,2026-01,Resuelto
SESS-711423,Facturación y Cobros,problema_pago,@soyMarely17,2025-11-20 07:58:59,2,False,1,3,2025-11,Churn
SESS-711515,Gestion de Cuenta,cambio_plan,@theDev43,2026-01-01 17:42:12,2,False,1,3,2026-01,Churn
SESS-711545,Soporte Técnico y Despacho,logistica_envio,@theMarely64,2025-11-19 03:19:18,1,True,0,3,2025-11,Resuelto
SESS-711616,Facturación y Cobros,problema_pago,@soyMarely75,2026-01-03 01:11:12,2,False,1,3,2026-01,Churn
SESS-711709,Acceso y Seguridad,error_login,@soyKitty51,2026-04-23 05:08:16,1,True,0,3,2026-04,Resuelto
SESS-711895,Gestion de Cuenta,cambio_plan,@soyDev94,2026-04-03 11:39:58,1,True,0,3,2026-04,Resuelto
SESS-712253,Gestion de Cuenta,cambio_plan,@soyDev69,2026-04-20 23:32:09,1,True,0,3,2026-04,Resuelto
SESS-712616,Soporte Técnico y Despacho,logistica_envio,@theDev45,2026-03-03 06:11:37,1,True,0,3,2026-03,Resuelto
SESS-712627,Acceso y Seguridad,error_login,@theKitty31,2026-02-18 05:10:11,2,False,1,3,2026-02,Churn
SESS-712785,Facturación y Cobros,problema_pago,@theKitty32,2026-01-15 12:40:29,1,True,0,3,2026-01,Resuelto
SESS-712830,Soporte Técnico y Despacho,logistica_envio,@theMarely88,2026-03-29 04:46:12,2,False,1,3,2026-03,Churn
SESS-712956,Soporte Técnico y Despacho,logistica_envio,@theKitty77,2026-01-26 02:37:57,2,False,1,3,2026-01,Churn
SESS-713011,Acceso y Seguridad,error_login,@soyMarely66,2026-01-17 02:49:33,2,False,1,3,2026-01,Churn
SESS-713045,Soporte Técnico y Despacho,logistica_envio,@soyKitty40,2026-03-28 22:22:34,2,False,1,3,2026-03,Churn
SESS-713325,Soporte Técnico y Despacho,logistica_envio,@soyDev49,2026-04-11 12:29:56,1,True,0,3,2026-04,Resuelto
SESS-713410,Gestion de Cuenta,cambio_plan,@soyMarely75,2026-02-23 02:59:58,2,False,1,3,2026-02,Churn
SESS-713693,Acceso y Seguridad,error_login,@soyMarely50,2026-02-18 00:58:07,1,True,0,3,2026-02,Resuelto
SESS-714137,Acceso y Seguridad,error_login,@theKitty52,2026-01-28 17:45:53,2,False,1,3,2026-01,Churn
SESS-714631,Gestion de Cuenta,cambio_plan,@soyMarely46,2026-01-22 06:26:17,1,True,0,3,2026-01,Resuelto
SESS-714828,Acceso y Seguridad,error_login,@theDev72,2026-03-02 03:03:45,2,False,1,3,2026-03,Churn
SESS-715021,Gestion de Cuenta,cambio_plan,@theMarely20,2025-12-01 04:22:44,1,True,0,3,2025-12,Resuelto
SESS-715027,Soporte Técnico y Despacho,logistica_envio,@soyMarely25,2026-01-12 08:40:46,1,True,0,3,2026-01,Resuelto
SESS-715245,Facturación y Cobros,problema_pago,@soyMarely80,2025-11-21 16:37:06,2,False,1,3,2025-11,Churn
SESS-715290,Acceso y Seguridad,error_login,@theMarely68,2026-05-05 07:59:02,1,True,0,3,2026-05,Resuelto
SESS-715383,Facturación y Cobros,problema_pago,@theMarely90,2026-03-04 08:08:36,2,False,1,3,2026-03,Churn
SESS-715401,Acceso y Seguridad,error_login,@soyDev55,2026-03-01 23:16:09,1,True,0,3,2026-03,Resuelto
SESS-715467,Acceso y Seguridad,error_login,@soyKitty18,2026-01-04 15:49:31,2,False,1,3,2026-01,Churn
SESS-715490,Acceso y Seguridad,error_login,@theDev37,2025-12-30 09:17:14,1,True,0,3,2025-12,Resuelto
SESS-715583,Soporte Técnico y Despacho,logistica_envio,@soyKitty46,2026-04-26 06:01:40,1,True,0,3,2026-04,Resuelto
SESS-715784,Soporte Técnico y Despacho,logistica_envio,@theDev21,2025-12-03 08:50:17,1,True,0,3,2025-12,Resuelto
SESS-715861,Gestion de Cuenta,cambio_plan,@soyDev31,2026-04-30 18:42:17,1,True,0,3,2026-04,Resuelto
SESS-716184,Gestion de Cuenta,cambio_plan,@soyMarely61,2026-04-23 23:14:01,1,True,0,3,2026-04,Resuelto
SESS-716225,Facturación y Cobros,problema_pago,@theKitty86,2025-12-12 16:56:39,1,True,0,3,2025-12,Resuelto
SESS-716663,Soporte Técnico y Despacho,logistica_envio,@theKitty38,2026-02-26 14:27:20,1,True,0,3,2026-02,Resuelto
SESS-716672,Acceso y Seguridad,error_login,@theDev50,2026-04-11 17:52:12,1,True,0,3,2026-04,Resuelto
SESS-716787,Facturación y Cobros,problema_pago,@theMarely75,2026-03-19 08:54:27,1,True,0,3,2026-03,Resuelto
SESS-716820,Soporte Técnico y Despacho,logistica_envio,@theDev11,2026-04-16 21:21:38,2,False,1,3,2026-04,Churn
SESS-717190,Facturación y Cobros,problema_pago,@soyMarely90,2026-03-21 01:41:47,2,False,1,3,2026-03,Churn
SESS-717273,Gestion de Cuenta,cambio_plan,@soyDev92,2025-11-09 11:49:20,1,True,0,3,2025-11,Resuelto
SESS-717416,Soporte Técnico y Despacho,logistica_envio,@theMarely64,2026-04-08 16:16:14,2,False,1,3,2026-04,Churn
SESS-717680,Gestion de Cuenta,cambio_plan,@soyMarely95,2026-01-07 18:47:55,1,True,0,3,2026-01,Resuelto
SESS-717691,Gestion de Cuenta,cambio_plan,@theDev39,2026-03-26 08:47:32,1,True,0,3,2026-03,Resuelto
SESS-717758,Soporte Técnico y Despacho,logistica_envio,@theMarely32,2026-01-28 00:01:48,2,False,1,3,2026-01,Churn
SESS-718046,Acceso y Seguridad,error_login,@theKitty98,2026-03-14 02:32:14,1,True,0,3,2026-03,Resuelto
SESS-718162,Soporte Técnico y Despacho,logistica_envio,@theDev60,2026-04-04 04:05:52,2,False,1,3,2026-04,Churn
SESS-718167,Gestion de Cuenta,cambio_plan,@theDev74,2026-03-12 13:59:47,1,True,0,3,2026-03,Resuelto
SESS-718238,Gestion de Cuenta,cambio_plan,@theDev35,2025-11-27 07:29:21,2,False,1,3,2025-11,Churn
SESS-718248,Soporte Técnico y Despacho,logistica_envio,@theDev23,2026-03-26 18:29:03,2,False,1,3,2026-03,Churn
SESS-718302,Gestion de Cuenta,cambio_plan,@theDev21,2026-02-14 09:26:33,1,True,0,3,2026-02,Resuelto
SESS-718303,Soporte Técnico y Despacho,logistica_envio,@theMarely34,2025-11-12 01:47:41,1,True,0,3,2025-11,Resuelto
SESS-718333,Soporte Técnico y Despacho,logistica_envio,@theDev78,2025-12-13 20:25:17,2,False,1,3,2025-12,Churn
SESS-718588,Soporte Técnico y Despacho,logistica_envio,@theMarely49,2026-01-18 03:02:37,1,True,0,3,2026-01,Resuelto
SESS-718724,Facturación y Cobros,problema_pago,@soyMarely57,2025-11-25 20:21:16,1,True,0,3,2025-11,Resuelto
SESS-718768,Acceso y Seguridad,error_login,@soyMarely43,2026-04-18 05:33:34,1,True,0,3,2026-04,Resuelto
SESS-718892,Acceso y Seguridad,error_login,@theMarely20,2025-12-04 21:24:59,1,True,0,3,2025-12,Resuelto
SESS-718979,Acceso y Seguridad,error_login,@theKitty19,2025-12-25 02:42:57,2,False,1,3,2025-12,Churn
SESS-719091,Acceso y Seguridad,error_login,@theKitty80,2025-12-15 10:52:24,2,False,1,3,2025-12,Churn
SESS-719159,Facturación y Cobros,problema_pago,@soyDev79,2026-01-11 00:00:53,1,True,0,3,2026-01,Resuelto
SESS-719290,Facturación y Cobros,problema_pago,@theDev93,2026-03-30 10:05:13,1,True,0,3,2026-03,Resuelto
SESS-719456,Gestion de Cuenta,cambio_plan,@theMarely22,2026-03-21 17:44:55,1,True,0,3,2026-03,Resuelto
SESS-719829,Gestion de Cuenta,cambio_plan,@theMarely76,2026-03-11 02:48:59,2,False,1,3,2026-03,Churn
SESS-719915,Gestion de Cuenta,cambio_plan,@soyMarely89,2025-12-22 08:21:21,1,True,0,3,2025-12,Resuelto
SESS-719990,Soporte Técnico y Despacho,logistica_envio,@theKitty80,2026-02-21 15:55:18,1,True,0,3,2026-02,Resuelto
SESS-720351,Soporte Técnico y Despacho,logistica_envio,@theMarely37,2026-01-08 09:42:54,1,True,0,3,2026-01,Resuelto
SESS-720368,Acceso y Seguridad,error_login,@theDev15,2025-12-18 11:57:42,1,True,0,3,2025-12,Resuelto
SESS-720521,Soporte Técnico y Despacho,logistica_envio,@theMarely87,2026-03-30 05:31:16,1,True,0,3,2026-03,Resuelto
SESS-720920,Soporte Técnico y Despacho,logistica_envio,@soyDev86,2026-03-26 08:07:06,2,False,1,3,2026-03,Churn
SESS-721047,Acceso y Seguridad,error_login,@theDev79,2026-01-06 12:40:27,1,True,0,3,2026-01,Resuelto
SESS-721058,Facturación y Cobros,problema_pago,@soyMarely36,2025-12-31 21:54:27,1,True,0,3,2025-12,Resuelto
SESS-721148,Gestion de Cuenta,cambio_plan,@soyMarely92,2026-03-11 17:33:58,1,True,0,3,2026-03,Resuelto
SESS-721190,Soporte Técnico y Despacho,logistica_envio,@soyDev21,2025-12-25 04:36:10,2,False,1,3,2025-12,Churn
SESS-721211,Facturación y Cobros,problema_pago,@theMarely32,2026-03-26 18:40:17,1,True,0,3,2026-03,Resuelto
SESS-721331,Gestion de Cuenta,cambio_plan,@theMarely79,2026-04-29 00:33:33,1,True,0,3,2026-04,Resuelto
SESS-721367,Facturación y Cobros,problema_pago,@theMarely53,2025-12-08 03:05:40,2,False,1,3,2025-12,Churn
SESS-721572,Facturación y Cobros,problema_pago,@theKitty92,2026-04-24 20:37:21,1,True,0,3,2026-04,Resuelto
SESS-721895,Soporte Técnico y Despacho,logistica_envio,@soyKitty79,2026-03-21 15:50:48,2,False,1,3,2026-03,Churn
SESS-721904,Acceso y Seguridad,error_login,@soyDev31,2026-02-14 05:05:15,1,True,0,3,2026-02,Resuelto
SESS-722251,Facturación y Cobros,problema_pago,@theMarely41,2025-12-15 07:06:53,1,True,0,3,2025-12,Resuelto
SESS-722379,Soporte Técnico y Despacho,logistica_envio,@soyDev56,2026-03-31 18:44:51,1,True,0,3,2026-03,Resuelto
SESS-722474,Facturación y Cobros,problema_pago,@soyDev78,2025-11-09 20:23:25,1,True,0,3,2025-11,Resuelto
SESS-722611,Soporte Técnico y Despacho,logistica_envio,@theMarely15,2026-03-23 20:13:59,2,False,1,3,2026-03,Churn
SESS-722877,Soporte Técnico y Despacho,logistica_envio,@soyDev59,2026-04-26 13:11:19,2,False,1,3,2026-04,Churn
SESS-723077,Gestion de Cuenta,cambio_plan,@theDev12,2025-12-18 18:04:53,1,True,0,3,2025-12,Resuelto
SESS-723088,Acceso y Seguridad,error_login,@soyMarely79,2025-11-13 17:39:34,1,True,0,3,2025-11,Resuelto
SESS-723152,Soporte Técnico y Despacho,logistica_envio,@soyDev81,2025-11-28 19:29:09,1,True,0,3,2025-11,Resuelto
SESS-723451,Facturación y Cobros,problema_pago,@soyKitty20,2025-12-22 14:20:27,1,True,0,3,2025-12,Resuelto
SESS-723583,Gestion de Cuenta,cambio_plan,@soyKitty97,2026-04-15 11:23:41,2,False,1,3,2026-04,Churn
SESS-723616,Facturación y Cobros,problema_pago,@theKitty14,2026-01-10 11:31:08,1,True,0,3,2026-01,Resuelto
SESS-723664,Acceso y Seguridad,error_login,@theMarely32,2025-12-14 00:31:57,1,True,0,3,2025-12,Resuelto
SESS-723691,Soporte Técnico y Despacho,logistica_envio,@soyDev69,2026-04-10 19:39:15,1,True,0,3,2026-04,Resuelto
SESS-723786,Acceso y Seguridad,error_login,@soyMarely65,2026-02-13 09:26:41,1,True,0,3,2026-02,Resuelto
SESS-723798,Gestion de Cuenta,cambio_plan,@soyKitty96,2026-03-08 02:22:18,1,True,0,3,2026-03,Resuelto
SESS-723831,Gestion de Cuenta,cambio_plan,@theDev87,2026-01-05 06:08:09,1,True,0,3,2026-01,Resuelto
SESS-723879,Gestion de Cuenta,cambio_plan,@theMarely42,2025-12-28 05:05:30,1,True,0,3,2025-12,Resuelto
SESS-724045,Acceso y Seguridad,error_login,@theMarely22,2026-03-13 11:19:05,2,False,1,3,2026-03,Churn
SESS-724172,Facturación y Cobros,problema_pago,@soyKitty73,2025-12-05 18:23:38,1,True,0,3,2025-12,Resuelto
SESS-724442,Facturación y Cobros,problema_pago,@theMarely61,2025-12-28 21:40:56,1,True,0,3,2025-12,Resuelto
SESS-724553,Acceso y Seguridad,error_login,@soyMarely38,2026-03-18 12:16:05,1,True,0,3,2026-03,Resuelto
SESS-724795,Facturación y Cobros,problema_pago,@soyMarely46,2026-01-09 19:54:53,1,True,0,3,2026-01,Resuelto
SESS-725106,Acceso y Seguridad,error_login,@theMarely74,2026-02-20 18:21:01,1,True,0,3,2026-02,Resuelto
SESS-725547,Gestion de Cuenta,cambio_plan,@soyMarely17,2026-02-25 20:45:54,2,False,1,3,2026-02,Churn
SESS-725549,Acceso y Seguridad,error_login,@theMarely11,2026-01-09 21:51:46,1,True,0,3,2026-01,Resuelto
SESS-726596,Soporte Técnico y Despacho,logistica_envio,@soyMarely35,2026-02-20 12:19:46,2,False,1,3,2026-02,Churn
SESS-726638,Facturación y Cobros,problema_pago,@soyKitty11,2026-05-01 08:05:15,1,True,0,3,2026-05,Resuelto
SESS-726742,Facturación y Cobros,problema_pago,@theDev22,2026-02-06 21:06:28,1,True,0,3,2026-02,Resuelto
SESS-727087,Soporte Técnico y Despacho,logistica_envio,@soyDev31,2026-04-07 03:08:15,1,True,0,3,2026-04,Resuelto
SESS-727220,Soporte Técnico y Despacho,logistica_envio,@soyDev12,2025-12-18 02:57:44,1,True,0,3,2025-12,Resuelto
SESS-727333,Facturación y Cobros,problema_pago,@soyKitty23,2026-01-05 16:00:03,1,True,0,3,2026-01,Resuelto
SESS-727547,Acceso y Seguridad,error_login,@soyDev80,2025-11-11 00:04:12,1,True,0,3,2025-11,Resuelto
SESS-727922,Gestion de Cuenta,cambio_plan,@theKitty81,2025-12-06 00:28:43,1,True,0,3,2025-12,Resuelto
SESS-728098,Gestion de Cuenta,cambio_plan,@theMarely75,2025-11-16 11:35:14,2,False,1,3,2025-11,Churn
SESS-728131,Acceso y Seguridad,error_login,@soyDev32,2026-03-08 02:36:08,1,True,0,3,2026-03,Resuelto
SESS-728142,Facturación y Cobros,problema_pago,@theKitty47,2026-01-03 16:34:38,2,False,1,3,2026-01,Churn
SESS-728224,Gestion de Cuenta,cambio_plan,@theDev53,2026-01-07 00:13:38,2,False,1,3,2026-01,Churn
SESS-728249,Facturación y Cobros,problema_pago,@soyDev80,2026-03-07 09:21:06,1,True,0,3,2026-03,Resuelto
SESS-728325,Facturación y Cobros,problema_pago,@soyDev18,2026-03-29 18:26:00,2,False,1,3,2026-03,Churn
SESS-728590,Gestion de Cuenta,cambio_plan,@theMarely28,2026-02-19 21:42:29,1,True,0,3,2026-02,Resuelto
SESS-728641,Soporte Técnico y Despacho,logistica_envio,@soyMarely73,2025-11-23 22:15:04,2,False,1,3,2025-11,Churn
SESS-728663,Soporte Técnico y Despacho,logistica_envio,@soyDev19,2026-05-04 20:04:19,1,True,0,3,2026-05,Resuelto
SESS-728729,Facturación y Cobros,problema_pago,@soyKitty58,2026-01-12 16:53:11,1,True,0,3,2026-01,Resuelto
SESS-728912,Soporte Técnico y Despacho,logistica_envio,@soyMarely10,2026-01-02 08:02:31,1,True,0,3,2026-01,Resuelto
SESS-729440,Facturación y Cobros,problema_pago,@soyMarely46,2026-03-05 10:47:28,1,True,0,3,2026-03,Resuelto
SESS-729524,Soporte Técnico y Despacho,logistica_envio,@theDev41,2026-01-13 21:38:05,2,False,1,3,2026-01,Churn
SESS-730182,Soporte Técnico y Despacho,logistica_envio,@soyDev25,2026-01-04 09:30:29,2,False,1,3,2026-01,Churn
SESS-730337,Acceso y Seguridad,error_login,@theMarely42,2025-11-20 16:23:52,2,False,1,3,2025-11,Churn
SESS-730627,Acceso y Seguridad,error_login,@theKitty23,2025-12-02 17:53:17,1,True,0,3,2025-12,Resuelto
SESS-730659,Acceso y Seguridad,error_login,@soyDev32,2026-03-28 03:23:49,1,True,0,3,2026-03,Resuelto
SESS-730667,Soporte Técnico y Despacho,logistica_envio,@soyDev35,2025-12-24 00:25:12,1,True,0,3,2025-12,Resuelto
SESS-730753,Facturación y Cobros,problema_pago,@soyKitty68,2026-04-23 00:41:58,1,True,0,3,2026-04,Resuelto
SESS-730779,Gestion de Cuenta,cambio_plan,@theKitty79,2026-03-24 14:53:55,1,True,0,3,2026-03,Resuelto
SESS-730828,Facturación y Cobros,problema_pago,@soyMarely19,2025-11-14 12:09:36,2,False,1,3,2025-11,Churn
SESS-730911,Gestion de Cuenta,cambio_plan,@soyMarely89,2026-05-04 02:45:37,2,False,1,3,2026-05,Churn
SESS-730972,Gestion de Cuenta,cambio_plan,@theKitty17,2026-02-17 21:47:50,1,True,0,3,2026-02,Resuelto
SESS-731377,Gestion de Cuenta,cambio_plan,@theKitty49,2026-02-04 18:33:59,1,True,0,3,2026-02,Resuelto
SESS-731526,Gestion de Cuenta,cambio_plan,@theKitty91,2026-05-03 21:07:49,1,True,0,3,2026-05,Resuelto
SESS-731536,Facturación y Cobros,problema_pago,@theMarely74,2026-04-20 15:25:36,2,False,1,3,2026-04,Churn
SESS-731689,Gestion de Cuenta,cambio_plan,@theMarely13,2026-03-27 05:12:48,2,False,1,3,2026-03,Churn
SESS-731774,Soporte Técnico y Despacho,logistica_envio,@theKitty30,2026-02-21 10:35:41,2,False,1,3,2026-02,Churn
SESS-731850,Soporte Técnico y Despacho,logistica_envio,@theKitty98,2025-12-05 00:39:31,2,False,1,3,2025-12,Churn
SESS-732174,Gestion de Cuenta,cambio_plan,@theKitty18,2026-03-07 14:59:49,1,True,0,3,2026-03,Resuelto
SESS-732280,Soporte Técnico y Despacho,logistica_envio,@theDev64,2026-04-13 11:51:21,2,False,1,3,2026-04,Churn
SESS-732288,Acceso y Seguridad,error_login,@theDev96,2026-04-20 18:26:56,2,False,1,3,2026-04,Churn
SESS-732639,Gestion de Cuenta,cambio_plan,@soyDev30,2025-11-18 04:21:20,2,False,1,3,2025-11,Churn
SESS-733043,Acceso y Seguridad,error_login,@soyDev33,2026-03-02 13:21:07,1,True,0,3,2026-03,Resuelto
SESS-733313,Soporte Técnico y Despacho,logistica_envio,@theDev19,2026-01-25 10:27:05,1,True,0,3,2026-01,Resuelto
SESS-733358,Acceso y Seguridad,error_login,@soyMarely59,2026-04-19 02:52:18,1,True,0,3,2026-04,Resuelto
SESS-733377,Facturación y Cobros,problema_pago,@theDev71,2026-05-05 23:29:35,2,False,1,3,2026-05,Churn
SESS-733461,Acceso y Seguridad,error_login,@soyMarely45,2025-12-31 17:36:56,1,True,0,3,2025-12,Resuelto
SESS-733519,Facturación y Cobros,problema_pago,@soyMarely88,2025-12-07 02:23:12,1,True,0,3,2025-12,Resuelto
SESS-733597,Acceso y Seguridad,error_login,@soyDev51,2026-03-22 09:11:21,1,True,0,3,2026-03,Resuelto
SESS-733919,Acceso y Seguridad,error_login,@soyDev10,2026-04-12 00:03:33,2,False,1,3,2026-04,Churn
SESS-734039,Gestion de Cuenta,cambio_plan,@soyKitty77,2026-02-07 16:09:12,1,True,0,3,2026-02,Resuelto
SESS-734143,Soporte Técnico y Despacho,logistica_envio,@theDev85,2025-12-11 22:56:58,1,True,0,3,2025-12,Resuelto
SESS-734214,Acceso y Seguridad,error_login,@soyMarely30,2025-12-18 12:06:40,2,False,1,3,2025-12,Churn
SESS-734355,Acceso y Seguridad,error_login,@theMarely52,2026-04-29 12:10:14,1,True,0,3,2026-04,Resuelto
SESS-734632,Gestion de Cuenta,cambio_plan,@theKitty39,2026-02-03 01:49:07,1,True,0,3,2026-02,Resuelto
SESS-734714,Gestion de Cuenta,cambio_plan,@soyMarely84,2026-03-27 14:00:50,1,True,0,3,2026-03,Resuelto
SESS-734740,Acceso y Seguridad,error_login,@soyKitty70,2025-12-21 18:11:58,1,True,0,3,2025-12,Resuelto
SESS-734741,Acceso y Seguridad,error_login,@theKitty54,2026-01-18 13:50:26,1,True,0,3,2026-01,Resuelto
SESS-734770,Gestion de Cuenta,cambio_plan,@theKitty70,2025-11-12 21:51:20,2,False,1,3,2025-11,Churn
SESS-734963,Facturación y Cobros,problema_pago,@soyKitty47,2026-04-03 05:16:00,1,True,0,3,2026-04,Resuelto
SESS-735000,Soporte Técnico y Despacho,logistica_envio,@theDev76,2026-03-31 10:52:08,1,True,0,3,2026-03,Resuelto
SESS-735029,Gestion de Cuenta,cambio_plan,@soyMarely15,2026-02-09 22:27:37,1,True,0,3,2026-02,Resuelto
SESS-735124,Gestion de Cuenta,cambio_plan,@soyKitty62,2026-01-14 18:05:24,1,True,0,3,2026-01,Resuelto
SESS-735394,Gestion de Cuenta,cambio_plan,@soyMarely83,2026-04-22 22:43:34,1,True,0,3,2026-04,Resuelto
SESS-735542,Acceso y Seguridad,error_login,@soyDev90,2026-02-11 01:47:54,1,True,0,3,2026-02,Resuelto
SESS-735611,Acceso y Seguridad,error_login,@theMarely53,2025-11-16 15:11:07,1,True,0,3,2025-11,Resuelto
SESS-735888,Acceso y Seguridad,error_login,@soyMarely24,2026-01-06 05:47:03,2,False,1,3,2026-01,Churn
SESS-735986,Gestion de Cuenta,cambio_plan,@theKitty86,2026-04-29 10:24:36,1,True,0,3,2026-04,Resuelto
SESS-736347,Soporte Técnico y Despacho,logistica_envio,@soyMarely62,2026-02-01 04:51:54,2,False,1,3,2026-02,Churn
SESS-736449,Facturación y Cobros,problema_pago,@theMarely75,2026-04-14 06:34:14,1,True,0,3,2026-04,Resuelto
SESS-736685,Acceso y Seguridad,error_login,@theMarely27,2026-02-01 06:43:21,1,True,0,3,2026-02,Resuelto
SESS-736715,Gestion de Cuenta,cambio_plan,@theMarely99,2025-11-20 23:48:57,1,True,0,3,2025-11,Resuelto
SESS-736946,Facturación y Cobros,problema_pago,@theMarely66,2026-04-10 19:09:10,2,False,1,3,2026-04,Churn
SESS-736953,Gestion de Cuenta,cambio_plan,@soyMarely92,2025-12-18 23:32:25,2,False,1,3,2025-12,Churn
SESS-737204,Gestion de Cuenta,cambio_plan,@theMarely37,2025-12-06 00:28:45,1,True,0,3,2025-12,Resuelto
SESS-737490,Acceso y Seguridad,error_login,@soyDev65,2026-02-03 21:08:05,1,True,0,3,2026-02,Resuelto
SESS-737696,Soporte Técnico y Despacho,logistica_envio,@soyKitty79,2026-01-25 15:37:55,1,True,0,3,2026-01,Resuelto
SESS-737744,Facturación y Cobros,problema_pago,@soyKitty65,2026-04-17 13:21:30,1,True,0,3,2026-04,Resuelto
SESS-737772,Soporte Técnico y Despacho,logistica_envio,@theKitty69,2026-02-17 08:14:12,1,True,0,3,2026-02,Resuelto
SESS-738029,Acceso y Seguridad,error_login,@soyDev91,2026-02-06 23:08:19,2,False,1,3,2026-02,Churn
SESS-738121,Gestion de Cuenta,cambio_plan,@theMarely25,2025-12-19 06:07:50,2,False,1,3,2025-12,Churn
SESS-738130,Gestion de Cuenta,cambio_plan,@theKitty34,2026-02-12 06:02:19,1,True,0,3,2026-02,Resuelto
SESS-738221,Soporte Técnico y Despacho,logistica_envio,@theDev88,2026-04-03 14:42:27,1,True,0,3,2026-04,Resuelto
SESS-738337,Acceso y Seguridad,error_login,@theKitty39,2026-01-09 21:50:16,1,True,0,3,2026-01,Resuelto
SESS-738371,Gestion de Cuenta,cambio_plan,@theMarely46,2025-12-27 05:50:07,1,True,0,3,2025-12,Resuelto
SESS-738494,Soporte Técnico y Despacho,logistica_envio,@soyDev16,2026-03-12 13:58:39,1,True,0,3,2026-03,Resuelto
SESS-738729,Soporte Técnico y Despacho,logistica_envio,@theDev16,2025-11-29 00:24:13,1,True,0,3,2025-11,Resuelto
SESS-738736,Gestion de Cuenta,cambio_plan,@soyMarely17,2026-03-31 01:07:04,1,True,0,3,2026-03,Resuelto
SESS-738971,Soporte Técnico y Despacho,logistica_envio,@soyKitty51,2025-12-11 04:15:30,2,False,1,3,2025-12,Churn
SESS-739006,Gestion de Cuenta,cambio_plan,@soyMarely32,2026-01-16 09:10:49,2,False,1,3,2026-01,Churn
SESS-739032,Soporte Técnico y Despacho,logistica_envio,@soyMarely45,2026-01-23 13:45:12,2,False,1,3,2026-01,Churn
SESS-739744,Gestion de Cuenta,cambio_plan,@soyMarely51,2026-03-04 13:29:22,2,False,1,3,2026-03,Churn
SESS-739815,Facturación y Cobros,problema_pago,@theMarely86,2025-12-12 10:30:31,2,False,1,3,2025-12,Churn
SESS-739977,Soporte Técnico y Despacho,logistica_envio,@theKitty98,2026-02-11 05:18:03,2,False,1,3,2026-02,Churn
SESS-740290,Gestion de Cuenta,cambio_plan,@soyDev43,2025-12-20 02:56:11,2,False,1,3,2025-12,Churn
SESS-740469,Facturación y Cobros,problema_pago,@theDev75,2026-03-27 06:04:17,1,True,0,3,2026-03,Resuelto
SESS-740597,Facturación y Cobros,problema_pago,@soyDev17,2025-11-14 03:19:29,2,False,1,3,2025-11,Churn
SESS-740821,Gestion de Cuenta,cambio_plan,@theKitty87,2026-03-15 08:08:58,2,False,1,3,2026-03,Churn
SESS-740855,Acceso y Seguridad,error_login,@soyMarely58,2025-12-06 10:58:53,2,False,1,3,2025-12,Churn
SESS-740899,Soporte Técnico y Despacho,logistica_envio,@theKitty98,2026-02-03 11:13:59,1,True,0,3,2026-02,Resuelto
SESS-741446,Soporte Técnico y Despacho,logistica_envio,@soyKitty44,2026-01-20 19:38:45,1,True,0,3,2026-01,Resuelto
SESS-741485,Facturación y Cobros,problema_pago,@soyDev98,2026-03-30 06:31:41,1,True,0,3,2026-03,Resuelto
SESS-741548,Facturación y Cobros,problema_pago,@soyKitty89,2026-01-01 04:10:30,2,False,1,3,2026-01,Churn
SESS-741564,Soporte Técnico y Despacho,logistica_envio,@theMarely36,2026-05-02 00:33:59,1,True,0,3,2026-05,Resuelto
SESS-741684,Facturación y Cobros,problema_pago,@theKitty91,2026-02-10 09:55:00,2,False,1,3,2026-02,Churn
SESS-741737,Gestion de Cuenta,cambio_plan,@soyDev29,2025-12-06 17:46:24,2,False,1,3,2025-12,Churn
SESS-742108,Gestion de Cuenta,cambio_plan,@theKitty73,2026-01-20 06:36:40,2,False,1,3,2026-01,Churn
SESS-742489,Facturación y Cobros,problema_pago,@theKitty46,2026-03-07 07:09:05,2,False,1,3,2026-03,Churn
SESS-742569,Facturación y Cobros,problema_pago,@soyMarely60,2026-03-13 08:19:31,1,True,0,3,2026-03,Resuelto
SESS-742660,Soporte Técnico y Despacho,logistica_envio,@theMarely89,2026-03-10 07:02:08,2,False,1,3,2026-03,Churn
SESS-742757,Soporte Técnico y Despacho,logistica_envio,@soyMarely28,2026-02-01 06:02:19,2,False,1,3,2026-02,Churn
SESS-742824,Acceso y Seguridad,error_login,@theKitty76,2026-01-19 19:49:47,2,False,1,3,2026-01,Churn
SESS-743301,Gestion de Cuenta,cambio_plan,@theMarely91,2025-12-21 14:08:02,1,True,0,3,2025-12,Resuelto
SESS-743391,Gestion de Cuenta,cambio_plan,@theDev68,2026-01-17 07:12:17,1,True,0,3,2026-01,Resuelto
SESS-743475,Acceso y Seguridad,error_login,@soyMarely73,2026-02-20 07:29:34,2,False,1,3,2026-02,Churn
SESS-743510,Acceso y Seguridad,error_login,@theKitty99,2026-04-01 14:31:57,1,True,0,3,2026-04,Resuelto
SESS-743696,Gestion de Cuenta,cambio_plan,@theKitty81,2026-01-28 12:27:48,2,False,1,3,2026-01,Churn
SESS-743705,Acceso y Seguridad,error_login,@soyMarely77,2026-04-14 08:27:00,1,True,0,3,2026-04,Resuelto
SESS-743712,Acceso y Seguridad,error_login,@soyDev31,2026-03-06 04:33:07,1,True,0,3,2026-03,Resuelto
SESS-743762,Facturación y Cobros,problema_pago,@soyDev26,2026-04-19 04:50:16,2,False,1,3,2026-04,Churn
SESS-743887,Soporte Técnico y Despacho,logistica_envio,@theKitty82,2025-11-18 18:31:16,1,True,0,3,2025-11,Resuelto
SESS-743963,Acceso y Seguridad,error_login,@theKitty45,2026-03-31 16:57:47,1,True,0,3,2026-03,Resuelto
SESS-744103,Gestion de Cuenta,cambio_plan,@theDev31,2025-11-16 05:17:59,1,True,0,3,2025-11,Resuelto
SESS-744307,Soporte Técnico y Despacho,logistica_envio,@theKitty79,2026-04-01 00:56:22,2,False,1,3,2026-04,Churn
SESS-744394,Acceso y Seguridad,error_login,@soyKitty91,2026-01-03 19:42:55,1,True,0,3,2026-01,Resuelto
SESS-744419,Gestion de Cuenta,cambio_plan,@theMarely65,2026-02-14 21:21:39,2,False,1,3,2026-02,Churn
SESS-744422,Facturación y Cobros,problema_pago,@theMarely68,2026-04-11 23:59:52,1,True,0,3,2026-04,Resuelto
SESS-744555,Acceso y Seguridad,error_login,@soyDev64,2025-12-15 21:38:12,1,True,0,3,2025-12,Resuelto
SESS-744573,Gestion de Cuenta,cambio_plan,@soyMarely90,2026-05-05 10:35:43,1,True,0,3,2026-05,Resuelto
SESS-744630,Soporte Técnico y Despacho,logistica_envio,@soyDev30,2026-03-14 12:09:57,2,False,1,3,2026-03,Churn
SESS-744850,Acceso y Seguridad,error_login,@soyMarely67,2026-02-23 22:29:01,1,True,0,3,2026-02,Resuelto
SESS-744917,Acceso y Seguridad,error_login,@theKitty69,2026-03-06 02:03:58,1,True,0,3,2026-03,Resuelto
SESS-744996,Acceso y Seguridad,error_login,@theMarely89,2026-03-17 06:47:56,2,False,1,3,2026-03,Churn
SESS-745046,Facturación y Cobros,problema_pago,@soyMarely92,2026-02-16 02:18:58,1,True,0,3,2026-02,Resuelto
SESS-745130,Soporte Técnico y Despacho,logistica_envio,@soyMarely26,2026-05-01 09:18:50,2,False,1,3,2026-05,Churn
SESS-745508,Soporte Técnico y Despacho,logistica_envio,@theKitty64,2026-01-22 08:20:59,2,False,1,3,2026-01,Churn
SESS-745697,Facturación y Cobros,problema_pago,@soyDev77,2026-03-18 10:18:45,1,True,0,3,2026-03,Resuelto
SESS-745824,Facturación y Cobros,problema_pago,@soyMarely40,2026-03-02 21:20:09,2,False,1,3,2026-03,Churn
SESS-745901,Facturación y Cobros,problema_pago,@theMarely93,2026-02-05 21:05:46,2,False,1,3,2026-02,Churn
SESS-746083,Facturación y Cobros,problema_pago,@soyMarely31,2026-04-27 08:00:01,1,True,0,3,2026-04,Resuelto
SESS-746133,Gestion de Cuenta,cambio_plan,@soyMarely78,2026-02-18 04:25:42,1,True,0,3,2026-02,Resuelto
SESS-746157,Soporte Técnico y Despacho,logistica_envio,@soyDev55,2025-11-08 17:11:22,1,True,0,3,2025-11,Resuelto
SESS-746177,Acceso y Seguridad,error_login,@soyDev78,2026-05-04 14:18:11,1,True,0,3,2026-05,Resuelto
SESS-746239,Acceso y Seguridad,error_login,@soyKitty87,2026-03-21 14:52:27,2,False,1,3,2026-03,Churn
SESS-746360,Soporte Técnico y Despacho,logistica_envio,@theKitty34,2026-01-07 15:54:35,2,False,1,3,2026-01,Churn
SESS-746515,Facturación y Cobros,problema_pago,@theDev84,2025-12-29 11:29:38,1,True,0,3,2025-12,Resuelto
SESS-746596,Soporte Técnico y Despacho,logistica_envio,@theDev53,2026-02-18 17:35:56,1,True,0,3,2026-02,Resuelto
SESS-746838,Facturación y Cobros,problema_pago,@soyMarely29,2026-03-01 07:20:00,1,True,0,3,2026-03,Resuelto
SESS-746939,Soporte Técnico y Despacho,logistica_envio,@theDev83,2026-04-09 23:25:34,1,True,0,3,2026-04,Resuelto
SESS-746980,Acceso y Seguridad,error_login,@soyDev81,2025-12-13 20:46:34,1,True,0,3,2025-12,Resuelto
SESS-747077,Acceso y Seguridad,error_login,@theDev15,2025-11-13 08:09:09,2,False,1,3,2025-11,Churn
SESS-747777,Facturación y Cobros,problema_pago,@soyKitty20,2025-11-08 09:13:53,1,True,0,3,2025-11,Resuelto
SESS-747834,Gestion de Cuenta,cambio_plan,@theMarely48,2026-03-01 12:51:15,2,False,1,3,2026-03,Churn
SESS-748050,Soporte Técnico y Despacho,logistica_envio,@soyKitty31,2026-02-15 17:36:02,1,True,0,3,2026-02,Resuelto
SESS-748381,Gestion de Cuenta,cambio_plan,@soyDev89,2026-02-25 01:20:53,2,False,1,3,2026-02,Churn
SESS-748386,Facturación y Cobros,problema_pago,@theDev90,2025-11-14 02:59:41,2,False,1,3,2025-11,Churn
SESS-748522,Soporte Técnico y Despacho,logistica_envio,@soyDev10,2025-12-18 10:49:53,1,True,0,3,2025-12,Resuelto
SESS-748525,Acceso y Seguridad,error_login,@soyDev72,2026-02-24 04:59:03,2,False,1,3,2026-02,Churn
SESS-748639,Soporte Técnico y Despacho,logistica_envio,@theDev47,2025-12-26 00:41:41,1,True,0,3,2025-12,Resuelto
SESS-749008,Soporte Técnico y Despacho,logistica_envio,@theMarely76,2026-03-02 12:26:01,2,False,1,3,2026-03,Churn
SESS-749132,Gestion de Cuenta,cambio_plan,@soyKitty43,2025-11-11 17:40:28,1,True,0,3,2025-11,Resuelto
SESS-749139,Soporte Técnico y Despacho,logistica_envio,@theMarely56,2026-01-01 21:07:33,1,True,0,3,2026-01,Resuelto
SESS-749171,Facturación y Cobros,problema_pago,@soyDev48,2025-11-09 06:14:49,2,False,1,3,2025-11,Churn
SESS-749194,Gestion de Cuenta,cambio_plan,@soyKitty77,2026-04-28 20:57:44,1,True,0,3,2026-04,Resuelto
SESS-749329,Gestion de Cuenta,cambio_plan,@theKitty31,2026-03-23 01:54:50,1,True,0,3,2026-03,Resuelto
SESS-749402,Acceso y Seguridad,error_login,@theDev82,2026-03-16 20:17:45,1,True,0,3,2026-03,Resuelto
SESS-749524,Soporte Técnico y Despacho,logistica_envio,@theDev72,2026-04-15 17:57:59,2,False,1,6,2026-04,Churn
SESS-749595,Soporte Técnico y Despacho,logistica_envio,@soyMarely85,2026-01-04 22:08:50,1,True,0,3,2026-01,Resuelto
SESS-749602,Acceso y Seguridad,error_login,@soyMarely95,2026-02-27 02:32:27,2,False,1,3,2026-02,Churn
SESS-749717,Facturación y Cobros,problema_pago,@soyDev11,2026-01-07 05:15:03,1,True,0,3,2026-01,Resuelto
SESS-749831,Gestion de Cuenta,cambio_plan,@theMarely47,2026-04-27 09:56:30,2,False,1,3,2026-04,Churn
SESS-749879,Facturación y Cobros,problema_pago,@soyKitty30,2026-04-23 09:38:19,1,True,0,3,2026-04,Resuelto
SESS-750010,Facturación y Cobros,problema_pago,@theKitty97,2026-03-31 06:17:14,1,True,0,3,2026-03,Resuelto
SESS-750153,Facturación y Cobros,problema_pago,@theDev64,2026-05-03 03:01:49,1,True,0,3,2026-05,Resuelto
SESS-750462,Acceso y Seguridad,error_login,@soyKitty15,2025-12-13 02:48:47,1,True,0,3,2025-12,Resuelto
SESS-750486,Soporte Técnico y Despacho,logistica_envio,@theMarely37,2026-01-17 16:28:27,2,False,1,3,2026-01,Churn
SESS-750518,Acceso y Seguridad,error_login,@theMarely72,2026-01-16 08:30:26,1,True,0,3,2026-01,Resuelto
SESS-750902,Facturación y Cobros,problema_pago,@soyDev12,2026-04-24 11:39:52,1,True,0,3,2026-04,Resuelto
SESS-750928,Acceso y Seguridad,error_login,@theKitty31,2026-02-19 12:42:03,2,False,1,3,2026-02,Churn
SESS-751357,Acceso y Seguridad,error_login,@soyKitty45,2026-02-13 06:46:04,2,False,1,3,2026-02,Churn
SESS-751641,Acceso y Seguridad,error_login,@soyKitty67,2026-03-23 09:59:06,2,False,1,3,2026-03,Churn
SESS-751644,Gestion de Cuenta,cambio_plan,@theDev41,2026-03-08 09:01:37,1,True,0,3,2026-03,Resuelto
SESS-751757,Acceso y Seguridad,error_login,@theDev56,2026-01-26 00:50:53,1,True,0,3,2026-01,Resuelto
SESS-751973,Gestion de Cuenta,cambio_plan,@soyDev14,2026-01-16 02:57:43,1,True,0,3,2026-01,Resuelto
SESS-752191,Acceso y Seguridad,error_login,@theKitty39,2025-11-13 09:34:43,1,True,0,3,2025-11,Resuelto
SESS-752270,Gestion de Cuenta,cambio_plan,@theMarely86,2026-01-20 01:37:16,1,True,0,3,2026-01,Resuelto
SESS-752296,Facturación y Cobros,problema_pago,@theKitty98,2026-04-01 10:49:59,1,True,0,3,2026-04,Resuelto
SESS-752470,Gestion de Cuenta,cambio_plan,@theDev67,2026-01-05 18:19:29,1,True,0,3,2026-01,Resuelto
SESS-752474,Soporte Técnico y Despacho,logistica_envio,@theMarely20,2025-12-13 06:44:35,1,True,0,3,2025-12,Resuelto
SESS-752647,Gestion de Cuenta,cambio_plan,@soyDev25,2026-04-29 10:49:46,1,True,0,3,2026-04,Resuelto
SESS-752878,Acceso y Seguridad,error_login,@soyMarely99,2026-04-01 05:55:45,1,True,0,3,2026-04,Resuelto
SESS-753575,Facturación y Cobros,problema_pago,@soyDev35,2025-12-09 09:26:27,2,False,1,3,2025-12,Churn
SESS-753649,Facturación y Cobros,problema_pago,@soyKitty34,2025-12-29 16:28:05,1,True,0,3,2025-12,Resuelto
SESS-753923,Soporte Técnico y Despacho,logistica_envio,@theKitty90,2026-03-19 13:00:22,2,False,1,3,2026-03,Churn
SESS-754208,Acceso y Seguridad,error_login,@soyDev47,2026-03-20 10:59:18,1,True,0,3,2026-03,Resuelto
SESS-754344,Gestion de Cuenta,cambio_plan,@theMarely29,2026-02-27 18:30:17,1,True,0,3,2026-02,Resuelto
SESS-754380,Facturación y Cobros,problema_pago,@soyKitty13,2026-03-01 19:10:38,2,False,1,3,2026-03,Churn
SESS-754441,Acceso y Seguridad,error_login,@theKitty36,2025-11-28 13:46:04,2,False,1,3,2025-11,Churn
SESS-754474,Facturación y Cobros,problema_pago,@soyKitty12,2026-02-02 22:42:05,2,False,1,3,2026-02,Churn
SESS-754932,Gestion de Cuenta,cambio_plan,@theDev37,2026-04-07 14:15:33,2,False,1,3,2026-04,Churn
SESS-754995,Acceso y Seguridad,error_login,@theDev90,2025-11-28 20:13:53,2,False,1,3,2025-11,Churn
SESS-755086,Acceso y Seguridad,error_login,@soyMarely16,2025-11-16 02:25:12,1,True,0,3,2025-11,Resuelto
SESS-755282,Soporte Técnico y Despacho,logistica_envio,@theDev90,2026-02-25 15:45:28,1,True,0,3,2026-02,Resuelto
SESS-756042,Facturación y Cobros,problema_pago,@theKitty46,2026-05-03 23:25:51,1,True,0,3,2026-05,Resuelto
SESS-756157,Acceso y Seguridad,error_login,@theKitty76,2026-04-13 16:41:24,1,True,0,3,2026-04,Resuelto
SESS-756191,Facturación y Cobros,problema_pago,@soyMarely28,2026-02-26 05:23:42,1,True,0,3,2026-02,Resuelto
SESS-756444,Facturación y Cobros,problema_pago,@theKitty22,2026-01-27 05:55:17,1,True,0,3,2026-01,Resuelto
SESS-756536,Soporte Técnico y Despacho,logistica_envio,@soyDev36,2026-04-22 19:55:57,1,True,0,3,2026-04,Resuelto
SESS-756557,Gestion de Cuenta,cambio_plan,@soyMarely46,2026-01-21 17:41:13,2,False,1,3,2026-01,Churn
SESS-756726,Acceso y Seguridad,error_login,@soyMarely81,2026-01-16 06:48:59,2,False,1,3,2026-01,Churn
SESS-756791,Acceso y Seguridad,error_login,@soyDev89,2026-01-06 00:29:14,1,True,0,3,2026-01,Resuelto
SESS-756903,Soporte Técnico y Despacho,logistica_envio,@soyKitty37,2026-02-01 07:15:20,1,True,0,3,2026-02,Resuelto
SESS-756925,Facturación y Cobros,problema_pago,@soyKitty51,2025-11-14 00:40:36,2,False,1,3,2025-11,Churn
SESS-757078,Facturación y Cobros,problema_pago,@theMarely64,2025-11-29 12:56:24,1,True,0,3,2025-11,Resuelto
SESS-757535,Facturación y Cobros,problema_pago,@theMarely46,2026-03-06 00:00:07,2,False,1,3,2026-03,Churn
SESS-757537,Acceso y Seguridad,error_login,@soyDev82,2026-02-15 04:20:48,1,True,0,3,2026-02,Resuelto
SESS-757633,Facturación y Cobros,problema_pago,@theMarely13,2026-04-19 15:22:31,1,True,0,3,2026-04,Resuelto
SESS-757643,Gestion de Cuenta,cambio_plan,@soyKitty12,2026-02-02 17:50:27,1,True,0,3,2026-02,Resuelto
SESS-757733,Soporte Técnico y Despacho,logistica_envio,@theDev28,2025-12-07 14:40:20,1,True,0,3,2025-12,Resuelto
SESS-757873,Facturación y Cobros,problema_pago,@soyMarely72,2026-03-27 21:56:17,1,True,0,3,2026-03,Resuelto
SESS-757932,Soporte Técnico y Despacho,logistica_envio,@soyDev81,2026-01-23 19:34:46,1,True,0,3,2026-01,Resuelto
SESS-758183,Acceso y Seguridad,error_login,@theDev92,2026-04-22 16:49:25,2,False,1,3,2026-04,Churn
SESS-758207,Acceso y Seguridad,error_login,@theDev41,2026-03-25 23:34:33,1,True,0,3,2026-03,Resuelto
SESS-758267,Soporte Técnico y Despacho,logistica_envio,@soyMarely32,2025-12-03 10:35:44,1,True,0,3,2025-12,Resuelto
SESS-758286,Gestion de Cuenta,cambio_plan,@soyKitty71,2025-12-06 00:20:35,1,True,0,3,2025-12,Resuelto
SESS-758526,Soporte Técnico y Despacho,logistica_envio,@soyDev57,2025-12-04 10:27:31,1,True,0,3,2025-12,Resuelto
SESS-758620,Facturación y Cobros,problema_pago,@theMarely63,2025-11-14 11:56:25,2,False,1,3,2025-11,Churn
SESS-758952,Gestion de Cuenta,cambio_plan,@theDev38,2025-11-26 05:09:34,1,True,0,3,2025-11,Resuelto
SESS-759056,Facturación y Cobros,problema_pago,@soyDev41,2025-11-30 19:49:23,1,True,0,3,2025-11,Resuelto
SESS-759115,Facturación y Cobros,problema_pago,@theMarely79,2025-12-29 14:27:55,2,False,1,3,2025-12,Churn
SESS-759465,Acceso y Seguridad,error_login,@theKitty51,2026-05-03 06:20:28,1,True,0,3,2026-05,Resuelto
SESS-759585,Acceso y Seguridad,error_login,@soyMarely23,2026-04-07 09:11:37,1,True,0,3,2026-04,Resuelto
SESS-759723,Acceso y Seguridad,error_login,@theDev90,2026-02-16 21:15:39,1,True,0,3,2026-02,Resuelto
SESS-759862,Acceso y Seguridad,error_login,@theMarely43,2025-12-19 06:55:10,1,True,0,3,2025-12,Resuelto
SESS-759921,Soporte Técnico y Despacho,logistica_envio,@soyDev69,2025-12-25 13:33:43,1,True,0,3,2025-12,Resuelto
SESS-760428,Soporte Técnico y Despacho,logistica_envio,@soyKitty17,2026-01-23 00:47:13,2,False,1,3,2026-01,Churn
SESS-760822,Gestion de Cuenta,cambio_plan,@theDev47,2026-04-23 12:37:04,2,False,1,3,2026-04,Churn
SESS-760866,Soporte Técnico y Despacho,logistica_envio,@soyKitty88,2026-03-25 00:01:34,1,True,0,3,2026-03,Resuelto
SESS-760946,Acceso y Seguridad,error_login,@theMarely10,2026-02-28 09:27:14,1,True,0,3,2026-02,Resuelto
SESS-761208,Gestion de Cuenta,cambio_plan,@theKitty91,2026-04-14 15:21:39,1,True,0,3,2026-04,Resuelto
SESS-761289,Facturación y Cobros,problema_pago,@soyKitty99,2026-03-07 07:15:48,1,True,0,3,2026-03,Resuelto
SESS-761321,Facturación y Cobros,problema_pago,@soyKitty80,2026-01-26 17:50:02,2,False,1,3,2026-01,Churn
SESS-761426,Soporte Técnico y Despacho,logistica_envio,@soyDev54,2025-11-17 05:12:45,1,True,0,3,2025-11,Resuelto
SESS-761477,Acceso y Seguridad,error_login,@theKitty32,2025-12-24 08:45:35,2,False,1,3,2025-12,Churn
SESS-761496,Acceso y Seguridad,error_login,@theKitty24,2025-12-27 00:05:31,1,True,0,3,2025-12,Resuelto
SESS-761615,Acceso y Seguridad,error_login,@soyMarely24,2026-04-03 07:52:19,2,False,1,3,2026-04,Churn
SESS-761700,Facturación y Cobros,problema_pago,@theMarely23,2026-01-20 09:23:50,2,False,1,3,2026-01,Churn
SESS-761785,Gestion de Cuenta,cambio_plan,@theKitty39,2026-02-24 05:41:24,1,True,0,3,2026-02,Resuelto
SESS-761905,Gestion de Cuenta,cambio_plan,@soyMarely35,2025-11-11 09:33:30,1,True,0,3,2025-11,Resuelto
SESS-761985,Acceso y Seguridad,error_login,@soyDev34,2025-12-07 01:36:53,1,True,0,3,2025-12,Resuelto
SESS-762257,Acceso y Seguridad,error_login,@soyMarely53,2026-03-23 17:32:34,2,False,1,3,2026-03,Churn
SESS-762332,Gestion de Cuenta,cambio_plan,@soyKitty75,2026-04-16 16:35:25,1,True,0,3,2026-04,Resuelto
SESS-762482,Acceso y Seguridad,error_login,@theKitty23,2025-11-29 20:45:13,1,True,0,3,2025-11,Resuelto
SESS-762667,Acceso y Seguridad,error_login,@theKitty64,2026-05-03 20:00:54,2,False,1,3,2026-05,Churn
SESS-762710,Soporte Técnico y Despacho,logistica_envio,@theKitty73,2025-12-02 04:38:57,1,True,0,3,2025-12,Resuelto
SESS-762820,Facturación y Cobros,problema_pago,@theKitty43,2025-12-23 11:09:55,1,True,0,3,2025-12,Resuelto
SESS-762904,Acceso y Seguridad,error_login,@soyMarely12,2026-02-23 22:28:57,2,False,1,3,2026-02,Churn
SESS-762937,Soporte Técnico y Despacho,logistica_envio,@soyMarely53,2025-11-23 20:48:37,2,False,1,3,2025-11,Churn
SESS-763262,Acceso y Seguridad,error_login,@soyMarely62,2025-12-17 02:25:10,1,True,0,3,2025-12,Resuelto
SESS-763409,Acceso y Seguridad,error_login,@theKitty54,2025-12-19 22:27:12,1,True,0,3,2025-12,Resuelto
SESS-763439,Facturación y Cobros,problema_pago,@theMarely30,2026-03-08 23:25:29,2,False,1,3,2026-03,Churn
SESS-763487,Gestion de Cuenta,cambio_plan,@soyMarely37,2025-12-23 07:51:51,1,True,0,3,2025-12,Resuelto
SESS-764004,Soporte Técnico y Despacho,logistica_envio,@theKitty42,2025-12-26 00:42:49,1,True,0,3,2025-12,Resuelto
SESS-764016,Facturación y Cobros,problema_pago,@soyKitty41,2026-01-21 03:48:54,1,True,0,3,2026-01,Resuelto
SESS-764211,Soporte Técnico y Despacho,logistica_envio,@soyKitty89,2026-02-20 11:05:13,1,True,0,3,2026-02,Resuelto
SESS-764474,Facturación y Cobros,problema_pago,@theKitty22,2026-03-26 08:24:10,2,False,1,3,2026-03,Churn
SESS-764716,Gestion de Cuenta,cambio_plan,@soyDev66,2026-01-11 21:59:25,1,True,0,3,2026-01,Resuelto
SESS-764786,Soporte Técnico y Despacho,logistica_envio,@theKitty36,2025-11-20 20:48:09,1,True,0,3,2025-11,Resuelto
SESS-764875,Soporte Técnico y Despacho,logistica_envio,@soyDev73,2026-03-02 19:17:46,2,False,1,3,2026-03,Churn
SESS-765290,Gestion de Cuenta,cambio_plan,@soyDev93,2026-05-06 23:19:25,1,True,0,3,2026-05,Resuelto
SESS-765741,Soporte Técnico y Despacho,logistica_envio,@theKitty51,2025-11-12 17:31:04,1,True,0,3,2025-11,Resuelto
SESS-766264,Acceso y Seguridad,error_login,@theKitty40,2025-12-01 21:31:51,1,True,0,3,2025-12,Resuelto
SESS-766604,Acceso y Seguridad,error_login,@theMarely88,2026-01-14 07:11:30,2,False,1,3,2026-01,Churn
SESS-766704,Gestion de Cuenta,cambio_plan,@theDev30,2026-03-16 15:54:22,2,False,1,3,2026-03,Churn
SESS-766737,Gestion de Cuenta,cambio_plan,@soyKitty49,2025-12-17 02:17:14,1,True,0,3,2025-12,Resuelto
SESS-766765,Acceso y Seguridad,error_login,@theMarely47,2026-01-10 18:42:27,1,True,0,3,2026-01,Resuelto
SESS-766944,Soporte Técnico y Despacho,logistica_envio,@theDev78,2025-12-31 07:50:14,2,False,1,3,2025-12,Churn
SESS-766950,Facturación y Cobros,problema_pago,@soyDev23,2026-05-03 22:10:56,1,True,0,3,2026-05,Resuelto
SESS-767112,Soporte Técnico y Despacho,logistica_envio,@theMarely21,2026-03-06 17:07:14,1,True,0,3,2026-03,Resuelto
SESS-767175,Facturación y Cobros,problema_pago,@theKitty68,2026-02-21 10:08:24,1,True,0,3,2026-02,Resuelto
SESS-767333,Acceso y Seguridad,error_login,@theMarely98,2025-12-29 05:30:32,1,True,0,3,2025-12,Resuelto
SESS-767511,Gestion de Cuenta,cambio_plan,@soyDev48,2026-01-27 11:44:18,2,False,1,3,2026-01,Churn
SESS-767579,Acceso y Seguridad,error_login,@soyDev19,2026-04-24 08:52:14,2,False,1,3,2026-04,Churn
SESS-767616,Soporte Técnico y Despacho,logistica_envio,@soyKitty65,2026-04-13 19:13:46,2,False,1,3,2026-04,Churn
SESS-767760,Gestion de Cuenta,cambio_plan,@soyDev12,2026-01-14 21:20:38,1,True,0,3,2026-01,Resuelto
SESS-767823,Gestion de Cuenta,cambio_plan,@theKitty32,2025-12-25 09:40:17,2,False,1,3,2025-12,Churn
SESS-767928,Facturación y Cobros,problema_pago,@theMarely69,2026-02-16 12:57:42,2,False,1,3,2026-02,Churn
SESS-767933,Facturación y Cobros,problema_pago,@soyMarely89,2026-03-03 23:33:56,2,False,1,3,2026-03,Churn
SESS-767976,Acceso y Seguridad,error_login,@soyKitty42,2025-12-29 02:31:20,1,True,0,3,2025-12,Resuelto
SESS-768021,Facturación y Cobros,problema_pago,@soyKitty51,2026-01-18 07:37:51,2,True,1,6,2026-01,Churn
SESS-768084,Soporte Técnico y Despacho,logistica_envio,@theMarely94,2026-04-09 13:55:29,1,True,0,3,2026-04,Resuelto
SESS-768112,Facturación y Cobros,problema_pago,@theMarely39,2026-01-03 13:24:40,2,False,1,3,2026-01,Churn
SESS-768147,Facturación y Cobros,problema_pago,@theDev83,2026-03-28 04:38:06,1,True,0,3,2026-03,Resuelto
SESS-768172,Soporte Técnico y Despacho,logistica_envio,@soyDev40,2026-01-19 09:27:07,1,True,0,3,2026-01,Resuelto
SESS-768197,Soporte Técnico y Despacho,logistica_envio,@theDev22,2026-01-25 00:54:46,2,False,1,3,2026-01,Churn
SESS-768575,Gestion de Cuenta,cambio_plan,@soyKitty46,2025-12-10 22:17:49,2,False,1,3,2025-12,Churn
SESS-768868,Gestion de Cuenta,cambio_plan,@theDev64,2025-11-25 02:42:03,1,True,0,3,2025-11,Resuelto
SESS-768885,Acceso y Seguridad,error_login,@soyKitty89,2025-12-21 11:58:03,1,True,0,3,2025-12,Resuelto
SESS-768961,Facturación y Cobros,problema_pago,@soyMarely27,2026-04-28 06:06:47,1,True,0,3,2026-04,Resuelto
SESS-769131,Acceso y Seguridad,error_login,@theDev58,2026-05-02 06:23:11,1,True,0,3,2026-05,Resuelto
SESS-769612,Soporte Técnico y Despacho,logistica_envio,@theMarely69,2025-12-18 21:34:05,1,True,0,3,2025-12,Resuelto
SESS-769793,Facturación y Cobros,problema_pago,@soyMarely20,2026-05-03 19:28:41,1,True,0,3,2026-05,Resuelto
SESS-769795,Soporte Técnico y Despacho,logistica_envio,@theMarely40,2026-04-22 07:19:39,1,True,0,3,2026-04,Resuelto
SESS-769988,Soporte Técnico y Despacho,logistica_envio,@theMarely24,2026-03-08 11:01:04,1,True,0,3,2026-03,Resuelto
SESS-770160,Gestion de Cuenta,cambio_plan,@theKitty38,2026-05-02 17:57:27,1,True,0,3,2026-05,Resuelto
SESS-770333,Gestion de Cuenta,cambio_plan,@theDev33,2026-05-02 12:26:47,2,False,1,3,2026-05,Churn
SESS-770581,Facturación y Cobros,problema_pago,@theMarely61,2025-11-13 23:32:29,1,True,0,3,2025-11,Resuelto
SESS-770732,Acceso y Seguridad,error_login,@soyMarely34,2026-02-28 22:56:28,1,True,0,3,2026-02,Resuelto
SESS-770954,Gestion de Cuenta,cambio_plan,@theKitty64,2026-04-29 14:30:06,1,True,0,3,2026-04,Resuelto
SESS-770964,Soporte Técnico y Despacho,logistica_envio,@soyKitty25,2026-03-09 01:48:57,2,False,1,3,2026-03,Churn
SESS-771279,Acceso y Seguridad,error_login,@soyKitty66,2025-11-19 13:56:00,1,True,0,3,2025-11,Resuelto
SESS-771636,Facturación y Cobros,problema_pago,@theKitty10,2026-01-27 11:10:59,1,True,0,3,2026-01,Resuelto
SESS-771662,Soporte Técnico y Despacho,logistica_envio,@soyKitty48,2025-12-12 10:11:42,1,True,0,3,2025-12,Resuelto
SESS-771763,Soporte Técnico y Despacho,logistica_envio,@theMarely95,2026-03-17 03:44:22,1,True,0,3,2026-03,Resuelto
SESS-771799,Acceso y Seguridad,error_login,@theMarely94,2026-03-28 20:15:21,2,False,1,3,2026-03,Churn
SESS-771867,Soporte Técnico y Despacho,logistica_envio,@theMarely38,2026-04-25 09:36:44,1,True,0,3,2026-04,Resuelto
SESS-771938,Soporte Técnico y Despacho,logistica_envio,@theKitty97,2026-04-17 13:34:37,1,True,0,3,2026-04,Resuelto
SESS-772160,Gestion de Cuenta,cambio_plan,@soyMarely49,2026-02-18 17:17:06,2,False,1,3,2026-02,Churn
SESS-772200,Facturación y Cobros,problema_pago,@soyMarely46,2026-04-05 17:28:03,1,True,0,3,2026-04,Resuelto
SESS-772263,Facturación y Cobros,problema_pago,@theKitty23,2025-12-29 17:43:14,1,True,0,3,2025-12,Resuelto
SESS-772269,Acceso y Seguridad,error_login,@theKitty80,2026-01-02 17:59:44,1,True,0,3,2026-01,Resuelto
SESS-772449,Facturación y Cobros,problema_pago,@theDev56,2026-03-08 18:15:50,1,True,0,3,2026-03,Resuelto
SESS-772498,Acceso y Seguridad,error_login,@theMarely54,2026-03-25 00:33:55,1,True,0,3,2026-03,Resuelto
SESS-772602,Gestion de Cuenta,cambio_plan,@theDev12,2025-11-30 16:40:09,1,True,0,3,2025-11,Resuelto
SESS-772662,Acceso y Seguridad,error_login,@soyKitty10,2026-02-01 02:00:41,1,True,0,3,2026-02,Resuelto
SESS-772899,Gestion de Cuenta,cambio_plan,@soyMarely25,2026-01-26 16:01:50,1,True,0,3,2026-01,Resuelto
SESS-772955,Acceso y Seguridad,error_login,@theMarely47,2026-03-08 14:30:50,2,False,1,3,2026-03,Churn
SESS-773070,Acceso y Seguridad,error_login,@theDev83,2026-01-11 15:48:04,1,True,0,3,2026-01,Resuelto
SESS-773215,Soporte Técnico y Despacho,logistica_envio,@soyDev62,2025-11-26 14:17:12,1,True,0,3,2025-11,Resuelto
SESS-773290,Acceso y Seguridad,error_login,@theMarely51,2025-12-28 00:48:38,1,True,0,3,2025-12,Resuelto
SESS-773506,Acceso y Seguridad,error_login,@theDev77,2026-01-14 18:46:35,1,True,0,3,2026-01,Resuelto
SESS-773615,Gestion de Cuenta,cambio_plan,@soyDev89,2026-04-26 21:21:56,2,False,1,3,2026-04,Churn
SESS-773620,Soporte Técnico y Despacho,logistica_envio,@theKitty97,2025-12-01 03:25:21,2,False,1,3,2025-12,Churn
SESS-773728,Soporte Técnico y Despacho,logistica_envio,@soyMarely60,2026-04-23 15:47:49,1,True,0,3,2026-04,Resuelto
SESS-773894,Facturación y Cobros,problema_pago,@theKitty92,2025-11-15 14:50:54,2,False,1,3,2025-11,Churn
SESS-774143,Acceso y Seguridad,error_login,@soyKitty25,2026-02-18 03:58:41,1,True,0,3,2026-02,Resuelto
SESS-774289,Facturación y Cobros,problema_pago,@theMarely48,2026-03-09 12:43:10,1,True,0,3,2026-03,Resuelto
SESS-774457,Acceso y Seguridad,error_login,@theKitty80,2026-02-25 15:31:43,1,True,0,3,2026-02,Resuelto
SESS-774494,Soporte Técnico y Despacho,logistica_envio,@soyMarely10,2025-11-10 11:13:07,2,False,1,3,2025-11,Churn
SESS-774760,Gestion de Cuenta,cambio_plan,@soyMarely50,2025-12-24 02:46:31,1,True,0,3,2025-12,Resuelto
SESS-774916,Facturación y Cobros,problema_pago,@theKitty74,2025-11-28 08:09:01,2,False,1,3,2025-11,Churn
SESS-775190,Facturación y Cobros,problema_pago,@soyDev22,2025-11-10 00:44:51,2,False,1,3,2025-11,Churn
SESS-775343,Soporte Técnico y Despacho,logistica_envio,@theKitty74,2026-03-03 03:39:08,1,True,0,3,2026-03,Resuelto
SESS-775642,Facturación y Cobros,problema_pago,@soyMarely89,2026-02-25 05:04:35,1,True,0,3,2026-02,Resuelto
SESS-775682,Facturación y Cobros,problema_pago,@theKitty91,2026-02-07 10:48:25,1,True,0,3,2026-02,Resuelto
SESS-775851,Gestion de Cuenta,cambio_plan,@theDev77,2026-01-23 06:48:33,1,True,0,3,2026-01,Resuelto
SESS-775911,Facturación y Cobros,problema_pago,@theDev85,2026-03-22 15:06:37,1,True,0,3,2026-03,Resuelto
SESS-776225,Soporte Técnico y Despacho,logistica_envio,@soyMarely44,2025-12-11 12:39:29,1,True,0,3,2025-12,Resuelto
SESS-776229,Soporte Técnico y Despacho,logistica_envio,@theMarely81,2026-03-03 05:49:38,1,True,0,3,2026-03,Resuelto
SESS-776309,Gestion de Cuenta,cambio_plan,@soyDev10,2026-01-02 18:05:07,2,False,1,3,2026-01,Churn
SESS-776727,Gestion de Cuenta,cambio_plan,@soyMarely15,2026-03-16 15:19:50,2,False,1,3,2026-03,Churn
SESS-776869,Facturación y Cobros,problema_pago,@soyKitty85,2026-03-15 17:55:01,2,False,1,3,2026-03,Churn
SESS-777114,Soporte Técnico y Despacho,logistica_envio,@theKitty82,2025-12-13 17:06:08,1,True,0,3,2025-12,Resuelto
SESS-777456,Acceso y Seguridad,error_login,@theKitty95,2026-01-17 06:07:40,2,False,1,3,2026-01,Churn
SESS-777578,Soporte Técnico y Despacho,logistica_envio,@theDev19,2026-05-06 21:57:39,1,True,0,3,2026-05,Resuelto
SESS-777711,Gestion de Cuenta,cambio_plan,@theKitty68,2025-12-06 16:53:45,1,True,0,3,2025-12,Resuelto
SESS-777811,Soporte Técnico y Despacho,logistica_envio,@theDev22,2025-12-15 13:22:06,1,True,0,3,2025-12,Resuelto
SESS-777890,Soporte Técnico y Despacho,logistica_envio,@theKitty42,2026-02-21 19:11:57,1,True,0,3,2026-02,Resuelto
SESS-778351,Facturación y Cobros,problema_pago,@theMarely88,2026-02-01 14:38:25,1,True,0,3,2026-02,Resuelto
SESS-778408,Acceso y Seguridad,error_login,@soyDev96,2026-01-01 07:08:05,2,False,1,6,2026-01,Churn
SESS-778440,Soporte Técnico y Despacho,logistica_envio,@soyMarely63,2026-04-24 01:48:02,2,False,1,3,2026-04,Churn
SESS-778533,Acceso y Seguridad,error_login,@theKitty99,2026-03-03 09:58:04,2,False,1,3,2026-03,Churn
SESS-778662,Acceso y Seguridad,error_login,@soyMarely36,2025-12-03 16:39:52,1,True,0,3,2025-12,Resuelto
SESS-778686,Soporte Técnico y Despacho,logistica_envio,@theDev73,2025-12-30 09:11:16,1,True,0,3,2025-12,Resuelto
SESS-778766,Gestion de Cuenta,cambio_plan,@soyKitty43,2026-01-26 13:43:57,1,True,0,3,2026-01,Resuelto
SESS-779062,Acceso y Seguridad,error_login,@theKitty61,2025-12-11 10:40:20,1,True,0,3,2025-12,Resuelto
SESS-779299,Gestion de Cuenta,cambio_plan,@soyDev25,2025-11-16 17:21:56,1,True,0,3,2025-11,Resuelto
SESS-779415,Soporte Técnico y Despacho,logistica_envio,@theDev21,2026-04-13 21:33:03,2,False,1,3,2026-04,Churn
SESS-779457,Gestion de Cuenta,cambio_plan,@theKitty85,2026-03-30 16:48:43,2,False,1,3,2026-03,Churn
SESS-779461,Facturación y Cobros,problema_pago,@soyKitty34,2026-01-17 21:01:18,2,False,1,3,2026-01,Churn
SESS-779484,Acceso y Seguridad,error_login,@soyKitty38,2025-12-03 07:56:31,2,False,1,3,2025-12,Churn
SESS-779495,Acceso y Seguridad,error_login,@soyKitty66,2026-04-02 10:57:39,2,False,1,3,2026-04,Churn
SESS-779504,Facturación y Cobros,problema_pago,@theDev52,2025-12-02 16:41:53,1,True,0,3,2025-12,Resuelto
SESS-779595,Facturación y Cobros,problema_pago,@theKitty74,2025-12-10 22:18:24,2,False,1,3,2025-12,Churn
SESS-779682,Facturación y Cobros,problema_pago,@soyMarely60,2025-12-05 19:41:53,1,True,0,3,2025-12,Resuelto
SESS-779694,Gestion de Cuenta,cambio_plan,@soyKitty59,2025-11-14 08:45:44,2,False,1,3,2025-11,Churn
SESS-779712,Facturación y Cobros,problema_pago,@soyKitty79,2025-12-05 09:04:36,2,False,1,3,2025-12,Churn
SESS-779718,Soporte Técnico y Despacho,logistica_envio,@theKitty45,2026-04-05 05:03:53,1,True,0,3,2026-04,Resuelto
SESS-779870,Soporte Técnico y Despacho,logistica_envio,@theKitty69,2026-05-06 16:39:47,1,True,0,3,2026-05,Resuelto
SESS-780175,Facturación y Cobros,problema_pago,@soyDev82,2026-03-22 19:08:11,2,False,1,3,2026-03,Churn
SESS-780202,Acceso y Seguridad,error_login,@theKitty45,2026-04-22 18:41:28,1,True,0,3,2026-04,Resuelto
SESS-780428,Facturación y Cobros,problema_pago,@soyMarely77,2025-12-18 01:35:06,2,False,1,3,2025-12,Churn
SESS-780515,Acceso y Seguridad,error_login,@soyDev75,2026-05-02 10:40:11,2,False,1,3,2026-05,Churn
SESS-780555,Soporte Técnico y Despacho,logistica_envio,@soyDev66,2025-12-11 08:25:07,2,False,1,3,2025-12,Churn
SESS-780559,Gestion de Cuenta,cambio_plan,@soyKitty55,2025-12-21 01:30:04,2,False,1,3,2025-12,Churn
SESS-780588,Acceso y Seguridad,error_login,@soyDev94,2026-02-07 16:16:24,1,True,0,3,2026-02,Resuelto
SESS-780702,Soporte Técnico y Despacho,logistica_envio,@soyDev69,2025-12-21 21:28:34,1,True,0,3,2025-12,Resuelto
SESS-780747,Gestion de Cuenta,cambio_plan,@soyDev31,2025-12-30 07:56:23,2,False,1,3,2025-12,Churn
SESS-780869,Soporte Técnico y Despacho,logistica_envio,@theDev79,2025-12-24 02:37:36,2,False,1,3,2025-12,Churn
SESS-780883,Gestion de Cuenta,cambio_plan,@soyDev25,2026-03-16 17:43:56,1,True,0,3,2026-03,Resuelto
SESS-781109,Soporte Técnico y Despacho,logistica_envio,@theMarely96,2025-11-23 05:47:49,1,True,0,3,2025-11,Resuelto
SESS-781144,Soporte Técnico y Despacho,logistica_envio,@theDev15,2025-12-02 08:37:30,1,True,0,3,2025-12,Resuelto
SESS-781335,Facturación y Cobros,problema_pago,@soyMarely22,2026-03-03 12:49:05,1,True,0,3,2026-03,Resuelto
SESS-781446,Facturación y Cobros,problema_pago,@theKitty12,2026-01-05 10:48:27,1,True,0,3,2026-01,Resuelto
SESS-781669,Facturación y Cobros,problema_pago,@soyDev33,2026-03-27 09:11:37,2,False,1,3,2026-03,Churn
SESS-781842,Acceso y Seguridad,error_login,@soyDev39,2025-11-27 20:29:26,1,True,0,3,2025-11,Resuelto
SESS-781924,Acceso y Seguridad,error_login,@soyMarely20,2025-12-26 13:16:14,1,True,0,3,2025-12,Resuelto
SESS-782034,Acceso y Seguridad,error_login,@theKitty10,2025-11-27 04:17:41,2,False,1,3,2025-11,Churn
SESS-782079,Facturación y Cobros,problema_pago,@soyMarely40,2026-01-06 06:45:49,2,False,1,3,2026-01,Churn
SESS-782131,Gestion de Cuenta,cambio_plan,@soyMarely89,2026-03-10 18:30:40,1,True,0,3,2026-03,Resuelto
SESS-782153,Gestion de Cuenta,cambio_plan,@soyKitty36,2026-01-11 23:41:01,1,True,0,3,2026-01,Resuelto
SESS-782206,Soporte Técnico y Despacho,logistica_envio,@theDev90,2026-03-02 19:00:04,2,False,1,3,2026-03,Churn
SESS-782300,Soporte Técnico y Despacho,logistica_envio,@theKitty26,2026-01-21 15:05:18,1,True,0,3,2026-01,Resuelto
SESS-782408,Soporte Técnico y Despacho,logistica_envio,@theDev85,2025-12-03 05:38:15,2,False,1,3,2025-12,Churn
SESS-782453,Soporte Técnico y Despacho,logistica_envio,@theDev96,2026-01-08 20:03:21,1,True,0,3,2026-01,Resuelto
SESS-782649,Soporte Técnico y Despacho,logistica_envio,@soyKitty14,2025-11-29 07:20:52,1,True,0,3,2025-11,Resuelto
SESS-782757,Gestion de Cuenta,cambio_plan,@theKitty89,2026-03-21 00:31:28,2,False,1,3,2026-03,Churn
SESS-782957,Acceso y Seguridad,error_login,@theDev20,2025-11-20 05:02:13,2,False,1,3,2025-11,Churn
SESS-783012,Gestion de Cuenta,cambio_plan,@soyMarely78,2026-04-15 01:19:10,1,True,0,3,2026-04,Resuelto
SESS-783352,Facturación y Cobros,problema_pago,@soyMarely22,2026-04-15 08:08:27,2,False,1,3,2026-04,Churn
SESS-783439,Acceso y Seguridad,error_login,@theMarely50,2025-12-20 06:31:34,1,True,0,3,2025-12,Resuelto
SESS-783469,Soporte Técnico y Despacho,logistica_envio,@soyMarely46,2026-01-27 08:16:08,2,False,1,3,2026-01,Churn
SESS-783651,Facturación y Cobros,problema_pago,@theDev11,2026-04-18 10:32:16,2,False,1,3,2026-04,Churn
SESS-783963,Soporte Técnico y Despacho,logistica_envio,@soyMarely70,2026-02-09 11:34:54,2,False,1,3,2026-02,Churn
SESS-784345,Gestion de Cuenta,cambio_plan,@soyKitty12,2026-02-21 19:29:06,2,False,1,3,2026-02,Churn
SESS-784446,Facturación y Cobros,problema_pago,@theMarely18,2026-04-05 19:18:20,1,True,0,3,2026-04,Resuelto
SESS-784641,Facturación y Cobros,problema_pago,@theKitty90,2026-01-08 07:45:05,1,True,0,3,2026-01,Resuelto
SESS-784671,Gestion de Cuenta,cambio_plan,@theKitty97,2026-02-23 10:52:36,1,True,0,3,2026-02,Resuelto
SESS-784693,Acceso y Seguridad,error_login,@theMarely49,2026-05-02 07:40:01,2,False,1,3,2026-05,Churn
SESS-784786,Facturación y Cobros,problema_pago,@theKitty84,2026-02-24 17:54:44,2,False,1,3,2026-02,Churn
SESS-784818,Soporte Técnico y Despacho,logistica_envio,@theMarely46,2026-02-21 23:29:11,1,True,0,3,2026-02,Resuelto
SESS-784903,Acceso y Seguridad,error_login,@soyKitty60,2026-01-15 20:21:41,2,False,1,3,2026-01,Churn
SESS-785060,Facturación y Cobros,problema_pago,@soyMarely14,2026-01-03 04:06:34,2,False,1,3,2026-01,Churn
SESS-785200,Soporte Técnico y Despacho,logistica_envio,@soyMarely65,2025-11-14 22:38:05,2,False,1,3,2025-11,Churn
SESS-785491,Acceso y Seguridad,error_login,@theMarely50,2026-01-08 12:17:29,2,False,1,3,2026-01,Churn
SESS-785609,Acceso y Seguridad,error_login,@soyKitty57,2026-02-03 08:18:02,2,False,1,3,2026-02,Churn
SESS-786011,Gestion de Cuenta,cambio_plan,@theKitty69,2025-11-23 15:53:07,1,True,0,3,2025-11,Resuelto
SESS-786034,Facturación y Cobros,problema_pago,@soyKitty47,2026-04-30 00:26:29,1,True,0,3,2026-04,Resuelto
SESS-786073,Facturación y Cobros,problema_pago,@theDev32,2026-04-15 23:57:39,1,True,0,3,2026-04,Resuelto
SESS-786138,Gestion de Cuenta,cambio_plan,@theKitty57,2026-05-03 16:48:03,2,False,1,3,2026-05,Churn
SESS-786176,Gestion de Cuenta,cambio_plan,@soyMarely37,2026-01-22 04:59:54,2,False,1,3,2026-01,Churn
SESS-786217,Soporte Técnico y Despacho,logistica_envio,@soyDev83,2026-03-18 23:10:26,1,True,0,3,2026-03,Resuelto
SESS-786229,Acceso y Seguridad,error_login,@theDev57,2026-03-09 01:23:24,2,False,1,3,2026-03,Churn
SESS-786290,Soporte Técnico y Despacho,logistica_envio,@soyDev12,2025-11-15 03:53:27,1,True,0,3,2025-11,Resuelto
SESS-786742,Soporte Técnico y Despacho,logistica_envio,@soyMarely96,2025-11-27 18:29:19,1,True,0,3,2025-11,Resuelto
SESS-786757,Gestion de Cuenta,cambio_plan,@theKitty47,2026-04-11 07:10:56,1,True,0,3,2026-04,Resuelto
SESS-786793,Acceso y Seguridad,error_login,@soyDev92,2026-04-14 02:39:18,1,True,0,3,2026-04,Resuelto
SESS-786819,Gestion de Cuenta,cambio_plan,@soyMarely84,2026-04-11 19:43:26,2,False,1,3,2026-04,Churn
SESS-786943,Acceso y Seguridad,error_login,@soyKitty75,2025-11-19 01:37:10,1,True,0,3,2025-11,Resuelto
SESS-786998,Soporte Técnico y Despacho,logistica_envio,@soyKitty24,2026-03-02 06:36:09,1,True,0,3,2026-03,Resuelto
SESS-787170,Soporte Técnico y Despacho,logistica_envio,@soyDev21,2026-03-05 17:56:16,1,True,0,3,2026-03,Resuelto
SESS-787177,Gestion de Cuenta,cambio_plan,@theDev78,2026-05-01 22:56:17,1,True,0,3,2026-05,Resuelto
SESS-787186,Gestion de Cuenta,cambio_plan,@soyKitty93,2025-11-20 19:48:17,1,True,0,3,2025-11,Resuelto
SESS-787325,Facturación y Cobros,problema_pago,@soyDev47,2026-03-15 04:13:50,1,True,0,3,2026-03,Resuelto
SESS-787458,Acceso y Seguridad,error_login,@soyKitty75,2026-03-25 08:36:12,2,False,1,3,2026-03,Churn
SESS-787523,Facturación y Cobros,problema_pago,@theDev74,2026-01-21 20:17:03,1,True,0,3,2026-01,Resuelto
SESS-787536,Facturación y Cobros,problema_pago,@theDev97,2026-02-25 17:34:56,1,True,0,3,2026-02,Resuelto
SESS-787579,Gestion de Cuenta,cambio_plan,@theKitty29,2026-04-21 17:39:45,1,True,0,3,2026-04,Resuelto
SESS-787652,Acceso y Seguridad,error_login,@theDev91,2026-01-03 17:03:19,1,True,0,3,2026-01,Resuelto
SESS-787655,Facturación y Cobros,problema_pago,@theDev18,2026-01-05 09:17:21,2,False,1,3,2026-01,Churn
SESS-787701,Soporte Técnico y Despacho,logistica_envio,@soyMarely23,2025-11-10 09:51:43,1,True,0,3,2025-11,Resuelto
SESS-787785,Soporte Técnico y Despacho,logistica_envio,@soyMarely74,2026-01-24 08:42:08,1,True,0,3,2026-01,Resuelto
SESS-788024,Gestion de Cuenta,cambio_plan,@theMarely17,2026-01-21 04:05:46,2,False,1,3,2026-01,Churn
SESS-788102,Gestion de Cuenta,cambio_plan,@soyKitty63,2025-12-28 00:42:40,1,True,0,3,2025-12,Resuelto
SESS-788104,Soporte Técnico y Despacho,logistica_envio,@soyDev97,2025-12-13 17:36:58,1,True,0,3,2025-12,Resuelto
SESS-788362,Soporte Técnico y Despacho,logistica_envio,@theKitty19,2026-01-14 05:22:13,1,True,0,3,2026-01,Resuelto
SESS-788399,Facturación y Cobros,problema_pago,@theDev72,2026-01-18 11:17:29,1,True,0,3,2026-01,Resuelto
SESS-788501,Soporte Técnico y Despacho,logistica_envio,@soyKitty83,2026-04-24 12:30:45,2,False,1,3,2026-04,Churn
SESS-788688,Soporte Técnico y Despacho,logistica_envio,@soyMarely43,2026-04-06 11:44:02,1,True,0,3,2026-04,Resuelto
SESS-788697,Facturación y Cobros,problema_pago,@theKitty18,2026-04-20 03:36:04,1,True,0,3,2026-04,Resuelto
SESS-789055,Gestion de Cuenta,cambio_plan,@soyKitty85,2026-02-24 15:03:23,1,True,0,3,2026-02,Resuelto
SESS-789120,Facturación y Cobros,problema_pago,@theKitty91,2026-03-30 01:30:51,1,True,0,3,2026-03,Resuelto
SESS-789516,Gestion de Cuenta,cambio_plan,@soyKitty79,2026-03-18 15:23:43,1,True,0,3,2026-03,Resuelto
SESS-789527,Facturación y Cobros,problema_pago,@theKitty80,2026-04-15 10:02:12,1,True,0,3,2026-04,Resuelto
SESS-789731,Gestion de Cuenta,cambio_plan,@soyDev45,2025-12-04 14:05:53,1,True,0,3,2025-12,Resuelto
SESS-789754,Soporte Técnico y Despacho,logistica_envio,@theKitty12,2026-01-21 05:59:03,2,False,1,3,2026-01,Churn
SESS-789774,Acceso y Seguridad,error_login,@theDev86,2026-02-12 00:10:32,1,True,0,3,2026-02,Resuelto
SESS-789857,Acceso y Seguridad,error_login,@theKitty19,2026-05-06 18:43:53,2,False,1,3,2026-05,Churn
SESS-789963,Gestion de Cuenta,cambio_plan,@theDev51,2025-12-09 13:46:12,2,False,1,3,2025-12,Churn
SESS-790203,Soporte Técnico y Despacho,logistica_envio,@soyDev53,2025-12-24 17:42:52,1,True,0,3,2025-12,Resuelto
SESS-790291,Gestion de Cuenta,cambio_plan,@theKitty48,2026-01-12 11:01:00,2,False,1,3,2026-01,Churn
SESS-790351,Facturación y Cobros,problema_pago,@soyKitty57,2025-12-03 21:04:37,1,True,0,3,2025-12,Resuelto
SESS-790404,Acceso y Seguridad,error_login,@soyMarely10,2025-11-29 07:00:11,2,False,1,3,2025-11,Churn
SESS-790429,Acceso y Seguridad,error_login,@theDev29,2025-12-06 06:45:27,2,False,1,3,2025-12,Churn
SESS-790490,Facturación y Cobros,problema_pago,@soyMarely38,2026-04-29 08:40:51,1,True,0,3,2026-04,Resuelto
SESS-791103,Acceso y Seguridad,error_login,@soyKitty72,2026-04-23 17:35:42,1,True,0,3,2026-04,Resuelto
SESS-791135,Soporte Técnico y Despacho,logistica_envio,@theDev22,2026-03-29 07:52:36,1,True,0,3,2026-03,Resuelto
SESS-791139,Facturación y Cobros,problema_pago,@soyKitty42,2026-03-09 22:56:46,1,True,0,3,2026-03,Resuelto
SESS-791179,Soporte Técnico y Despacho,logistica_envio,@soyMarely73,2025-12-11 16:16:01,1,True,0,3,2025-12,Resuelto
SESS-791208,Gestion de Cuenta,cambio_plan,@soyMarely66,2026-04-13 10:04:44,2,False,1,3,2026-04,Churn
SESS-791258,Gestion de Cuenta,cambio_plan,@theMarely44,2026-03-21 06:03:45,1,True,0,3,2026-03,Resuelto
SESS-791391,Acceso y Seguridad,error_login,@soyKitty29,2026-01-22 10:01:52,1,True,0,3,2026-01,Resuelto
SESS-791551,Facturación y Cobros,problema_pago,@soyDev12,2025-12-11 00:45:37,1,True,0,3,2025-12,Resuelto
SESS-791840,Acceso y Seguridad,error_login,@soyDev96,2026-03-08 04:17:53,1,True,0,3,2026-03,Resuelto
SESS-791851,Soporte Técnico y Despacho,logistica_envio,@theDev21,2026-04-03 11:02:41,1,True,0,3,2026-04,Resuelto
SESS-791871,Gestion de Cuenta,cambio_plan,@theMarely88,2025-11-08 12:35:33,1,True,0,3,2025-11,Resuelto
SESS-791885,Gestion de Cuenta,cambio_plan,@soyDev16,2026-04-27 18:58:04,2,False,1,3,2026-04,Churn
SESS-792167,Facturación y Cobros,problema_pago,@soyMarely52,2026-02-28 21:58:53,1,True,0,3,2026-02,Resuelto
SESS-792381,Soporte Técnico y Despacho,logistica_envio,@soyKitty39,2025-12-21 21:16:27,1,True,0,3,2025-12,Resuelto
SESS-792436,Acceso y Seguridad,error_login,@soyMarely51,2025-11-28 02:16:49,1,True,0,3,2025-11,Resuelto
SESS-792505,Acceso y Seguridad,error_login,@theDev32,2026-02-21 21:01:29,1,True,0,3,2026-02,Resuelto
SESS-792564,Acceso y Seguridad,error_login,@soyMarely64,2026-02-05 11:23:53,1,True,0,3,2026-02,Resuelto
SESS-792580,Soporte Técnico y Despacho,logistica_envio,@soyKitty68,2025-12-12 02:02:53,2,False,1,3,2025-12,Churn
SESS-792593,Acceso y Seguridad,error_login,@soyKitty75,2026-03-13 04:30:06,2,False,1,3,2026-03,Churn
SESS-792639,Gestion de Cuenta,cambio_plan,@soyKitty25,2026-01-01 18:32:46,1,True,0,3,2026-01,Resuelto
SESS-792954,Acceso y Seguridad,error_login,@theMarely71,2026-03-31 11:16:23,1,True,0,3,2026-03,Resuelto
SESS-792985,Soporte Técnico y Despacho,logistica_envio,@soyKitty35,2026-02-14 01:35:59,1,True,0,3,2026-02,Resuelto
SESS-793134,Acceso y Seguridad,error_login,@soyDev37,2026-03-14 10:30:20,2,False,1,3,2026-03,Churn
SESS-793150,Acceso y Seguridad,error_login,@soyMarely39,2026-04-30 12:05:59,2,False,1,3,2026-04,Churn
SESS-793155,Gestion de Cuenta,cambio_plan,@theKitty12,2025-11-12 13:12:24,1,True,0,3,2025-11,Resuelto
SESS-793490,Gestion de Cuenta,cambio_plan,@theDev78,2026-02-16 22:21:00,1,True,0,3,2026-02,Resuelto
SESS-793542,Acceso y Seguridad,error_login,@theMarely10,2026-04-24 19:09:09,2,False,1,3,2026-04,Churn
SESS-793669,Gestion de Cuenta,cambio_plan,@theKitty33,2026-01-10 01:23:48,2,False,1,3,2026-01,Churn
SESS-794368,Acceso y Seguridad,error_login,@soyMarely65,2026-02-04 01:27:08,2,False,1,3,2026-02,Churn
SESS-794603,Facturación y Cobros,problema_pago,@theMarely27,2025-12-26 20:41:48,1,True,0,3,2025-12,Resuelto
SESS-794812,Facturación y Cobros,problema_pago,@theDev47,2026-03-25 15:56:38,2,False,1,3,2026-03,Churn
SESS-794840,Acceso y Seguridad,error_login,@theKitty99,2025-12-31 19:09:28,2,False,1,3,2025-12,Churn
SESS-794886,Acceso y Seguridad,error_login,@soyMarely37,2026-03-17 14:09:16,2,False,1,3,2026-03,Churn
SESS-795133,Soporte Técnico y Despacho,logistica_envio,@theKitty44,2025-11-19 12:10:57,1,True,0,3,2025-11,Resuelto
SESS-795315,Gestion de Cuenta,cambio_plan,@soyMarely35,2025-11-22 14:49:52,1,True,0,3,2025-11,Resuelto
SESS-795317,Soporte Técnico y Despacho,logistica_envio,@theDev52,2025-12-18 13:59:43,1,True,0,3,2025-12,Resuelto
SESS-795491,Facturación y Cobros,problema_pago,@theKitty12,2026-02-24 13:05:38,1,True,0,3,2026-02,Resuelto
SESS-795626,Gestion de Cuenta,cambio_plan,@soyDev68,2026-04-23 17:29:16,1,True,0,3,2026-04,Resuelto
SESS-795638,Soporte Técnico y Despacho,logistica_envio,@soyDev18,2025-11-22 10:20:33,2,False,1,3,2025-11,Churn
SESS-795646,Facturación y Cobros,problema_pago,@soyKitty16,2026-04-12 11:19:46,1,True,0,3,2026-04,Resuelto
SESS-795730,Gestion de Cuenta,cambio_plan,@soyDev14,2026-01-10 23:01:11,2,False,1,3,2026-01,Churn
SESS-795954,Acceso y Seguridad,error_login,@soyMarely12,2025-12-01 07:44:09,1,True,0,3,2025-12,Resuelto
SESS-796067,Soporte Técnico y Despacho,logistica_envio,@soyKitty18,2026-01-31 00:26:58,1,True,0,3,2026-01,Resuelto
SESS-796154,Gestion de Cuenta,cambio_plan,@soyMarely46,2026-04-14 13:04:09,1,True,0,3,2026-04,Resuelto
SESS-796178,Acceso y Seguridad,error_login,@theDev31,2025-11-21 06:47:55,1,True,0,3,2025-11,Resuelto
SESS-796232,Facturación y Cobros,problema_pago,@soyDev96,2025-11-30 18:41:06,1,True,0,3,2025-11,Resuelto
SESS-796721,Gestion de Cuenta,cambio_plan,@theMarely43,2026-03-19 05:34:54,1,True,0,3,2026-03,Resuelto
SESS-796750,Gestion de Cuenta,cambio_plan,@soyKitty23,2026-04-07 22:59:24,1,True,0,3,2026-04,Resuelto
SESS-796852,Gestion de Cuenta,cambio_plan,@soyKitty92,2026-03-28 13:17:35,1,True,0,3,2026-03,Resuelto
SESS-796875,Facturación y Cobros,problema_pago,@theMarely30,2026-03-28 16:28:46,1,True,0,3,2026-03,Resuelto
SESS-796959,Acceso y Seguridad,error_login,@soyMarely76,2026-05-04 13:21:06,1,True,0,3,2026-05,Resuelto
SESS-797013,Soporte Técnico y Despacho,logistica_envio,@soyDev40,2026-04-18 12:38:22,2,False,1,3,2026-04,Churn
SESS-797094,Acceso y Seguridad,error_login,@soyMarely51,2026-02-14 04:39:49,2,False,1,3,2026-02,Churn
SESS-797226,Soporte Técnico y Despacho,logistica_envio,@soyMarely39,2026-03-09 07:10:59,1,True,0,3,2026-03,Resuelto
SESS-797276,Soporte Técnico y Despacho,logistica_envio,@soyMarely25,2026-02-23 15:45:37,1,True,0,3,2026-02,Resuelto
SESS-797329,Gestion de Cuenta,cambio_plan,@theKitty88,2025-11-12 00:38:54,1,True,0,3,2025-11,Resuelto
SESS-797630,Gestion de Cuenta,cambio_plan,@soyKitty65,2025-12-13 21:21:13,2,False,1,3,2025-12,Churn
SESS-797820,Acceso y Seguridad,error_login,@soyDev71,2026-04-12 18:18:25,1,True,0,3,2026-04,Resuelto
SESS-797943,Acceso y Seguridad,error_login,@soyMarely13,2026-02-12 15:39:31,2,False,1,3,2026-02,Churn
SESS-797992,Gestion de Cuenta,cambio_plan,@theMarely21,2026-02-24 15:32:42,2,False,1,3,2026-02,Churn
SESS-798012,Facturación y Cobros,problema_pago,@theDev96,2026-03-24 03:01:24,2,False,1,3,2026-03,Churn
SESS-798019,Soporte Técnico y Despacho,logistica_envio,@theKitty63,2026-02-01 08:56:57,1,True,0,3,2026-02,Resuelto
SESS-798173,Facturación y Cobros,problema_pago,@theDev13,2025-11-20 01:37:10,1,True,0,3,2025-11,Resuelto
SESS-798218,Gestion de Cuenta,cambio_plan,@theMarely23,2026-03-25 23:28:14,2,False,1,3,2026-03,Churn
SESS-798312,Soporte Técnico y Despacho,logistica_envio,@soyMarely94,2026-04-02 13:43:14,1,True,0,3,2026-04,Resuelto
SESS-798364,Acceso y Seguridad,error_login,@soyDev92,2025-12-11 14:02:09,2,False,1,3,2025-12,Churn
SESS-798508,Soporte Técnico y Despacho,logistica_envio,@soyMarely20,2026-02-12 22:40:09,1,True,0,3,2026-02,Resuelto
SESS-798557,Gestion de Cuenta,cambio_plan,@soyDev42,2026-02-04 00:27:10,1,True,0,3,2026-02,Resuelto
SESS-798716,Acceso y Seguridad,error_login,@soyMarely22,2026-05-03 19:07:14,2,False,1,3,2026-05,Churn
SESS-798852,Soporte Técnico y Despacho,logistica_envio,@soyDev82,2026-04-29 08:57:12,1,True,0,3,2026-04,Resuelto
SESS-799083,Soporte Técnico y Despacho,logistica_envio,@theMarely70,2025-12-14 10:14:52,2,False,1,3,2025-12,Churn
SESS-799170,Acceso y Seguridad,error_login,@soyMarely97,2026-03-29 12:14:36,2,False,1,3,2026-03,Churn
SESS-799224,Facturación y Cobros,problema_pago,@theKitty71,2026-02-18 10:44:06,1,True,0,3,2026-02,Resuelto
SESS-799379,Gestion de Cuenta,cambio_plan,@soyKitty21,2026-01-09 21:41:45,1,True,0,3,2026-01,Resuelto
SESS-799584,Facturación y Cobros,problema_pago,@soyMarely78,2026-03-02 00:43:15,1,True,0,3,2026-03,Resuelto
SESS-799940,Soporte Técnico y Despacho,logistica_envio,@theMarely85,2026-01-22 04:09:21,1,True,0,3,2026-01,Resuelto
SESS-799979,Acceso y Seguridad,error_login,@theDev31,2026-03-03 00:51:35,1,True,0,3,2026-03,Resuelto
SESS-800099,Facturación y Cobros,problema_pago,@soyKitty65,2026-02-26 11:55:01,2,False,1,3,2026-02,Churn
SESS-800185,Acceso y Seguridad,error_login,@soyDev43,2026-05-03 21:56:54,1,True,0,3,2026-05,Resuelto
SESS-800242,Acceso y Seguridad,error_login,@theMarely51,2026-01-02 21:37:14,2,False,1,3,2026-01,Churn
SESS-800475,Soporte Técnico y Despacho,logistica_envio,@soyMarely15,2026-01-10 05:19:10,1,True,0,3,2026-01,Resuelto
SESS-800683,Facturación y Cobros,problema_pago,@soyMarely13,2026-04-01 02:18:42,2,False,1,3,2026-04,Churn
SESS-800718,Gestion de Cuenta,cambio_plan,@soyMarely42,2026-04-13 00:52:03,1,True,0,3,2026-04,Resuelto
SESS-800734,Soporte Técnico y Despacho,logistica_envio,@soyMarely49,2026-04-01 18:33:46,2,False,1,3,2026-04,Churn
SESS-800894,Gestion de Cuenta,cambio_plan,@theDev54,2026-01-09 16:38:22,2,False,1,3,2026-01,Churn
SESS-801111,Soporte Técnico y Despacho,logistica_envio,@soyMarely12,2026-05-02 06:41:31,1,True,0,3,2026-05,Resuelto
SESS-801178,Soporte Técnico y Despacho,logistica_envio,@soyKitty25,2026-02-27 23:37:10,1,True,0,3,2026-02,Resuelto
SESS-801313,Facturación y Cobros,problema_pago,@soyKitty52,2026-01-27 03:20:24,2,False,1,3,2026-01,Churn
SESS-801636,Acceso y Seguridad,error_login,@soyKitty25,2025-11-28 15:47:41,2,False,1,3,2025-11,Churn
SESS-801802,Facturación y Cobros,problema_pago,@theKitty73,2025-12-13 07:33:48,1,True,0,3,2025-12,Resuelto
SESS-802021,Gestion de Cuenta,cambio_plan,@theMarely51,2026-03-08 08:37:35,2,False,1,3,2026-03,Churn
SESS-802331,Acceso y Seguridad,error_login,@theKitty87,2026-03-28 21:59:21,1,True,0,3,2026-03,Resuelto
SESS-802355,Soporte Técnico y Despacho,logistica_envio,@soyDev91,2026-01-26 01:27:38,1,True,0,3,2026-01,Resuelto
SESS-802394,Facturación y Cobros,problema_pago,@theDev56,2025-12-03 18:52:43,1,True,0,3,2025-12,Resuelto
SESS-802511,Facturación y Cobros,problema_pago,@soyDev76,2026-04-10 20:05:01,1,True,0,3,2026-04,Resuelto
SESS-802523,Acceso y Seguridad,error_login,@soyMarely35,2025-12-14 11:26:56,1,True,0,6,2025-12,Resuelto
SESS-802642,Facturación y Cobros,problema_pago,@theKitty75,2026-01-12 15:02:36,1,True,0,3,2026-01,Resuelto
SESS-802766,Acceso y Seguridad,error_login,@soyMarely64,2026-03-30 01:15:59,2,False,1,3,2026-03,Churn
SESS-802773,Facturación y Cobros,problema_pago,@soyMarely39,2026-03-04 07:06:12,1,True,0,3,2026-03,Resuelto
SESS-802831,Gestion de Cuenta,cambio_plan,@soyDev30,2026-02-01 20:12:32,1,True,0,3,2026-02,Resuelto
SESS-802911,Facturación y Cobros,problema_pago,@theMarely72,2025-12-17 08:10:15,1,True,0,3,2025-12,Resuelto
SESS-802943,Gestion de Cuenta,cambio_plan,@soyDev58,2026-03-29 23:35:47,2,False,1,3,2026-03,Churn
SESS-803131,Acceso y Seguridad,error_login,@soyMarely44,2025-11-12 03:43:56,1,True,0,3,2025-11,Resuelto
SESS-803805,Gestion de Cuenta,cambio_plan,@soyMarely43,2025-11-30 11:57:01,2,False,1,3,2025-11,Churn
SESS-803885,Acceso y Seguridad,error_login,@soyDev70,2026-02-22 23:42:35,1,True,0,3,2026-02,Resuelto
SESS-804260,Facturación y Cobros,problema_pago,@theKitty75,2026-01-02 12:53:15,1,True,0,3,2026-01,Resuelto
SESS-804482,Gestion de Cuenta,cambio_plan,@theMarely10,2026-05-01 07:12:13,1,True,0,3,2026-05,Resuelto
SESS-804498,Acceso y Seguridad,error_login,@theDev81,2026-02-04 19:32:44,1,True,0,3,2026-02,Resuelto
SESS-804708,Gestion de Cuenta,cambio_plan,@theDev15,2026-02-15 19:19:00,2,False,1,3,2026-02,Churn
SESS-804774,Gestion de Cuenta,cambio_plan,@soyDev63,2026-03-30 05:11:04,1,True,0,3,2026-03,Resuelto
SESS-804823,Soporte Técnico y Despacho,logistica_envio,@soyDev23,2026-02-17 20:38:25,1,True,0,3,2026-02,Resuelto
SESS-805083,Soporte Técnico y Despacho,logistica_envio,@theDev39,2026-02-17 07:02:34,2,False,1,3,2026-02,Churn
SESS-805086,Acceso y Seguridad,error_login,@soyMarely67,2026-01-18 21:39:27,1,True,0,3,2026-01,Resuelto
SESS-805088,Facturación y Cobros,problema_pago,@soyKitty18,2026-02-13 05:06:13,1,True,0,3,2026-02,Resuelto
SESS-805242,Acceso y Seguridad,error_login,@soyKitty14,2026-02-23 05:29:38,1,True,0,3,2026-02,Resuelto
SESS-805466,Facturación y Cobros,problema_pago,@soyDev77,2026-03-05 23:42:33,1,True,0,3,2026-03,Resuelto
SESS-805520,Acceso y Seguridad,error_login,@soyDev56,2025-11-18 18:15:59,1,True,0,3,2025-11,Resuelto
SESS-805551,Facturación y Cobros,problema_pago,@soyDev77,2026-03-05 14:44:27,1,True,0,3,2026-03,Resuelto
SESS-805641,Soporte Técnico y Despacho,logistica_envio,@theDev83,2026-04-30 09:53:46,2,False,1,3,2026-04,Churn
SESS-805809,Gestion de Cuenta,cambio_plan,@soyKitty40,2026-01-08 05:53:55,1,True,0,3,2026-01,Resuelto
SESS-806069,Facturación y Cobros,problema_pago,@soyDev47,2026-01-28 04:49:52,2,False,1,3,2026-01,Churn
SESS-806233,Facturación y Cobros,problema_pago,@theKitty15,2025-11-19 18:54:46,2,False,1,3,2025-11,Churn
SESS-806321,Acceso y Seguridad,error_login,@theKitty51,2025-12-18 17:02:27,2,False,1,3,2025-12,Churn
SESS-806336,Soporte Técnico y Despacho,logistica_envio,@theDev41,2026-04-16 22:42:36,1,True,0,3,2026-04,Resuelto
SESS-806430,Facturación y Cobros,problema_pago,@soyMarely64,2026-03-27 04:28:46,2,False,1,3,2026-03,Churn
SESS-806486,Facturación y Cobros,problema_pago,@soyDev66,2026-03-02 08:03:49,1,True,0,3,2026-03,Resuelto
SESS-806507,Acceso y Seguridad,error_login,@theDev74,2026-01-30 03:30:43,1,True,0,3,2026-01,Resuelto
SESS-806539,Gestion de Cuenta,cambio_plan,@soyDev51,2025-12-30 07:38:32,1,True,0,3,2025-12,Resuelto
SESS-806946,Gestion de Cuenta,cambio_plan,@soyDev82,2026-01-21 05:43:23,1,True,0,3,2026-01,Resuelto
SESS-806947,Gestion de Cuenta,cambio_plan,@soyKitty68,2025-12-09 09:43:06,1,True,0,3,2025-12,Resuelto
SESS-807242,Facturación y Cobros,problema_pago,@theDev97,2025-11-29 19:00:13,1,True,0,3,2025-11,Resuelto
SESS-807376,Soporte Técnico y Despacho,logistica_envio,@soyDev66,2026-01-11 15:16:33,1,True,0,3,2026-01,Resuelto
SESS-807420,Gestion de Cuenta,cambio_plan,@soyMarely70,2026-01-31 03:07:00,1,True,0,3,2026-01,Resuelto
SESS-807424,Acceso y Seguridad,error_login,@soyMarely61,2025-12-01 04:27:13,1,True,0,3,2025-12,Resuelto
SESS-807476,Acceso y Seguridad,error_login,@soyDev27,2026-01-09 13:29:42,1,True,0,3,2026-01,Resuelto
SESS-807595,Facturación y Cobros,problema_pago,@theMarely33,2026-03-31 07:54:46,1,True,0,3,2026-03,Resuelto
SESS-807705,Soporte Técnico y Despacho,logistica_envio,@soyDev24,2026-04-20 13:30:02,1,True,0,3,2026-04,Resuelto
SESS-807776,Soporte Técnico y Despacho,logistica_envio,@theDev82,2026-02-22 22:47:18,1,True,0,3,2026-02,Resuelto
SESS-807949,Facturación y Cobros,problema_pago,@soyMarely97,2026-01-15 06:33:03,1,True,0,3,2026-01,Resuelto
SESS-808066,Facturación y Cobros,problema_pago,@soyKitty86,2025-11-13 11:10:04,2,False,1,3,2025-11,Churn
SESS-808146,Soporte Técnico y Despacho,logistica_envio,@soyMarely72,2026-04-07 12:45:37,1,True,0,3,2026-04,Resuelto
SESS-808229,Acceso y Seguridad,error_login,@soyKitty20,2026-03-11 14:43:24,2,False,1,3,2026-03,Churn
SESS-808271,Soporte Técnico y Despacho,logistica_envio,@theDev43,2026-04-12 19:02:16,2,False,1,3,2026-04,Churn
SESS-808401,Gestion de Cuenta,cambio_plan,@theMarely26,2026-03-09 20:43:04,1,True,0,3,2026-03,Resuelto
SESS-808470,Facturación y Cobros,problema_pago,@soyMarely10,2026-02-04 05:47:02,2,False,1,3,2026-02,Churn
SESS-808474,Soporte Técnico y Despacho,logistica_envio,@theMarely39,2026-05-01 10:07:30,1,True,0,3,2026-05,Resuelto
SESS-808564,Soporte Técnico y Despacho,logistica_envio,@soyDev35,2026-03-06 09:11:29,2,False,1,3,2026-03,Churn
SESS-808819,Facturación y Cobros,problema_pago,@soyMarely58,2026-05-06 23:27:41,1,True,0,3,2026-05,Resuelto
SESS-809019,Gestion de Cuenta,cambio_plan,@soyDev55,2026-03-30 18:36:55,2,False,1,3,2026-03,Churn
SESS-809139,Soporte Técnico y Despacho,logistica_envio,@theMarely66,2026-02-23 17:32:54,2,False,1,3,2026-02,Churn
SESS-809263,Soporte Técnico y Despacho,logistica_envio,@theMarely90,2025-11-24 00:31:40,2,False,1,3,2025-11,Churn
SESS-809560,Acceso y Seguridad,error_login,@soyMarely85,2026-01-08 20:56:43,1,True,0,3,2026-01,Resuelto
SESS-809695,Gestion de Cuenta,cambio_plan,@soyKitty78,2026-02-19 23:36:22,1,True,0,3,2026-02,Resuelto
SESS-809697,Facturación y Cobros,problema_pago,@theKitty81,2026-04-05 09:31:34,1,True,0,3,2026-04,Resuelto
SESS-809778,Acceso y Seguridad,error_login,@theKitty47,2025-11-22 20:26:36,1,True,0,3,2025-11,Resuelto
SESS-809818,Soporte Técnico y Despacho,logistica_envio,@soyKitty26,2025-12-15 13:03:50,1,True,0,3,2025-12,Resuelto
SESS-809853,Soporte Técnico y Despacho,logistica_envio,@theMarely93,2026-01-19 20:05:54,1,True,0,3,2026-01,Resuelto
SESS-809905,Facturación y Cobros,problema_pago,@theKitty91,2025-12-01 04:16:51,1,True,0,3,2025-12,Resuelto
SESS-809908,Gestion de Cuenta,cambio_plan,@theMarely56,2026-04-25 13:57:49,1,True,0,3,2026-04,Resuelto
SESS-810049,Acceso y Seguridad,error_login,@theKitty76,2026-04-25 00:49:00,1,True,0,3,2026-04,Resuelto
SESS-810335,Facturación y Cobros,problema_pago,@soyKitty13,2025-12-02 12:12:42,2,False,1,3,2025-12,Churn
SESS-810501,Soporte Técnico y Despacho,logistica_envio,@theDev12,2026-02-07 07:13:27,1,True,0,3,2026-02,Resuelto
SESS-810881,Acceso y Seguridad,error_login,@soyDev30,2026-01-31 05:56:27,2,False,1,3,2026-01,Churn
SESS-811028,Facturación y Cobros,problema_pago,@soyDev49,2025-11-26 00:27:29,2,False,1,3,2025-11,Churn
SESS-811236,Gestion de Cuenta,cambio_plan,@theKitty73,2026-02-21 18:21:29,1,True,0,3,2026-02,Resuelto
SESS-811620,Acceso y Seguridad,error_login,@soyMarely29,2025-11-23 12:10:22,1,True,0,3,2025-11,Resuelto
SESS-812331,Facturación y Cobros,problema_pago,@soyMarely86,2026-02-17 14:17:20,1,True,0,3,2026-02,Resuelto
SESS-812359,Gestion de Cuenta,cambio_plan,@soyKitty84,2026-01-17 22:57:19,1,True,0,3,2026-01,Resuelto
SESS-812614,Facturación y Cobros,problema_pago,@soyKitty30,2025-11-10 15:59:25,1,True,0,3,2025-11,Resuelto
SESS-812805,Gestion de Cuenta,cambio_plan,@theDev33,2026-02-17 12:18:31,2,False,1,3,2026-02,Churn
SESS-812952,Acceso y Seguridad,error_login,@soyMarely93,2026-02-09 23:26:55,2,False,1,3,2026-02,Churn
SESS-813002,Facturación y Cobros,problema_pago,@soyDev97,2025-11-16 10:34:53,1,True,0,3,2025-11,Resuelto
SESS-813106,Acceso y Seguridad,error_login,@soyKitty44,2026-02-06 14:31:12,2,False,1,3,2026-02,Churn
SESS-813251,Soporte Técnico y Despacho,logistica_envio,@theMarely58,2026-01-27 23:21:04,1,True,0,3,2026-01,Resuelto
SESS-813353,Acceso y Seguridad,error_login,@theKitty48,2026-04-23 11:16:22,1,True,0,3,2026-04,Resuelto
SESS-813411,Facturación y Cobros,problema_pago,@soyKitty78,2025-12-25 22:38:38,2,False,1,3,2025-12,Churn
SESS-813472,Soporte Técnico y Despacho,logistica_envio,@soyDev82,2026-04-26 14:48:16,1,True,0,3,2026-04,Resuelto
SESS-813642,Facturación y Cobros,problema_pago,@theMarely42,2026-02-05 01:47:02,2,False,1,3,2026-02,Churn
SESS-813837,Gestion de Cuenta,cambio_plan,@soyDev64,2026-03-09 03:45:33,2,False,1,3,2026-03,Churn
SESS-814002,Acceso y Seguridad,error_login,@soyMarely14,2025-11-15 08:34:01,2,False,1,3,2025-11,Churn
SESS-814066,Acceso y Seguridad,error_login,@theKitty60,2026-01-29 09:12:16,1,True,0,3,2026-01,Resuelto
SESS-814073,Facturación y Cobros,problema_pago,@theKitty34,2026-05-04 12:06:14,2,False,1,3,2026-05,Churn
SESS-814182,Facturación y Cobros,problema_pago,@soyMarely60,2026-02-09 22:52:43,1,True,0,3,2026-02,Resuelto
SESS-814223,Acceso y Seguridad,error_login,@theKitty20,2025-12-02 15:05:04,1,True,0,3,2025-12,Resuelto
SESS-814292,Gestion de Cuenta,cambio_plan,@theKitty65,2026-04-07 07:18:42,2,False,1,3,2026-04,Churn
SESS-814405,Gestion de Cuenta,cambio_plan,@soyDev95,2025-11-28 16:28:01,1,True,0,3,2025-11,Resuelto
SESS-814418,Gestion de Cuenta,cambio_plan,@theMarely26,2026-03-22 06:19:22,2,False,1,3,2026-03,Churn
SESS-814431,Soporte Técnico y Despacho,logistica_envio,@theKitty23,2025-12-25 12:28:26,2,False,1,3,2025-12,Churn
SESS-814627,Soporte Técnico y Despacho,logistica_envio,@soyKitty45,2026-02-23 03:03:22,1,True,0,3,2026-02,Resuelto
SESS-814723,Gestion de Cuenta,cambio_plan,@soyKitty46,2025-12-25 17:01:06,1,True,0,3,2025-12,Resuelto
SESS-815028,Acceso y Seguridad,error_login,@theMarely79,2026-04-11 21:50:20,2,False,1,3,2026-04,Churn
SESS-815104,Acceso y Seguridad,error_login,@theMarely19,2025-12-05 05:16:46,1,True,0,3,2025-12,Resuelto
SESS-815379,Soporte Técnico y Despacho,logistica_envio,@soyKitty98,2026-03-29 22:14:35,1,True,0,3,2026-03,Resuelto
SESS-815564,Acceso y Seguridad,error_login,@theDev23,2026-04-27 23:33:44,1,True,0,3,2026-04,Resuelto
SESS-815599,Soporte Técnico y Despacho,logistica_envio,@theKitty13,2025-12-13 05:40:23,1,True,0,3,2025-12,Resuelto
SESS-815621,Facturación y Cobros,problema_pago,@soyKitty82,2025-11-21 16:56:36,1,True,0,3,2025-11,Resuelto
SESS-815823,Acceso y Seguridad,error_login,@soyDev67,2026-01-04 04:02:34,1,True,0,3,2026-01,Resuelto
SESS-815896,Soporte Técnico y Despacho,logistica_envio,@soyDev17,2026-04-27 07:23:49,1,True,0,3,2026-04,Resuelto
SESS-816122,Soporte Técnico y Despacho,logistica_envio,@soyKitty10,2026-02-10 03:37:50,2,False,1,3,2026-02,Churn
SESS-816174,Gestion de Cuenta,cambio_plan,@soyKitty59,2026-04-22 05:15:06,2,False,1,3,2026-04,Churn
SESS-816419,Acceso y Seguridad,error_login,@soyKitty32,2026-01-12 17:11:43,2,False,1,3,2026-01,Churn
SESS-816427,Facturación y Cobros,problema_pago,@soyKitty64,2026-01-09 18:09:24,2,False,1,3,2026-01,Churn
SESS-816695,Acceso y Seguridad,error_login,@theMarely54,2026-04-13 16:40:07,1,True,0,3,2026-04,Resuelto
SESS-817007,Gestion de Cuenta,cambio_plan,@theKitty27,2026-01-04 16:22:51,1,True,0,3,2026-01,Resuelto
SESS-817116,Acceso y Seguridad,error_login,@soyMarely28,2025-11-23 13:12:58,2,False,1,3,2025-11,Churn
SESS-817154,Soporte Técnico y Despacho,logistica_envio,@soyKitty48,2025-12-26 10:41:09,1,True,0,3,2025-12,Resuelto
SESS-817265,Gestion de Cuenta,cambio_plan,@theKitty29,2026-04-16 07:47:01,1,True,0,3,2026-04,Resuelto
SESS-817279,Acceso y Seguridad,error_login,@theMarely12,2025-12-06 03:48:16,2,False,1,3,2025-12,Churn
SESS-817649,Facturación y Cobros,problema_pago,@theDev88,2026-01-14 09:03:45,2,False,1,3,2026-01,Churn
SESS-817692,Gestion de Cuenta,cambio_plan,@theMarely87,2026-01-13 22:20:03,1,True,0,3,2026-01,Resuelto
SESS-817708,Facturación y Cobros,problema_pago,@theMarely98,2026-04-25 03:54:55,1,True,0,3,2026-04,Resuelto
SESS-817852,Soporte Técnico y Despacho,logistica_envio,@theMarely73,2026-04-28 13:02:56,1,True,0,3,2026-04,Resuelto
SESS-817854,Acceso y Seguridad,error_login,@theDev16,2025-12-07 02:17:30,2,False,1,3,2025-12,Churn
SESS-817965,Soporte Técnico y Despacho,logistica_envio,@theKitty14,2026-01-17 10:07:05,1,True,0,3,2026-01,Resuelto
SESS-818061,Soporte Técnico y Despacho,logistica_envio,@theKitty91,2025-12-16 06:00:16,1,True,0,3,2025-12,Resuelto
SESS-818147,Soporte Técnico y Despacho,logistica_envio,@soyMarely57,2025-11-08 10:04:38,1,True,0,3,2025-11,Resuelto
SESS-818529,Gestion de Cuenta,cambio_plan,@theKitty31,2026-02-15 09:50:32,1,True,0,3,2026-02,Resuelto
SESS-818719,Facturación y Cobros,problema_pago,@theKitty67,2026-04-14 22:32:53,1,True,0,3,2026-04,Resuelto
SESS-818892,Facturación y Cobros,problema_pago,@theMarely92,2025-12-11 04:18:16,1,True,0,3,2025-12,Resuelto
SESS-818925,Acceso y Seguridad,error_login,@theMarely17,2026-04-14 13:12:45,1,True,0,3,2026-04,Resuelto
SESS-819072,Facturación y Cobros,problema_pago,@soyKitty10,2026-01-08 07:13:32,1,True,0,3,2026-01,Resuelto
SESS-819306,Gestion de Cuenta,cambio_plan,@soyMarely38,2026-02-27 21:07:42,1,True,0,3,2026-02,Resuelto
SESS-819336,Facturación y Cobros,problema_pago,@theKitty95,2026-02-25 17:55:12,1,True,0,3,2026-02,Resuelto
SESS-819347,Facturación y Cobros,problema_pago,@theMarely30,2025-11-28 03:28:31,1,True,0,3,2025-11,Resuelto
SESS-819569,Acceso y Seguridad,error_login,@theKitty55,2025-12-01 22:11:03,1,True,0,3,2025-12,Resuelto
SESS-819861,Acceso y Seguridad,error_login,@soyKitty46,2025-11-30 08:00:54,1,True,0,3,2025-11,Resuelto
SESS-820016,Acceso y Seguridad,error_login,@soyKitty59,2026-04-13 12:52:08,2,False,1,3,2026-04,Churn
SESS-820111,Gestion de Cuenta,cambio_plan,@soyDev49,2026-04-07 19:33:46,1,True,0,3,2026-04,Resuelto
SESS-820223,Gestion de Cuenta,cambio_plan,@soyDev51,2026-04-11 23:12:49,1,True,0,3,2026-04,Resuelto
SESS-820240,Acceso y Seguridad,error_login,@theDev21,2025-11-10 12:43:59,1,True,0,3,2025-11,Resuelto
SESS-820447,Soporte Técnico y Despacho,logistica_envio,@theMarely41,2025-12-13 15:34:18,1,True,0,3,2025-12,Resuelto
SESS-820556,Facturación y Cobros,problema_pago,@theDev60,2026-02-06 22:00:54,2,False,1,3,2026-02,Churn
SESS-820584,Facturación y Cobros,problema_pago,@theDev21,2026-01-05 05:44:24,1,True,0,3,2026-01,Resuelto
SESS-820723,Acceso y Seguridad,error_login,@theDev26,2025-12-11 18:14:44,2,False,1,3,2025-12,Churn
SESS-820927,Facturación y Cobros,problema_pago,@soyKitty85,2025-12-14 02:33:27,1,True,0,3,2025-12,Resuelto
SESS-821405,Facturación y Cobros,problema_pago,@soyMarely33,2026-03-15 18:26:31,2,False,1,3,2026-03,Churn
SESS-821448,Soporte Técnico y Despacho,logistica_envio,@soyDev42,2026-02-14 19:31:08,2,False,1,3,2026-02,Churn
SESS-821640,Gestion de Cuenta,cambio_plan,@theKitty24,2026-01-30 05:25:37,1,True,0,3,2026-01,Resuelto
SESS-821651,Gestion de Cuenta,cambio_plan,@soyDev84,2026-03-26 16:41:06,2,False,1,3,2026-03,Churn
SESS-821682,Soporte Técnico y Despacho,logistica_envio,@soyKitty82,2026-01-12 15:56:34,2,False,1,3,2026-01,Churn
SESS-821746,Gestion de Cuenta,cambio_plan,@soyDev29,2026-04-12 06:48:42,2,False,1,3,2026-04,Churn
SESS-821760,Soporte Técnico y Despacho,logistica_envio,@theKitty35,2026-04-07 05:16:25,1,True,0,3,2026-04,Resuelto
SESS-821898,Soporte Técnico y Despacho,logistica_envio,@theKitty17,2026-04-12 18:59:37,1,True,0,3,2026-04,Resuelto
SESS-821978,Acceso y Seguridad,error_login,@soyDev23,2026-01-28 01:58:24,1,True,0,3,2026-01,Resuelto
SESS-821995,Acceso y Seguridad,error_login,@theMarely42,2026-01-05 06:42:51,1,True,0,3,2026-01,Resuelto
SESS-822149,Soporte Técnico y Despacho,logistica_envio,@soyDev83,2026-01-30 07:08:51,1,True,0,3,2026-01,Resuelto
SESS-822165,Soporte Técnico y Despacho,logistica_envio,@theKitty29,2026-03-07 22:24:18,1,True,0,3,2026-03,Resuelto
SESS-822353,Gestion de Cuenta,cambio_plan,@theDev62,2026-03-01 05:25:42,1,True,0,3,2026-03,Resuelto
SESS-822507,Facturación y Cobros,problema_pago,@soyKitty57,2026-05-02 22:06:39,1,True,0,3,2026-05,Resuelto
SESS-822525,Soporte Técnico y Despacho,logistica_envio,@soyKitty95,2026-05-01 08:13:37,2,False,1,3,2026-05,Churn
SESS-822818,Gestion de Cuenta,cambio_plan,@soyKitty34,2026-02-07 04:33:44,2,False,1,3,2026-02,Churn
SESS-822956,Soporte Técnico y Despacho,logistica_envio,@soyKitty92,2026-05-03 16:21:13,2,False,1,3,2026-05,Churn
SESS-823341,Soporte Técnico y Despacho,logistica_envio,@theDev64,2026-03-21 18:04:01,1,True,0,3,2026-03,Resuelto
SESS-823361,Facturación y Cobros,problema_pago,@soyKitty46,2026-02-28 13:15:45,1,True,0,3,2026-02,Resuelto
SESS-823564,Gestion de Cuenta,cambio_plan,@theKitty27,2025-12-28 23:05:07,1,True,0,3,2025-12,Resuelto
SESS-823713,Gestion de Cuenta,cambio_plan,@theMarely62,2025-12-29 21:22:12,2,False,1,3,2025-12,Churn
SESS-823733,Gestion de Cuenta,cambio_plan,@theDev57,2025-12-23 19:27:36,1,True,0,3,2025-12,Resuelto
SESS-824006,Acceso y Seguridad,error_login,@soyKitty27,2026-04-04 07:26:23,2,False,1,3,2026-04,Churn
SESS-824093,Facturación y Cobros,problema_pago,@soyKitty23,2026-01-24 17:08:50,2,False,1,3,2026-01,Churn
SESS-824125,Gestion de Cuenta,cambio_plan,@theMarely31,2025-12-15 11:18:11,1,True,0,3,2025-12,Resuelto
SESS-824432,Gestion de Cuenta,cambio_plan,@theKitty70,2026-02-07 07:38:32,1,True,0,3,2026-02,Resuelto
SESS-824455,Facturación y Cobros,problema_pago,@theKitty21,2025-11-25 08:57:30,2,False,1,3,2025-11,Churn
SESS-824569,Facturación y Cobros,problema_pago,@soyMarely51,2026-01-11 21:46:44,1,True,0,3,2026-01,Resuelto
SESS-824868,Soporte Técnico y Despacho,logistica_envio,@soyMarely50,2025-12-14 14:18:37,2,False,1,3,2025-12,Churn
SESS-824901,Acceso y Seguridad,error_login,@theDev27,2026-03-04 16:53:38,2,False,1,3,2026-03,Churn
SESS-825035,Acceso y Seguridad,error_login,@theKitty88,2026-02-25 11:27:13,2,False,1,3,2026-02,Churn
SESS-825520,Facturación y Cobros,problema_pago,@theKitty32,2026-02-24 17:43:19,2,False,1,3,2026-02,Churn
SESS-825534,Gestion de Cuenta,cambio_plan,@theKitty94,2025-11-11 07:52:01,2,False,1,3,2025-11,Churn
SESS-825546,Acceso y Seguridad,error_login,@theDev24,2025-11-30 10:43:16,1,True,0,3,2025-11,Resuelto
SESS-825561,Gestion de Cuenta,cambio_plan,@soyDev72,2026-03-28 19:09:48,1,True,0,3,2026-03,Resuelto
SESS-825582,Gestion de Cuenta,cambio_plan,@soyDev29,2025-12-30 13:39:26,2,False,1,3,2025-12,Churn
SESS-825645,Gestion de Cuenta,cambio_plan,@theKitty26,2026-01-16 13:18:43,1,True,0,3,2026-01,Resuelto
SESS-825784,Gestion de Cuenta,cambio_plan,@soyMarely97,2026-01-12 07:31:02,1,True,0,3,2026-01,Resuelto
SESS-825933,Soporte Técnico y Despacho,logistica_envio,@theMarely51,2025-12-23 18:13:07,1,True,0,3,2025-12,Resuelto
SESS-826007,Facturación y Cobros,problema_pago,@theMarely60,2025-12-27 12:56:56,1,True,0,3,2025-12,Resuelto
SESS-826168,Gestion de Cuenta,cambio_plan,@soyKitty79,2026-04-30 04:49:29,2,False,1,3,2026-04,Churn
SESS-826193,Facturación y Cobros,problema_pago,@theDev72,2026-02-18 22:43:41,2,False,1,3,2026-02,Churn
SESS-826248,Soporte Técnico y Despacho,logistica_envio,@theMarely21,2026-03-11 09:09:46,1,True,0,3,2026-03,Resuelto
SESS-826658,Acceso y Seguridad,error_login,@theMarely61,2026-04-09 18:57:25,1,True,0,3,2026-04,Resuelto
SESS-826790,Acceso y Seguridad,error_login,@soyKitty78,2025-11-14 00:54:50,1,True,0,3,2025-11,Resuelto
SESS-826803,Acceso y Seguridad,error_login,@theMarely53,2025-12-31 18:53:25,1,True,0,3,2025-12,Resuelto
SESS-826945,Gestion de Cuenta,cambio_plan,@theDev27,2026-01-22 20:28:12,2,False,1,3,2026-01,Churn
SESS-826982,Acceso y Seguridad,error_login,@theKitty57,2026-03-09 12:18:27,2,False,1,3,2026-03,Churn
SESS-827018,Acceso y Seguridad,error_login,@soyMarely30,2026-05-03 17:54:09,1,True,0,3,2026-05,Resuelto
SESS-827156,Acceso y Seguridad,error_login,@soyKitty61,2026-05-06 16:21:52,1,True,0,3,2026-05,Resuelto
SESS-827420,Gestion de Cuenta,cambio_plan,@soyMarely45,2025-12-18 05:42:07,1,True,0,3,2025-12,Resuelto
SESS-827520,Facturación y Cobros,problema_pago,@theMarely85,2026-03-22 02:41:57,1,True,0,3,2026-03,Resuelto
SESS-827599,Soporte Técnico y Despacho,logistica_envio,@soyDev90,2026-04-25 03:10:24,1,True,0,3,2026-04,Resuelto
SESS-827655,Soporte Técnico y Despacho,logistica_envio,@soyDev98,2026-02-21 16:41:52,1,True,0,3,2026-02,Resuelto
SESS-827773,Facturación y Cobros,problema_pago,@soyDev16,2026-01-28 09:06:13,1,True,0,3,2026-01,Resuelto
SESS-827789,Acceso y Seguridad,error_login,@soyDev97,2026-03-30 13:43:12,1,True,0,3,2026-03,Resuelto
SESS-827981,Soporte Técnico y Despacho,logistica_envio,@soyMarely30,2025-11-23 07:56:25,1,True,0,3,2025-11,Resuelto
SESS-828231,Acceso y Seguridad,error_login,@theKitty60,2025-12-03 20:58:52,1,True,0,3,2025-12,Resuelto
SESS-828622,Gestion de Cuenta,cambio_plan,@theKitty59,2026-04-16 11:30:29,1,True,0,3,2026-04,Resuelto
SESS-828663,Acceso y Seguridad,error_login,@soyDev12,2025-12-14 13:38:49,2,False,1,3,2025-12,Churn
SESS-828823,Facturación y Cobros,problema_pago,@theDev82,2026-02-06 22:45:14,2,False,1,3,2026-02,Churn
SESS-828998,Gestion de Cuenta,cambio_plan,@soyDev34,2026-04-12 01:10:30,2,False,1,3,2026-04,Churn
SESS-829413,Gestion de Cuenta,cambio_plan,@theKitty61,2026-03-06 20:57:46,2,False,1,3,2026-03,Churn
SESS-829448,Acceso y Seguridad,error_login,@theDev88,2026-01-05 18:52:21,2,False,1,3,2026-01,Churn
SESS-829573,Facturación y Cobros,problema_pago,@soyDev51,2026-02-12 22:38:11,2,False,1,3,2026-02,Churn
SESS-829691,Soporte Técnico y Despacho,logistica_envio,@soyDev32,2025-12-09 14:09:16,1,True,0,3,2025-12,Resuelto
SESS-829873,Soporte Técnico y Despacho,logistica_envio,@theMarely77,2025-12-16 12:30:50,1,True,0,3,2025-12,Resuelto
SESS-829926,Acceso y Seguridad,error_login,@soyDev65,2026-01-07 22:44:07,1,True,0,3,2026-01,Resuelto
SESS-830018,Acceso y Seguridad,error_login,@theMarely38,2025-12-19 19:23:40,1,True,0,3,2025-12,Resuelto
SESS-830105,Gestion de Cuenta,cambio_plan,@soyDev80,2026-05-06 13:45:24,1,True,0,3,2026-05,Resuelto
SESS-830230,Acceso y Seguridad,error_login,@theMarely39,2026-03-17 14:49:38,1,True,0,3,2026-03,Resuelto
SESS-830267,Facturación y Cobros,problema_pago,@soyDev20,2025-12-16 03:01:28,2,False,1,3,2025-12,Churn
SESS-830270,Gestion de Cuenta,cambio_plan,@soyKitty57,2026-01-31 20:55:05,1,True,0,3,2026-01,Resuelto
SESS-830419,Soporte Técnico y Despacho,logistica_envio,@theKitty65,2025-11-20 02:15:15,1,True,0,3,2025-11,Resuelto
SESS-830457,Gestion de Cuenta,cambio_plan,@soyMarely15,2026-04-20 15:10:33,1,True,0,3,2026-04,Resuelto
SESS-830591,Acceso y Seguridad,error_login,@theMarely67,2026-01-23 11:21:02,1,True,0,3,2026-01,Resuelto
SESS-830740,Facturación y Cobros,problema_pago,@soyDev71,2026-01-23 06:06:28,2,False,1,3,2026-01,Churn
SESS-830882,Acceso y Seguridad,error_login,@theKitty16,2025-11-30 08:02:41,1,True,0,3,2025-11,Resuelto
SESS-830896,Facturación y Cobros,problema_pago,@soyDev68,2026-03-27 01:59:39,2,False,1,3,2026-03,Churn
SESS-830959,Gestion de Cuenta,cambio_plan,@theMarely36,2026-03-18 06:59:42,2,False,1,3,2026-03,Churn
SESS-831233,Acceso y Seguridad,error_login,@theMarely95,2026-02-09 20:27:01,1,True,0,3,2026-02,Resuelto
SESS-831235,Acceso y Seguridad,error_login,@soyKitty47,2025-11-17 20:05:23,1,True,0,3,2025-11,Resuelto
SESS-831386,Gestion de Cuenta,cambio_plan,@soyMarely46,2026-02-07 16:57:35,1,True,0,3,2026-02,Resuelto
SESS-831441,Acceso y Seguridad,error_login,@theDev18,2025-11-08 13:27:22,1,True,0,3,2025-11,Resuelto
SESS-831569,Gestion de Cuenta,cambio_plan,@theMarely51,2025-12-24 06:05:53,1,True,0,3,2025-12,Resuelto
SESS-831674,Facturación y Cobros,problema_pago,@soyMarely83,2025-12-22 21:31:01,2,False,1,3,2025-12,Churn
SESS-831715,Soporte Técnico y Despacho,logistica_envio,@theKitty36,2026-04-09 18:29:21,1,True,0,3,2026-04,Resuelto
SESS-832026,Facturación y Cobros,problema_pago,@theMarely96,2026-01-14 15:47:55,1,True,0,3,2026-01,Resuelto
SESS-832101,Soporte Técnico y Despacho,logistica_envio,@theKitty72,2026-04-26 11:42:23,2,False,1,3,2026-04,Churn
SESS-832126,Soporte Técnico y Despacho,logistica_envio,@theMarely95,2026-03-31 18:55:17,1,True,0,3,2026-03,Resuelto
SESS-832357,Gestion de Cuenta,cambio_plan,@theMarely74,2025-11-15 15:34:48,1,True,0,3,2025-11,Resuelto
SESS-832520,Acceso y Seguridad,error_login,@theMarely50,2026-01-13 11:12:49,1,True,0,3,2026-01,Resuelto
SESS-832731,Acceso y Seguridad,error_login,@soyMarely33,2026-05-06 10:50:15,1,True,0,3,2026-05,Resuelto
SESS-833045,Soporte Técnico y Despacho,logistica_envio,@theMarely93,2026-04-23 09:53:17,2,False,1,3,2026-04,Churn
SESS-833098,Soporte Técnico y Despacho,logistica_envio,@theDev20,2025-11-13 13:25:03,2,False,1,3,2025-11,Churn
SESS-833147,Acceso y Seguridad,error_login,@soyKitty99,2025-11-22 03:36:31,1,True,0,3,2025-11,Resuelto
SESS-833332,Soporte Técnico y Despacho,logistica_envio,@theMarely69,2026-04-06 17:05:50,1,True,0,3,2026-04,Resuelto
SESS-833359,Soporte Técnico y Despacho,logistica_envio,@soyKitty78,2025-11-14 04:45:42,2,False,1,3,2025-11,Churn
SESS-833433,Acceso y Seguridad,error_login,@soyKitty46,2025-11-12 07:57:51,1,True,0,3,2025-11,Resuelto
SESS-833445,Soporte Técnico y Despacho,logistica_envio,@theKitty32,2026-02-17 00:15:42,1,True,0,3,2026-02,Resuelto
SESS-833636,Acceso y Seguridad,error_login,@soyDev56,2026-03-11 03:18:38,1,True,0,3,2026-03,Resuelto
SESS-833676,Facturación y Cobros,problema_pago,@theDev39,2025-11-18 04:13:52,1,True,0,3,2025-11,Resuelto
SESS-833748,Facturación y Cobros,problema_pago,@theMarely75,2026-02-24 07:31:20,2,False,1,3,2026-02,Churn
SESS-833814,Acceso y Seguridad,error_login,@soyKitty11,2026-05-06 20:25:57,1,True,0,3,2026-05,Resuelto
SESS-833957,Acceso y Seguridad,error_login,@theMarely91,2026-02-22 16:42:10,1,True,0,3,2026-02,Resuelto
SESS-834051,Facturación y Cobros,problema_pago,@theDev85,2025-12-06 08:06:10,2,False,1,3,2025-12,Churn
SESS-834093,Acceso y Seguridad,error_login,@theDev96,2026-05-03 03:26:09,1,True,0,3,2026-05,Resuelto
SESS-834569,Soporte Técnico y Despacho,logistica_envio,@theMarely31,2026-02-19 18:34:46,1,True,0,3,2026-02,Resuelto
SESS-834606,Acceso y Seguridad,error_login,@soyMarely52,2026-04-24 13:30:50,2,False,1,3,2026-04,Churn
SESS-834642,Gestion de Cuenta,cambio_plan,@theKitty80,2026-04-17 12:17:17,1,True,0,3,2026-04,Resuelto
SESS-834901,Gestion de Cuenta,cambio_plan,@theMarely47,2025-12-23 00:25:37,1,True,0,3,2025-12,Resuelto
SESS-835255,Gestion de Cuenta,cambio_plan,@soyKitty25,2025-11-26 19:11:55,2,False,1,3,2025-11,Churn
SESS-835269,Gestion de Cuenta,cambio_plan,@theDev35,2026-03-08 15:30:09,1,True,0,3,2026-03,Resuelto
SESS-835279,Gestion de Cuenta,cambio_plan,@theDev19,2025-11-10 10:22:08,2,False,1,3,2025-11,Churn
SESS-835286,Acceso y Seguridad,error_login,@theKitty58,2025-11-30 20:30:07,1,True,0,3,2025-11,Resuelto
SESS-835425,Soporte Técnico y Despacho,logistica_envio,@theDev47,2026-04-13 08:49:23,1,True,0,3,2026-04,Resuelto
SESS-835509,Soporte Técnico y Despacho,logistica_envio,@theMarely60,2026-01-22 04:31:45,1,True,0,3,2026-01,Resuelto
SESS-835654,Soporte Técnico y Despacho,logistica_envio,@theDev15,2026-01-19 15:17:33,1,True,0,3,2026-01,Resuelto
SESS-835799,Facturación y Cobros,problema_pago,@soyMarely26,2026-03-01 21:16:09,1,True,0,3,2026-03,Resuelto
SESS-836158,Acceso y Seguridad,error_login,@theKitty50,2026-03-22 09:07:05,2,False,1,3,2026-03,Churn
SESS-836172,Soporte Técnico y Despacho,logistica_envio,@theMarely37,2026-04-24 17:57:20,1,True,0,3,2026-04,Resuelto
SESS-836562,Facturación y Cobros,problema_pago,@soyMarely60,2026-01-24 19:10:13,1,True,0,3,2026-01,Resuelto
SESS-836774,Gestion de Cuenta,cambio_plan,@soyKitty67,2026-04-25 09:32:43,2,False,1,3,2026-04,Churn
SESS-837186,Facturación y Cobros,problema_pago,@soyMarely86,2025-12-27 06:11:18,2,False,1,3,2025-12,Churn
SESS-837242,Acceso y Seguridad,error_login,@soyDev71,2026-03-08 01:33:52,1,True,0,3,2026-03,Resuelto
SESS-837368,Gestion de Cuenta,cambio_plan,@soyMarely95,2026-02-20 12:04:19,2,False,1,3,2026-02,Churn
SESS-837399,Acceso y Seguridad,error_login,@soyMarely10,2026-03-04 01:11:25,2,False,1,3,2026-03,Churn
SESS-837539,Acceso y Seguridad,error_login,@soyDev46,2026-01-08 12:31:55,2,False,1,3,2026-01,Churn
SESS-837557,Soporte Técnico y Despacho,logistica_envio,@theKitty82,2026-01-02 22:46:12,1,True,0,3,2026-01,Resuelto
SESS-837694,Acceso y Seguridad,error_login,@theKitty96,2026-04-24 05:40:01,1,True,0,3,2026-04,Resuelto
SESS-837708,Gestion de Cuenta,cambio_plan,@soyMarely32,2026-03-20 03:23:42,1,True,0,3,2026-03,Resuelto
SESS-837782,Acceso y Seguridad,error_login,@soyMarely84,2026-02-24 13:13:29,1,True,0,3,2026-02,Resuelto
SESS-838063,Acceso y Seguridad,error_login,@soyDev58,2025-11-17 15:49:14,1,True,0,3,2025-11,Resuelto
SESS-838770,Gestion de Cuenta,cambio_plan,@theMarely69,2026-03-17 02:49:43,2,False,1,3,2026-03,Churn
SESS-838929,Gestion de Cuenta,cambio_plan,@soyDev21,2025-11-11 03:15:15,1,True,0,3,2025-11,Resuelto
SESS-839099,Gestion de Cuenta,cambio_plan,@theDev93,2026-01-12 07:11:46,1,True,0,3,2026-01,Resuelto
SESS-839104,Soporte Técnico y Despacho,logistica_envio,@soyMarely81,2026-03-27 03:52:54,1,True,0,3,2026-03,Resuelto
SESS-839105,Gestion de Cuenta,cambio_plan,@soyKitty80,2026-02-07 07:29:14,1,True,0,3,2026-02,Resuelto
SESS-839180,Soporte Técnico y Despacho,logistica_envio,@soyDev85,2025-12-03 04:02:22,1,True,0,3,2025-12,Resuelto
SESS-839295,Facturación y Cobros,problema_pago,@theMarely64,2025-11-24 14:33:13,2,False,1,3,2025-11,Churn
SESS-839323,Facturación y Cobros,problema_pago,@theDev41,2026-03-27 07:29:25,2,False,1,3,2026-03,Churn
SESS-839413,Facturación y Cobros,problema_pago,@theDev11,2026-03-15 12:42:16,1,True,0,3,2026-03,Resuelto
SESS-839450,Facturación y Cobros,problema_pago,@theDev97,2025-11-21 00:31:36,1,True,0,3,2025-11,Resuelto
SESS-839541,Acceso y Seguridad,error_login,@theKitty24,2025-12-04 06:24:13,2,False,1,3,2025-12,Churn
SESS-839731,Soporte Técnico y Despacho,logistica_envio,@soyKitty68,2025-11-27 06:48:39,2,False,1,3,2025-11,Churn
SESS-839942,Facturación y Cobros,problema_pago,@soyMarely11,2026-01-28 02:46:24,2,False,1,3,2026-01,Churn
SESS-839990,Soporte Técnico y Despacho,logistica_envio,@soyMarely85,2025-11-10 22:47:07,2,False,1,3,2025-11,Churn
SESS-840053,Facturación y Cobros,problema_pago,@soyMarely82,2026-02-18 10:44:25,2,False,1,3,2026-02,Churn
SESS-840132,Acceso y Seguridad,error_login,@soyDev89,2026-01-24 07:34:30,2,False,1,3,2026-01,Churn
SESS-840234,Acceso y Seguridad,error_login,@theKitty93,2025-11-18 15:10:48,1,True,0,3,2025-11,Resuelto
SESS-840297,Facturación y Cobros,problema_pago,@theKitty63,2025-11-28 21:38:44,1,True,0,3,2025-11,Resuelto
SESS-840411,Facturación y Cobros,problema_pago,@soyMarely51,2026-01-10 15:29:29,2,False,1,3,2026-01,Churn
SESS-840518,Gestion de Cuenta,cambio_plan,@soyMarely50,2025-11-27 08:46:50,2,False,1,3,2025-11,Churn
SESS-840539,Gestion de Cuenta,cambio_plan,@theKitty31,2026-03-22 01:51:50,2,False,1,3,2026-03,Churn
SESS-840760,Acceso y Seguridad,error_login,@theDev33,2026-04-04 11:14:30,1,True,0,3,2026-04,Resuelto
SESS-840826,Facturación y Cobros,problema_pago,@soyKitty88,2025-11-22 18:20:30,1,True,0,3,2025-11,Resuelto
SESS-840828,Soporte Técnico y Despacho,logistica_envio,@theMarely89,2026-01-15 01:30:57,1,True,0,3,2026-01,Resuelto
SESS-840940,Facturación y Cobros,problema_pago,@theDev10,2026-01-05 05:35:46,2,False,1,3,2026-01,Churn
SESS-841211,Facturación y Cobros,problema_pago,@soyMarely41,2025-12-30 17:31:55,1,True,0,3,2025-12,Resuelto
SESS-841316,Soporte Técnico y Despacho,logistica_envio,@soyKitty17,2026-01-13 16:48:48,1,True,0,3,2026-01,Resuelto
SESS-841475,Gestion de Cuenta,cambio_plan,@theMarely78,2026-03-01 15:44:07,2,False,1,3,2026-03,Churn
SESS-841617,Soporte Técnico y Despacho,logistica_envio,@soyDev95,2026-01-27 13:55:12,1,True,0,3,2026-01,Resuelto
SESS-841643,Soporte Técnico y Despacho,logistica_envio,@soyMarely60,2026-01-12 16:10:46,1,True,0,3,2026-01,Resuelto
SESS-841675,Acceso y Seguridad,error_login,@theKitty12,2026-01-31 14:52:12,1,True,0,3,2026-01,Resuelto
SESS-841790,Gestion de Cuenta,cambio_plan,@theKitty82,2026-03-21 00:09:32,1,True,0,3,2026-03,Resuelto
SESS-842008,Gestion de Cuenta,cambio_plan,@soyDev28,2026-03-13 17:25:12,1,True,0,3,2026-03,Resuelto
SESS-842079,Soporte Técnico y Despacho,logistica_envio,@theKitty12,2026-02-27 14:39:00,2,False,1,3,2026-02,Churn
SESS-842295,Gestion de Cuenta,cambio_plan,@theKitty62,2025-11-30 17:24:33,2,False,1,3,2025-11,Churn
SESS-842346,Facturación y Cobros,problema_pago,@soyDev37,2026-04-24 21:03:53,1,True,0,3,2026-04,Resuelto
SESS-842831,Soporte Técnico y Despacho,logistica_envio,@theMarely76,2025-12-31 14:11:12,1,True,0,3,2025-12,Resuelto
SESS-842950,Soporte Técnico y Despacho,logistica_envio,@soyKitty20,2026-04-19 06:14:14,1,True,0,3,2026-04,Resuelto
SESS-843116,Soporte Técnico y Despacho,logistica_envio,@soyMarely20,2026-03-15 06:35:02,2,False,1,3,2026-03,Churn
SESS-843252,Soporte Técnico y Despacho,logistica_envio,@soyDev56,2025-11-12 14:32:49,1,True,0,3,2025-11,Resuelto
SESS-843280,Soporte Técnico y Despacho,logistica_envio,@theMarely36,2026-03-08 02:52:34,1,True,0,3,2026-03,Resuelto
SESS-843399,Facturación y Cobros,problema_pago,@soyMarely56,2026-01-31 03:19:47,2,False,1,3,2026-01,Churn
SESS-843426,Acceso y Seguridad,error_login,@theKitty61,2026-01-19 05:41:00,1,True,0,3,2026-01,Resuelto
SESS-843516,Gestion de Cuenta,cambio_plan,@theMarely27,2026-03-16 10:24:10,2,False,1,3,2026-03,Churn
SESS-843519,Facturación y Cobros,problema_pago,@soyMarely61,2025-12-17 15:19:56,1,True,0,3,2025-12,Resuelto
SESS-843585,Facturación y Cobros,problema_pago,@theDev26,2025-12-13 05:31:37,1,True,0,3,2025-12,Resuelto
SESS-843597,Soporte Técnico y Despacho,logistica_envio,@soyMarely30,2026-02-28 06:36:21,2,False,1,3,2026-02,Churn
SESS-843647,Acceso y Seguridad,error_login,@theDev83,2025-12-13 14:56:29,2,False,1,3,2025-12,Churn
SESS-843758,Gestion de Cuenta,cambio_plan,@theKitty76,2026-02-19 10:43:07,1,True,0,3,2026-02,Resuelto
SESS-844251,Soporte Técnico y Despacho,logistica_envio,@theKitty91,2026-04-11 10:12:14,1,True,0,3,2026-04,Resuelto
SESS-844424,Facturación y Cobros,problema_pago,@soyMarely46,2026-02-05 05:27:24,1,True,0,3,2026-02,Resuelto
SESS-844515,Gestion de Cuenta,cambio_plan,@soyDev27,2026-04-08 12:10:32,2,False,1,3,2026-04,Churn
SESS-844566,Gestion de Cuenta,cambio_plan,@theDev66,2026-01-08 19:06:01,2,False,1,3,2026-01,Churn
SESS-844571,Facturación y Cobros,problema_pago,@theKitty83,2025-12-24 20:59:49,2,False,1,3,2025-12,Churn
SESS-844773,Facturación y Cobros,problema_pago,@soyMarely65,2025-12-03 01:27:20,1,True,0,3,2025-12,Resuelto
SESS-845126,Facturación y Cobros,problema_pago,@soyMarely51,2026-01-02 23:58:48,1,True,0,3,2026-01,Resuelto
SESS-845142,Facturación y Cobros,problema_pago,@theKitty35,2025-12-08 09:31:31,2,False,1,3,2025-12,Churn
SESS-845324,Soporte Técnico y Despacho,logistica_envio,@theDev29,2025-12-28 03:42:48,1,True,0,3,2025-12,Resuelto
SESS-845607,Soporte Técnico y Despacho,logistica_envio,@theKitty68,2026-03-22 01:27:37,1,True,0,3,2026-03,Resuelto
SESS-845706,Facturación y Cobros,problema_pago,@theDev85,2026-02-09 06:07:53,2,False,1,3,2026-02,Churn
SESS-846033,Gestion de Cuenta,cambio_plan,@soyKitty70,2025-11-14 04:09:43,2,False,1,3,2025-11,Churn
SESS-846041,Acceso y Seguridad,error_login,@soyMarely44,2026-01-21 03:13:35,1,True,0,3,2026-01,Resuelto
SESS-846163,Soporte Técnico y Despacho,logistica_envio,@soyKitty23,2026-02-03 03:42:26,2,False,1,3,2026-02,Churn
SESS-846368,Acceso y Seguridad,error_login,@soyDev90,2025-11-17 21:55:19,2,False,1,3,2025-11,Churn
SESS-846381,Gestion de Cuenta,cambio_plan,@soyMarely94,2025-12-23 09:39:35,1,True,0,3,2025-12,Resuelto
SESS-846608,Gestion de Cuenta,cambio_plan,@soyKitty34,2026-03-19 04:03:34,1,True,0,3,2026-03,Resuelto
SESS-846661,Facturación y Cobros,problema_pago,@theDev44,2026-03-06 11:09:51,1,True,0,3,2026-03,Resuelto
SESS-846794,Acceso y Seguridad,error_login,@soyDev24,2026-03-31 23:07:27,1,True,0,3,2026-03,Resuelto
SESS-847010,Acceso y Seguridad,error_login,@theMarely20,2026-04-04 03:33:19,1,True,0,3,2026-04,Resuelto
SESS-847015,Soporte Técnico y Despacho,logistica_envio,@soyMarely26,2025-11-22 09:21:35,2,False,1,3,2025-11,Churn
SESS-847089,Gestion de Cuenta,cambio_plan,@soyKitty79,2025-11-24 14:25:34,1,True,0,3,2025-11,Resuelto
SESS-847318,Gestion de Cuenta,cambio_plan,@soyMarely31,2026-04-17 21:45:54,1,True,0,3,2026-04,Resuelto
SESS-847407,Soporte Técnico y Despacho,logistica_envio,@theMarely45,2026-02-06 03:13:42,1,True,0,3,2026-02,Resuelto
SESS-847546,Acceso y Seguridad,error_login,@soyDev19,2026-01-12 08:23:18,1,True,0,3,2026-01,Resuelto
SESS-847631,Facturación y Cobros,problema_pago,@soyKitty91,2026-03-20 01:22:39,1,True,0,3,2026-03,Resuelto
SESS-847677,Acceso y Seguridad,error_login,@soyDev84,2026-02-16 17:17:49,2,False,1,3,2026-02,Churn
SESS-847773,Facturación y Cobros,problema_pago,@soyMarely87,2026-01-04 19:25:59,1,True,0,3,2026-01,Resuelto
SESS-847834,Gestion de Cuenta,cambio_plan,@soyMarely64,2025-12-31 23:51:18,2,False,1,3,2025-12,Churn
SESS-848149,Facturación y Cobros,problema_pago,@theDev26,2026-03-04 00:36:23,1,True,0,3,2026-03,Resuelto
SESS-848433,Gestion de Cuenta,cambio_plan,@soyKitty28,2026-02-20 13:34:02,1,True,0,3,2026-02,Resuelto
SESS-848462,Acceso y Seguridad,error_login,@theDev53,2026-01-02 05:20:18,2,False,1,3,2026-01,Churn
SESS-848633,Gestion de Cuenta,cambio_plan,@soyDev75,2026-02-18 01:14:48,1,True,0,3,2026-02,Resuelto
SESS-848680,Facturación y Cobros,problema_pago,@theKitty34,2026-01-14 12:00:12,2,False,1,3,2026-01,Churn
SESS-848945,Soporte Técnico y Despacho,logistica_envio,@soyKitty64,2025-11-23 04:08:25,1,True,0,3,2025-11,Resuelto
SESS-848986,Acceso y Seguridad,error_login,@theDev63,2025-11-20 16:35:38,2,False,1,3,2025-11,Churn
SESS-849085,Acceso y Seguridad,error_login,@theDev96,2026-04-25 16:09:13,2,False,1,3,2026-04,Churn
SESS-849214,Acceso y Seguridad,error_login,@theKitty25,2026-01-04 10:56:14,1,True,0,3,2026-01,Resuelto
SESS-849354,Gestion de Cuenta,cambio_plan,@soyDev84,2026-03-22 02:13:10,2,False,1,3,2026-03,Churn
SESS-849692,Facturación y Cobros,problema_pago,@soyDev68,2026-03-30 23:10:10,2,False,1,3,2026-03,Churn
SESS-850043,Soporte Técnico y Despacho,logistica_envio,@theMarely99,2026-03-13 21:53:36,1,True,0,3,2026-03,Resuelto
SESS-850175,Facturación y Cobros,problema_pago,@theDev84,2026-01-06 01:38:45,1,True,0,3,2026-01,Resuelto
SESS-850285,Facturación y Cobros,problema_pago,@theMarely32,2025-12-20 14:26:50,1,True,0,3,2025-12,Resuelto
SESS-850299,Gestion de Cuenta,cambio_plan,@theDev43,2026-02-19 17:23:07,1,True,0,3,2026-02,Resuelto
SESS-850303,Gestion de Cuenta,cambio_plan,@soyKitty87,2026-01-04 11:55:25,1,True,0,3,2026-01,Resuelto
SESS-850530,Soporte Técnico y Despacho,logistica_envio,@soyMarely93,2026-05-05 18:57:09,2,False,1,3,2026-05,Churn
SESS-850924,Gestion de Cuenta,cambio_plan,@theMarely35,2025-11-25 12:30:23,1,True,0,3,2025-11,Resuelto
SESS-850973,Soporte Técnico y Despacho,logistica_envio,@soyDev61,2025-11-19 23:12:44,1,True,0,3,2025-11,Resuelto
SESS-851124,Acceso y Seguridad,error_login,@theDev47,2026-01-04 22:04:35,2,False,1,3,2026-01,Churn
SESS-851582,Gestion de Cuenta,cambio_plan,@theDev52,2026-01-25 10:40:34,2,False,1,3,2026-01,Churn
SESS-851754,Gestion de Cuenta,cambio_plan,@soyDev35,2026-03-03 23:33:24,1,True,0,3,2026-03,Resuelto
SESS-851773,Facturación y Cobros,problema_pago,@theDev63,2026-01-28 16:54:40,2,False,1,3,2026-01,Churn
SESS-851830,Gestion de Cuenta,cambio_plan,@soyKitty16,2026-02-27 11:21:40,2,False,1,3,2026-02,Churn
SESS-851868,Facturación y Cobros,problema_pago,@theKitty77,2025-12-16 09:19:54,1,True,0,3,2025-12,Resuelto
SESS-852047,Acceso y Seguridad,error_login,@soyMarely17,2025-12-02 21:20:39,1,True,0,3,2025-12,Resuelto
SESS-852049,Soporte Técnico y Despacho,logistica_envio,@soyMarely33,2026-03-17 11:23:35,2,False,1,3,2026-03,Churn
SESS-852050,Acceso y Seguridad,error_login,@theMarely55,2026-02-24 15:10:16,1,True,0,3,2026-02,Resuelto
SESS-852125,Soporte Técnico y Despacho,logistica_envio,@theDev82,2026-01-08 09:46:06,1,True,0,3,2026-01,Resuelto
SESS-852301,Gestion de Cuenta,cambio_plan,@theMarely54,2026-03-28 05:47:06,2,False,1,3,2026-03,Churn
SESS-852570,Acceso y Seguridad,error_login,@soyDev38,2026-02-22 17:06:40,1,True,0,3,2026-02,Resuelto
SESS-852590,Gestion de Cuenta,cambio_plan,@soyKitty67,2026-02-28 00:07:06,1,True,0,3,2026-02,Resuelto
SESS-852660,Soporte Técnico y Despacho,logistica_envio,@theMarely55,2026-02-23 03:12:47,2,False,1,3,2026-02,Churn
SESS-852864,Facturación y Cobros,problema_pago,@theMarely96,2026-03-24 00:05:04,2,False,1,3,2026-03,Churn
SESS-852882,Soporte Técnico y Despacho,logistica_envio,@soyMarely46,2026-01-25 03:51:30,1,True,0,3,2026-01,Resuelto
SESS-852963,Gestion de Cuenta,cambio_plan,@theDev52,2025-12-28 16:53:59,1,True,0,3,2025-12,Resuelto
SESS-853114,Soporte Técnico y Despacho,logistica_envio,@soyDev36,2026-03-30 10:32:08,1,True,0,3,2026-03,Resuelto
SESS-853290,Facturación y Cobros,problema_pago,@soyMarely38,2026-04-01 03:50:05,1,True,0,3,2026-04,Resuelto
SESS-853444,Gestion de Cuenta,cambio_plan,@theKitty65,2026-01-29 13:49:48,1,True,0,3,2026-01,Resuelto
SESS-853602,Gestion de Cuenta,cambio_plan,@soyDev52,2025-12-15 22:43:20,1,True,0,3,2025-12,Resuelto
SESS-853736,Acceso y Seguridad,error_login,@soyKitty47,2025-11-29 04:25:40,1,True,0,3,2025-11,Resuelto
SESS-853799,Acceso y Seguridad,error_login,@soyDev27,2026-01-18 09:49:11,1,True,0,3,2026-01,Resuelto
SESS-853919,Gestion de Cuenta,cambio_plan,@theMarely60,2026-04-23 08:03:17,1,True,0,3,2026-04,Resuelto
SESS-853924,Acceso y Seguridad,error_login,@theMarely11,2026-03-26 06:59:48,2,False,1,3,2026-03,Churn
SESS-854081,Soporte Técnico y Despacho,logistica_envio,@theMarely41,2026-03-15 10:46:53,1,True,0,3,2026-03,Resuelto
SESS-854262,Acceso y Seguridad,error_login,@theKitty48,2025-12-11 22:04:39,2,False,1,3,2025-12,Churn
SESS-854394,Acceso y Seguridad,error_login,@theKitty42,2026-02-24 20:24:49,1,True,0,3,2026-02,Resuelto
SESS-854831,Acceso y Seguridad,error_login,@soyMarely65,2026-01-03 12:51:44,1,True,0,3,2026-01,Resuelto
SESS-854834,Gestion de Cuenta,cambio_plan,@soyDev41,2026-04-21 16:40:09,1,True,0,3,2026-04,Resuelto
SESS-854869,Acceso y Seguridad,error_login,@soyMarely86,2025-11-25 02:41:11,1,True,0,3,2025-11,Resuelto
SESS-854930,Gestion de Cuenta,cambio_plan,@theMarely88,2026-02-11 17:04:01,1,True,0,3,2026-02,Resuelto
SESS-854937,Facturación y Cobros,problema_pago,@soyKitty91,2025-11-28 22:38:24,1,True,0,3,2025-11,Resuelto
SESS-855046,Gestion de Cuenta,cambio_plan,@theDev53,2025-12-04 20:54:55,1,True,0,3,2025-12,Resuelto
SESS-855074,Acceso y Seguridad,error_login,@soyDev22,2025-12-05 00:19:18,1,True,0,3,2025-12,Resuelto
SESS-855199,Facturación y Cobros,problema_pago,@theDev55,2026-04-14 02:50:24,2,False,1,3,2026-04,Churn
SESS-855470,Gestion de Cuenta,cambio_plan,@soyDev85,2026-02-13 22:25:44,1,True,0,3,2026-02,Resuelto
SESS-855515,Facturación y Cobros,problema_pago,@soyKitty73,2026-04-18 01:14:17,2,False,1,3,2026-04,Churn
SESS-855651,Soporte Técnico y Despacho,logistica_envio,@soyMarely44,2026-03-25 15:42:40,2,False,1,3,2026-03,Churn
SESS-856010,Soporte Técnico y Despacho,logistica_envio,@soyKitty33,2025-11-15 08:00:06,2,False,1,3,2025-11,Churn
SESS-856058,Acceso y Seguridad,error_login,@theMarely55,2026-02-07 17:32:47,1,True,0,3,2026-02,Resuelto
SESS-856066,Soporte Técnico y Despacho,logistica_envio,@theDev89,2026-01-07 00:58:46,1,True,0,3,2026-01,Resuelto
SESS-856170,Acceso y Seguridad,error_login,@theDev44,2026-01-06 04:39:07,1,True,0,3,2026-01,Resuelto
SESS-856173,Gestion de Cuenta,cambio_plan,@theKitty16,2026-03-02 16:22:10,1,True,0,3,2026-03,Resuelto
SESS-856549,Soporte Técnico y Despacho,logistica_envio,@theKitty14,2025-12-28 00:43:46,1,True,0,3,2025-12,Resuelto
SESS-856967,Soporte Técnico y Despacho,logistica_envio,@soyMarely61,2026-01-14 06:02:26,1,True,0,3,2026-01,Resuelto
SESS-857079,Soporte Técnico y Despacho,logistica_envio,@soyDev32,2026-05-02 15:18:20,1,True,0,3,2026-05,Resuelto
SESS-857178,Soporte Técnico y Despacho,logistica_envio,@theDev65,2026-03-29 22:05:28,1,True,0,3,2026-03,Resuelto
SESS-857578,Acceso y Seguridad,error_login,@soyKitty72,2025-11-18 13:24:24,1,True,0,3,2025-11,Resuelto
SESS-857604,Gestion de Cuenta,cambio_plan,@soyDev38,2025-11-20 20:02:49,1,True,0,3,2025-11,Resuelto
SESS-857648,Acceso y Seguridad,error_login,@soyDev47,2026-04-05 23:43:50,2,False,1,3,2026-04,Churn
SESS-857683,Facturación y Cobros,problema_pago,@soyMarely46,2026-03-28 05:30:26,2,False,1,3,2026-03,Churn
SESS-857867,Facturación y Cobros,problema_pago,@soyKitty47,2026-02-14 00:03:00,1,True,0,3,2026-02,Resuelto
SESS-857908,Acceso y Seguridad,error_login,@soyDev39,2026-03-14 10:56:20,2,False,1,3,2026-03,Churn
SESS-858019,Gestion de Cuenta,cambio_plan,@soyMarely52,2026-01-08 16:03:52,1,True,0,3,2026-01,Resuelto
SESS-858097,Soporte Técnico y Despacho,logistica_envio,@theKitty33,2026-03-03 10:14:14,1,True,0,3,2026-03,Resuelto
SESS-858157,Soporte Técnico y Despacho,logistica_envio,@soyMarely73,2026-01-02 18:27:42,1,True,0,3,2026-01,Resuelto
SESS-858197,Soporte Técnico y Despacho,logistica_envio,@soyMarely45,2026-01-24 02:02:59,1,True,0,3,2026-01,Resuelto
SESS-858335,Acceso y Seguridad,error_login,@soyKitty83,2026-03-30 16:54:14,2,False,1,3,2026-03,Churn
SESS-858413,Acceso y Seguridad,error_login,@soyKitty33,2026-04-01 17:59:23,1,True,0,3,2026-04,Resuelto
SESS-858468,Facturación y Cobros,problema_pago,@theMarely88,2026-05-06 10:12:15,1,True,0,3,2026-05,Resuelto
SESS-858763,Facturación y Cobros,problema_pago,@theDev49,2026-04-11 02:27:46,2,False,1,3,2026-04,Churn
SESS-858765,Gestion de Cuenta,cambio_plan,@soyMarely96,2025-12-11 12:43:41,2,False,1,3,2025-12,Churn
SESS-858936,Facturación y Cobros,problema_pago,@soyMarely30,2025-12-14 23:35:57,1,True,0,3,2025-12,Resuelto
SESS-859623,Acceso y Seguridad,error_login,@theKitty94,2026-01-01 15:42:00,1,True,0,3,2026-01,Resuelto
SESS-860256,Acceso y Seguridad,error_login,@theMarely11,2025-12-17 11:41:38,1,True,0,3,2025-12,Resuelto
SESS-860382,Facturación y Cobros,problema_pago,@soyKitty33,2026-01-27 19:33:36,2,False,1,3,2026-01,Churn
SESS-860392,Acceso y Seguridad,error_login,@soyDev53,2026-04-24 07:40:11,1,True,0,3,2026-04,Resuelto
SESS-860479,Acceso y Seguridad,error_login,@soyKitty46,2026-04-27 04:33:28,2,False,1,3,2026-04,Churn
SESS-860489,Facturación y Cobros,problema_pago,@soyKitty54,2026-01-22 02:29:44,2,False,1,3,2026-01,Churn
SESS-860515,Facturación y Cobros,problema_pago,@theMarely12,2025-12-10 03:10:09,1,True,0,3,2025-12,Resuelto
SESS-860671,Gestion de Cuenta,cambio_plan,@theMarely87,2026-02-09 08:50:32,2,False,1,3,2026-02,Churn
SESS-860728,Facturación y Cobros,problema_pago,@theMarely48,2026-02-05 16:12:39,2,False,1,3,2026-02,Churn
SESS-860744,Soporte Técnico y Despacho,logistica_envio,@theMarely76,2026-01-09 08:57:20,1,True,0,3,2026-01,Resuelto
SESS-860830,Facturación y Cobros,problema_pago,@soyDev33,2026-03-27 22:43:47,1,True,0,3,2026-03,Resuelto
SESS-861009,Gestion de Cuenta,cambio_plan,@theKitty35,2026-04-19 07:03:58,2,False,1,3,2026-04,Churn
SESS-861064,Acceso y Seguridad,error_login,@theMarely78,2025-12-12 15:06:58,1,True,0,3,2025-12,Resuelto
SESS-861182,Gestion de Cuenta,cambio_plan,@theDev36,2026-02-28 21:31:02,2,False,1,3,2026-02,Churn
SESS-861217,Gestion de Cuenta,cambio_plan,@soyMarely92,2026-04-13 19:11:39,1,True,0,3,2026-04,Resuelto
SESS-861222,Facturación y Cobros,problema_pago,@soyDev99,2025-11-25 02:10:10,2,False,1,3,2025-11,Churn
SESS-861535,Acceso y Seguridad,error_login,@theKitty24,2025-11-24 03:21:55,2,False,1,3,2025-11,Churn
SESS-861576,Facturación y Cobros,problema_pago,@soyDev23,2026-02-26 09:54:56,2,False,1,3,2026-02,Churn
SESS-861656,Gestion de Cuenta,cambio_plan,@soyDev12,2025-12-15 15:35:58,1,True,0,3,2025-12,Resuelto
SESS-862166,Gestion de Cuenta,cambio_plan,@soyDev71,2025-12-01 22:55:57,2,False,1,3,2025-12,Churn
SESS-862186,Acceso y Seguridad,error_login,@theMarely82,2026-03-22 13:33:46,1,True,0,3,2026-03,Resuelto
SESS-862206,Gestion de Cuenta,cambio_plan,@theMarely63,2026-02-14 22:12:50,2,False,1,3,2026-02,Churn
SESS-862263,Acceso y Seguridad,error_login,@theKitty68,2025-12-08 02:11:57,2,False,1,3,2025-12,Churn
SESS-862297,Facturación y Cobros,problema_pago,@soyMarely88,2026-01-30 17:52:59,1,True,0,3,2026-01,Resuelto
SESS-862328,Gestion de Cuenta,cambio_plan,@theDev32,2025-12-25 20:23:19,1,True,0,3,2025-12,Resuelto
SESS-862444,Acceso y Seguridad,error_login,@theMarely12,2025-12-09 19:31:24,2,False,1,3,2025-12,Churn
SESS-862507,Soporte Técnico y Despacho,logistica_envio,@soyDev26,2025-11-19 19:48:36,1,True,0,3,2025-11,Resuelto
SESS-862584,Soporte Técnico y Despacho,logistica_envio,@soyMarely63,2025-12-17 13:00:52,1,True,0,3,2025-12,Resuelto
SESS-862586,Facturación y Cobros,problema_pago,@theMarely17,2026-01-10 22:37:58,1,True,0,3,2026-01,Resuelto
SESS-862730,Gestion de Cuenta,cambio_plan,@theDev38,2025-12-18 20:47:41,1,True,0,3,2025-12,Resuelto
SESS-862786,Soporte Técnico y Despacho,logistica_envio,@theKitty20,2026-03-22 18:14:33,1,True,0,3,2026-03,Resuelto
SESS-862852,Gestion de Cuenta,cambio_plan,@theDev50,2026-01-31 11:07:11,1,True,0,3,2026-01,Resuelto
SESS-863064,Acceso y Seguridad,error_login,@soyDev33,2026-01-02 21:46:38,1,True,0,3,2026-01,Resuelto
SESS-863232,Gestion de Cuenta,cambio_plan,@soyKitty38,2026-02-07 16:43:44,1,True,0,3,2026-02,Resuelto
SESS-863267,Facturación y Cobros,problema_pago,@soyMarely97,2026-01-05 23:22:00,1,True,0,3,2026-01,Resuelto
SESS-863429,Soporte Técnico y Despacho,logistica_envio,@soyKitty59,2025-11-17 00:50:46,1,True,0,3,2025-11,Resuelto
SESS-863481,Gestion de Cuenta,cambio_plan,@soyDev84,2025-12-29 15:41:49,1,True,0,3,2025-12,Resuelto
SESS-863495,Gestion de Cuenta,cambio_plan,@soyKitty40,2025-12-15 19:22:40,2,False,1,3,2025-12,Churn
SESS-863571,Acceso y Seguridad,error_login,@theDev23,2026-02-02 07:58:24,1,True,0,3,2026-02,Resuelto
SESS-863579,Soporte Técnico y Despacho,logistica_envio,@soyMarely69,2026-03-30 18:35:58,1,True,0,3,2026-03,Resuelto
SESS-863649,Facturación y Cobros,problema_pago,@theDev69,2026-03-09 18:28:32,1,True,0,3,2026-03,Resuelto
SESS-863717,Gestion de Cuenta,cambio_plan,@soyKitty91,2026-03-31 13:26:03,1,True,0,3,2026-03,Resuelto
SESS-863925,Facturación y Cobros,problema_pago,@soyDev86,2026-01-18 14:54:03,2,False,1,3,2026-01,Churn
SESS-863939,Soporte Técnico y Despacho,logistica_envio,@soyKitty92,2026-01-08 08:49:34,2,False,1,3,2026-01,Churn
SESS-863973,Gestion de Cuenta,cambio_plan,@soyMarely14,2026-02-12 22:46:06,1,True,0,3,2026-02,Resuelto
SESS-863991,Facturación y Cobros,problema_pago,@theMarely41,2026-02-13 00:04:39,2,False,1,3,2026-02,Churn
SESS-864177,Facturación y Cobros,problema_pago,@theKitty10,2026-01-15 04:58:43,1,True,0,3,2026-01,Resuelto
SESS-864218,Acceso y Seguridad,error_login,@theDev83,2026-04-11 14:19:16,1,True,0,3,2026-04,Resuelto
SESS-864232,Facturación y Cobros,problema_pago,@theMarely44,2026-01-14 16:04:37,2,False,1,3,2026-01,Churn
SESS-864303,Facturación y Cobros,problema_pago,@theMarely96,2026-03-20 10:11:06,1,True,0,3,2026-03,Resuelto
SESS-864480,Soporte Técnico y Despacho,logistica_envio,@soyKitty58,2026-04-17 10:07:44,1,True,0,3,2026-04,Resuelto
SESS-864504,Facturación y Cobros,problema_pago,@soyDev19,2025-12-16 13:14:49,1,True,0,3,2025-12,Resuelto
SESS-864556,Acceso y Seguridad,error_login,@theDev63,2025-12-02 02:55:48,2,False,1,3,2025-12,Churn
SESS-864767,Soporte Técnico y Despacho,logistica_envio,@theMarely72,2026-03-05 14:05:05,2,False,1,3,2026-03,Churn
SESS-864976,Acceso y Seguridad,error_login,@soyDev19,2026-05-06 12:36:32,2,False,1,3,2026-05,Churn
SESS-865401,Facturación y Cobros,problema_pago,@theDev94,2025-11-25 21:04:48,1,True,0,3,2025-11,Resuelto
SESS-865440,Soporte Técnico y Despacho,logistica_envio,@theMarely23,2026-04-26 03:33:46,2,False,1,3,2026-04,Churn
SESS-865478,Acceso y Seguridad,error_login,@theMarely19,2026-03-15 04:04:34,1,True,0,3,2026-03,Resuelto
SESS-865635,Gestion de Cuenta,cambio_plan,@soyDev95,2026-01-11 23:21:15,1,True,0,3,2026-01,Resuelto
SESS-865930,Acceso y Seguridad,error_login,@theMarely85,2025-11-09 23:18:47,1,True,0,3,2025-11,Resuelto
SESS-866182,Soporte Técnico y Despacho,logistica_envio,@theMarely84,2026-01-05 12:54:25,2,False,1,3,2026-01,Churn
SESS-866346,Facturación y Cobros,problema_pago,@soyKitty97,2026-03-31 17:48:41,1,True,0,3,2026-03,Resuelto
SESS-866376,Acceso y Seguridad,error_login,@theMarely46,2025-12-30 22:13:26,1,True,0,3,2025-12,Resuelto
SESS-867045,Gestion de Cuenta,cambio_plan,@theKitty71,2026-04-03 23:58:38,1,True,0,3,2026-04,Resuelto
SESS-867118,Soporte Técnico y Despacho,logistica_envio,@soyKitty23,2026-01-02 21:26:00,2,False,1,3,2026-01,Churn
SESS-867836,Soporte Técnico y Despacho,logistica_envio,@theKitty88,2026-03-01 05:32:28,1,True,0,3,2026-03,Resuelto
SESS-867876,Soporte Técnico y Despacho,logistica_envio,@soyMarely27,2026-01-07 02:33:50,2,False,1,3,2026-01,Churn
SESS-867958,Acceso y Seguridad,error_login,@theKitty81,2026-04-02 05:17:37,1,True,0,3,2026-04,Resuelto
SESS-868119,Gestion de Cuenta,cambio_plan,@theDev64,2025-12-10 21:57:34,1,True,0,3,2025-12,Resuelto
SESS-868345,Gestion de Cuenta,cambio_plan,@theKitty71,2026-01-05 09:18:04,1,True,0,3,2026-01,Resuelto
SESS-868584,Acceso y Seguridad,error_login,@theKitty27,2026-01-13 02:51:51,1,True,0,3,2026-01,Resuelto
SESS-868672,Facturación y Cobros,problema_pago,@theKitty76,2026-03-28 20:34:50,1,True,0,3,2026-03,Resuelto
SESS-868686,Facturación y Cobros,problema_pago,@theKitty62,2026-02-18 12:23:29,2,False,1,3,2026-02,Churn
SESS-868828,Acceso y Seguridad,error_login,@soyMarely34,2025-12-21 19:12:34,1,True,0,3,2025-12,Resuelto
SESS-869427,Acceso y Seguridad,error_login,@theDev80,2026-03-15 10:50:45,1,True,0,3,2026-03,Resuelto
SESS-869451,Soporte Técnico y Despacho,logistica_envio,@soyMarely90,2026-04-14 05:19:08,2,False,1,3,2026-04,Churn
SESS-869503,Acceso y Seguridad,error_login,@soyKitty76,2026-04-30 17:38:24,2,False,1,3,2026-04,Churn
SESS-869646,Gestion de Cuenta,cambio_plan,@soyKitty11,2026-03-29 19:43:28,1,True,0,3,2026-03,Resuelto
SESS-869696,Soporte Técnico y Despacho,logistica_envio,@soyMarely42,2026-01-06 16:26:18,2,False,1,3,2026-01,Churn
SESS-869748,Acceso y Seguridad,error_login,@theMarely86,2025-12-03 02:07:45,2,False,1,3,2025-12,Churn
SESS-870078,Facturación y Cobros,problema_pago,@soyKitty18,2026-01-29 16:20:38,1,True,0,3,2026-01,Resuelto
SESS-870114,Acceso y Seguridad,error_login,@theKitty74,2025-11-09 18:28:23,2,False,1,3,2025-11,Churn
SESS-870177,Gestion de Cuenta,cambio_plan,@theMarely62,2026-04-23 00:45:05,1,True,0,3,2026-04,Resuelto
SESS-870220,Facturación y Cobros,problema_pago,@soyMarely13,2026-04-01 12:20:23,1,True,0,3,2026-04,Resuelto
SESS-870301,Soporte Técnico y Despacho,logistica_envio,@soyDev42,2026-02-01 17:37:09,1,True,0,3,2026-02,Resuelto
SESS-870353,Facturación y Cobros,problema_pago,@soyKitty24,2026-03-05 23:37:00,2,False,1,3,2026-03,Churn
SESS-870724,Soporte Técnico y Despacho,logistica_envio,@soyDev75,2026-03-28 01:43:18,2,False,1,3,2026-03,Churn
SESS-870757,Acceso y Seguridad,error_login,@soyDev86,2026-03-17 15:35:53,1,True,0,3,2026-03,Resuelto
SESS-870884,Acceso y Seguridad,error_login,@theMarely92,2026-02-24 00:01:52,2,False,1,3,2026-02,Churn
SESS-871134,Acceso y Seguridad,error_login,@soyMarely36,2026-04-08 02:40:29,1,True,0,3,2026-04,Resuelto
SESS-871203,Facturación y Cobros,problema_pago,@soyMarely50,2026-03-24 04:48:25,1,True,0,3,2026-03,Resuelto
SESS-871213,Facturación y Cobros,problema_pago,@soyKitty59,2025-12-26 01:17:41,1,True,0,3,2025-12,Resuelto
SESS-871382,Facturación y Cobros,problema_pago,@soyKitty26,2025-12-18 03:17:41,1,True,0,3,2025-12,Resuelto
SESS-871661,Gestion de Cuenta,cambio_plan,@theDev11,2025-12-03 12:09:10,1,True,0,3,2025-12,Resuelto
SESS-871766,Soporte Técnico y Despacho,logistica_envio,@theKitty73,2026-03-09 03:41:40,1,True,0,3,2026-03,Resuelto
SESS-871893,Soporte Técnico y Despacho,logistica_envio,@theKitty38,2026-04-28 00:36:40,1,True,0,3,2026-04,Resuelto
SESS-872031,Acceso y Seguridad,error_login,@soyDev33,2025-12-03 19:49:44,1,True,0,3,2025-12,Resuelto
SESS-872077,Facturación y Cobros,problema_pago,@soyDev60,2026-01-06 10:42:49,1,True,0,3,2026-01,Resuelto
SESS-872200,Facturación y Cobros,problema_pago,@soyDev85,2026-04-10 04:39:35,1,True,0,3,2026-04,Resuelto
SESS-872258,Gestion de Cuenta,cambio_plan,@theDev92,2026-02-24 00:38:21,1,True,0,3,2026-02,Resuelto
SESS-872304,Soporte Técnico y Despacho,logistica_envio,@soyDev56,2026-01-09 09:44:37,2,False,1,3,2026-01,Churn
SESS-872312,Gestion de Cuenta,cambio_plan,@soyKitty54,2026-04-23 20:23:47,1,True,0,3,2026-04,Resuelto
SESS-872422,Facturación y Cobros,problema_pago,@theKitty97,2026-01-28 19:01:30,1,True,0,3,2026-01,Resuelto
SESS-872747,Facturación y Cobros,problema_pago,@soyKitty27,2026-01-23 00:33:25,2,False,1,3,2026-01,Churn
SESS-872886,Acceso y Seguridad,error_login,@theDev24,2026-03-07 08:40:40,2,False,1,3,2026-03,Churn
SESS-872972,Facturación y Cobros,problema_pago,@soyMarely78,2026-03-20 17:58:03,2,False,1,3,2026-03,Churn
SESS-872981,Acceso y Seguridad,error_login,@soyDev22,2026-02-16 05:33:54,2,False,1,3,2026-02,Churn
SESS-873086,Soporte Técnico y Despacho,logistica_envio,@theDev99,2025-11-19 00:45:02,2,False,1,3,2025-11,Churn
SESS-873140,Acceso y Seguridad,error_login,@theMarely22,2026-05-01 04:33:03,1,True,0,3,2026-05,Resuelto
SESS-873169,Gestion de Cuenta,cambio_plan,@soyMarely15,2026-02-04 02:38:05,1,True,0,3,2026-02,Resuelto
SESS-873403,Acceso y Seguridad,error_login,@soyKitty82,2025-11-24 10:19:48,1,True,0,3,2025-11,Resuelto
SESS-873404,Facturación y Cobros,problema_pago,@theKitty97,2026-04-29 23:00:35,1,True,0,3,2026-04,Resuelto
SESS-873565,Soporte Técnico y Despacho,logistica_envio,@soyDev68,2026-03-20 00:50:17,1,True,0,3,2026-03,Resuelto
SESS-873587,Gestion de Cuenta,cambio_plan,@theMarely11,2025-11-13 20:43:30,2,False,1,3,2025-11,Churn
SESS-873598,Acceso y Seguridad,error_login,@soyMarely54,2026-04-03 21:37:16,2,False,1,3,2026-04,Churn
SESS-874037,Gestion de Cuenta,cambio_plan,@theMarely88,2025-11-24 12:54:35,1,True,0,3,2025-11,Resuelto
SESS-874132,Soporte Técnico y Despacho,logistica_envio,@soyDev80,2026-02-14 17:28:39,2,False,1,3,2026-02,Churn
SESS-874255,Acceso y Seguridad,error_login,@theDev48,2026-03-02 16:04:55,2,False,1,3,2026-03,Churn
SESS-874429,Gestion de Cuenta,cambio_plan,@soyMarely50,2026-03-23 16:51:44,2,False,1,3,2026-03,Churn
SESS-874845,Gestion de Cuenta,cambio_plan,@theKitty68,2026-04-15 03:15:38,1,True,0,3,2026-04,Resuelto
SESS-875218,Acceso y Seguridad,error_login,@theKitty77,2026-03-16 10:15:52,1,True,0,3,2026-03,Resuelto
SESS-875292,Facturación y Cobros,problema_pago,@soyDev52,2026-03-12 13:58:19,1,True,0,3,2026-03,Resuelto
SESS-875295,Acceso y Seguridad,error_login,@soyMarely23,2025-12-16 04:53:33,2,False,1,3,2025-12,Churn
SESS-875533,Facturación y Cobros,problema_pago,@soyMarely73,2026-01-21 06:25:01,1,True,0,3,2026-01,Resuelto
SESS-875682,Facturación y Cobros,problema_pago,@theKitty77,2025-12-02 20:47:14,1,True,0,3,2025-12,Resuelto
SESS-875941,Acceso y Seguridad,error_login,@soyKitty10,2025-12-03 03:49:31,2,False,1,3,2025-12,Churn
SESS-875961,Soporte Técnico y Despacho,logistica_envio,@soyDev55,2025-11-19 17:08:06,1,True,0,3,2025-11,Resuelto
SESS-875962,Facturación y Cobros,problema_pago,@soyMarely35,2025-12-22 18:59:22,1,True,0,3,2025-12,Resuelto
SESS-875977,Acceso y Seguridad,error_login,@soyDev24,2026-02-01 16:14:52,1,True,0,3,2026-02,Resuelto
SESS-875985,Soporte Técnico y Despacho,logistica_envio,@soyDev76,2026-04-20 06:45:52,1,True,0,3,2026-04,Resuelto
SESS-876042,Soporte Técnico y Despacho,logistica_envio,@theMarely66,2025-12-24 02:33:17,1,True,0,3,2025-12,Resuelto
SESS-876141,Gestion de Cuenta,cambio_plan,@soyKitty29,2026-01-02 06:44:54,2,False,1,3,2026-01,Churn
SESS-876180,Facturación y Cobros,problema_pago,@soyKitty95,2026-02-26 10:49:31,1,True,0,3,2026-02,Resuelto
SESS-876355,Facturación y Cobros,problema_pago,@theMarely85,2026-03-25 17:14:29,2,False,1,3,2026-03,Churn
SESS-876451,Soporte Técnico y Despacho,logistica_envio,@soyKitty23,2026-01-09 06:00:18,2,False,1,3,2026-01,Churn
SESS-876525,Facturación y Cobros,problema_pago,@soyMarely55,2026-02-15 02:08:29,1,True,0,3,2026-02,Resuelto
SESS-876642,Soporte Técnico y Despacho,logistica_envio,@theDev56,2025-12-25 22:48:34,1,True,0,3,2025-12,Resuelto
SESS-876844,Soporte Técnico y Despacho,logistica_envio,@theKitty41,2025-12-21 17:39:44,1,True,0,3,2025-12,Resuelto
SESS-877244,Acceso y Seguridad,error_login,@theDev38,2026-04-29 11:16:04,1,True,0,3,2026-04,Resuelto
SESS-877579,Acceso y Seguridad,error_login,@theDev94,2025-12-25 08:19:40,2,False,1,3,2025-12,Churn
SESS-877605,Soporte Técnico y Despacho,logistica_envio,@theDev96,2026-02-05 17:34:07,1,True,0,3,2026-02,Resuelto
SESS-877633,Acceso y Seguridad,error_login,@theKitty97,2026-04-24 02:50:24,2,False,1,3,2026-04,Churn
SESS-877699,Acceso y Seguridad,error_login,@theDev57,2026-03-22 10:54:47,1,True,0,3,2026-03,Resuelto
SESS-877803,Acceso y Seguridad,error_login,@theKitty68,2026-01-17 14:08:14,1,True,0,3,2026-01,Resuelto
SESS-877852,Gestion de Cuenta,cambio_plan,@theMarely83,2025-12-24 10:59:37,1,True,0,3,2025-12,Resuelto
SESS-878197,Gestion de Cuenta,cambio_plan,@soyKitty37,2026-03-06 05:27:26,2,False,1,3,2026-03,Churn
SESS-878389,Facturación y Cobros,problema_pago,@theKitty38,2025-12-09 23:10:52,1,True,0,3,2025-12,Resuelto
SESS-878498,Acceso y Seguridad,error_login,@theMarely18,2026-04-07 05:55:49,1,True,0,3,2026-04,Resuelto
SESS-878840,Gestion de Cuenta,cambio_plan,@soyMarely14,2025-12-28 01:02:36,2,False,1,3,2025-12,Churn
SESS-879316,Soporte Técnico y Despacho,logistica_envio,@soyKitty31,2025-11-18 06:51:20,1,True,0,3,2025-11,Resuelto
SESS-879795,Soporte Técnico y Despacho,logistica_envio,@theMarely47,2026-04-29 12:56:01,2,False,1,3,2026-04,Churn
SESS-879987,Facturación y Cobros,problema_pago,@soyMarely76,2025-11-15 17:35:31,1,True,0,3,2025-11,Resuelto
SESS-880260,Acceso y Seguridad,error_login,@soyDev71,2025-12-24 01:33:44,1,True,0,3,2025-12,Resuelto
SESS-880281,Acceso y Seguridad,error_login,@soyMarely79,2026-01-09 07:18:30,1,True,0,3,2026-01,Resuelto
SESS-880294,Facturación y Cobros,problema_pago,@theKitty75,2025-11-25 22:28:45,1,True,0,3,2025-11,Resuelto
SESS-880314,Facturación y Cobros,problema_pago,@soyMarely67,2026-03-06 08:29:41,1,True,0,3,2026-03,Resuelto
SESS-880735,Soporte Técnico y Despacho,logistica_envio,@theMarely78,2026-04-19 15:42:28,1,True,0,3,2026-04,Resuelto
SESS-881089,Gestion de Cuenta,cambio_plan,@soyMarely77,2026-02-16 12:01:50,1,True,0,3,2026-02,Resuelto
SESS-881238,Soporte Técnico y Despacho,logistica_envio,@soyDev74,2025-11-23 07:10:48,2,False,1,3,2025-11,Churn
SESS-881506,Acceso y Seguridad,error_login,@theMarely31,2025-11-22 11:15:53,1,True,0,3,2025-11,Resuelto
SESS-881532,Gestion de Cuenta,cambio_plan,@soyMarely34,2026-01-04 05:23:24,1,True,0,3,2026-01,Resuelto
SESS-881573,Acceso y Seguridad,error_login,@soyDev50,2026-02-12 14:25:57,2,False,1,3,2026-02,Churn
SESS-881746,Acceso y Seguridad,error_login,@theDev82,2026-02-22 13:20:14,1,True,0,3,2026-02,Resuelto
SESS-881892,Facturación y Cobros,problema_pago,@theDev78,2025-11-10 13:26:30,1,True,0,3,2025-11,Resuelto
SESS-881981,Soporte Técnico y Despacho,logistica_envio,@theKitty53,2026-02-21 01:47:11,1,True,0,3,2026-02,Resuelto
SESS-882461,Gestion de Cuenta,cambio_plan,@soyKitty43,2026-01-09 19:09:01,2,False,1,3,2026-01,Churn
SESS-882544,Facturación y Cobros,problema_pago,@theDev39,2025-12-06 07:36:15,2,False,1,3,2025-12,Churn
SESS-882739,Facturación y Cobros,problema_pago,@theDev62,2026-04-26 22:04:39,1,True,0,3,2026-04,Resuelto
SESS-882786,Gestion de Cuenta,cambio_plan,@soyKitty97,2025-11-27 00:17:44,1,True,0,3,2025-11,Resuelto
SESS-882803,Gestion de Cuenta,cambio_plan,@soyKitty93,2026-01-03 10:39:50,2,False,1,3,2026-01,Churn
SESS-883006,Gestion de Cuenta,cambio_plan,@soyKitty88,2025-11-12 09:21:56,1,True,0,3,2025-11,Resuelto
SESS-883331,Soporte Técnico y Despacho,logistica_envio,@theDev79,2025-11-17 16:57:07,1,True,0,3,2025-11,Resuelto
SESS-883485,Soporte Técnico y Despacho,logistica_envio,@theMarely16,2026-02-08 00:22:19,1,True,0,3,2026-02,Resuelto
SESS-883581,Acceso y Seguridad,error_login,@soyKitty46,2026-04-20 22:06:35,1,True,0,3,2026-04,Resuelto
SESS-883761,Acceso y Seguridad,error_login,@theKitty94,2025-11-18 02:24:35,1,True,0,3,2025-11,Resuelto
SESS-883919,Acceso y Seguridad,error_login,@theKitty57,2026-01-06 08:15:53,1,True,0,3,2026-01,Resuelto
SESS-884062,Facturación y Cobros,problema_pago,@soyMarely70,2026-04-16 11:58:23,2,False,1,3,2026-04,Churn
SESS-884390,Soporte Técnico y Despacho,logistica_envio,@theMarely18,2026-01-29 16:44:14,2,False,1,3,2026-01,Churn
SESS-884405,Acceso y Seguridad,error_login,@soyDev76,2026-04-06 16:45:09,1,True,0,3,2026-04,Resuelto
SESS-884551,Gestion de Cuenta,cambio_plan,@theKitty10,2025-11-21 21:54:14,2,True,1,6,2025-11,Churn
SESS-884659,Acceso y Seguridad,error_login,@soyDev36,2026-04-19 22:44:28,1,True,0,3,2026-04,Resuelto
SESS-884693,Soporte Técnico y Despacho,logistica_envio,@soyDev38,2026-03-10 10:02:29,2,False,1,3,2026-03,Churn
SESS-884759,Gestion de Cuenta,cambio_plan,@theDev66,2025-11-14 20:20:05,2,False,1,3,2025-11,Churn
SESS-884809,Soporte Técnico y Despacho,logistica_envio,@soyDev50,2026-02-23 00:33:05,2,False,1,3,2026-02,Churn
SESS-884836,Soporte Técnico y Despacho,logistica_envio,@soyKitty20,2026-01-05 14:44:11,1,True,0,3,2026-01,Resuelto
SESS-885035,Gestion de Cuenta,cambio_plan,@soyMarely50,2026-03-21 16:50:29,2,False,1,3,2026-03,Churn
SESS-885114,Acceso y Seguridad,error_login,@theDev11,2025-11-15 06:17:40,2,False,1,3,2025-11,Churn
SESS-885387,Soporte Técnico y Despacho,logistica_envio,@soyMarely51,2026-03-11 10:42:11,2,False,1,3,2026-03,Churn
SESS-885495,Facturación y Cobros,problema_pago,@theKitty50,2026-02-25 22:07:31,1,True,0,3,2026-02,Resuelto
SESS-885798,Gestion de Cuenta,cambio_plan,@theMarely16,2026-01-20 14:20:37,2,False,1,3,2026-01,Churn
SESS-885844,Facturación y Cobros,problema_pago,@theKitty86,2025-12-24 22:06:03,2,False,1,3,2025-12,Churn
SESS-885847,Facturación y Cobros,problema_pago,@soyMarely39,2026-02-26 14:19:16,1,True,0,3,2026-02,Resuelto
SESS-885919,Facturación y Cobros,problema_pago,@soyKitty78,2025-11-18 01:00:38,2,False,1,3,2025-11,Churn
SESS-885999,Acceso y Seguridad,error_login,@theMarely66,2025-11-30 07:22:40,2,False,1,3,2025-11,Churn
SESS-886048,Facturación y Cobros,problema_pago,@theMarely32,2026-01-28 15:54:10,2,False,1,3,2026-01,Churn
SESS-886288,Acceso y Seguridad,error_login,@theDev46,2026-03-13 08:53:12,2,False,1,3,2026-03,Churn
SESS-886892,Facturación y Cobros,problema_pago,@soyDev48,2026-01-08 09:56:46,1,True,0,3,2026-01,Resuelto
SESS-887102,Facturación y Cobros,problema_pago,@theDev47,2026-04-24 02:50:05,1,True,0,3,2026-04,Resuelto
SESS-887190,Gestion de Cuenta,cambio_plan,@soyKitty38,2026-04-05 06:18:00,1,True,0,3,2026-04,Resuelto
SESS-887381,Soporte Técnico y Despacho,logistica_envio,@theKitty60,2025-11-29 03:57:13,1,True,0,3,2025-11,Resuelto
SESS-887662,Acceso y Seguridad,error_login,@soyDev71,2026-03-07 16:21:02,1,True,0,3,2026-03,Resuelto
SESS-887692,Facturación y Cobros,problema_pago,@soyKitty45,2026-04-16 03:18:02,1,True,0,3,2026-04,Resuelto
SESS-887772,Facturación y Cobros,problema_pago,@theDev26,2026-04-23 20:10:51,1,True,0,3,2026-04,Resuelto
SESS-887839,Acceso y Seguridad,error_login,@soyDev68,2026-04-16 12:27:24,1,True,0,3,2026-04,Resuelto
SESS-887923,Gestion de Cuenta,cambio_plan,@theDev39,2025-11-20 11:56:44,1,True,0,3,2025-11,Resuelto
SESS-888052,Soporte Técnico y Despacho,logistica_envio,@soyKitty12,2025-11-10 20:33:40,1,True,0,3,2025-11,Resuelto
SESS-888063,Soporte Técnico y Despacho,logistica_envio,@theDev62,2026-03-12 15:23:27,2,False,1,3,2026-03,Churn
SESS-888414,Acceso y Seguridad,error_login,@soyDev56,2026-02-27 16:57:51,1,True,0,3,2026-02,Resuelto
SESS-888433,Acceso y Seguridad,error_login,@soyDev61,2026-03-21 16:41:02,1,True,0,3,2026-03,Resuelto
SESS-888459,Soporte Técnico y Despacho,logistica_envio,@theDev12,2026-01-08 17:44:41,1,True,0,3,2026-01,Resuelto
SESS-888845,Facturación y Cobros,problema_pago,@theDev19,2025-12-21 14:49:13,1,True,0,3,2025-12,Resuelto
SESS-888880,Gestion de Cuenta,cambio_plan,@soyMarely44,2026-01-31 17:08:34,1,True,0,3,2026-01,Resuelto
SESS-888974,Acceso y Seguridad,error_login,@soyKitty63,2026-04-15 16:57:59,2,False,1,3,2026-04,Churn
SESS-889050,Acceso y Seguridad,error_login,@theKitty51,2026-03-02 22:48:23,2,False,1,3,2026-03,Churn
SESS-889158,Facturación y Cobros,problema_pago,@theMarely54,2026-02-11 01:43:21,1,True,0,3,2026-02,Resuelto
SESS-889435,Gestion de Cuenta,cambio_plan,@theKitty98,2025-11-22 13:38:07,1,True,0,3,2025-11,Resuelto
SESS-889579,Gestion de Cuenta,cambio_plan,@theMarely59,2026-01-01 23:49:58,1,True,0,3,2026-01,Resuelto
SESS-889646,Gestion de Cuenta,cambio_plan,@theMarely26,2025-12-07 01:07:51,2,False,1,3,2025-12,Churn
SESS-889780,Soporte Técnico y Despacho,logistica_envio,@soyDev45,2026-02-08 10:07:42,1,True,0,3,2026-02,Resuelto
SESS-889803,Acceso y Seguridad,error_login,@theKitty96,2025-12-14 04:52:45,2,False,1,3,2025-12,Churn
SESS-889833,Gestion de Cuenta,cambio_plan,@soyMarely93,2026-02-22 14:39:28,2,False,1,3,2026-02,Churn
SESS-889870,Acceso y Seguridad,error_login,@theKitty45,2025-11-19 02:13:03,1,True,0,3,2025-11,Resuelto
SESS-889872,Acceso y Seguridad,error_login,@theDev20,2026-04-14 04:39:18,1,True,0,3,2026-04,Resuelto
SESS-889947,Soporte Técnico y Despacho,logistica_envio,@theMarely29,2026-01-28 08:32:59,2,False,1,3,2026-01,Churn
SESS-890238,Facturación y Cobros,problema_pago,@theMarely67,2025-11-21 02:56:15,1,True,0,3,2025-11,Resuelto
SESS-890571,Acceso y Seguridad,error_login,@theKitty95,2025-12-31 05:15:46,2,False,1,3,2025-12,Churn
SESS-890612,Gestion de Cuenta,cambio_plan,@soyDev92,2026-03-29 03:38:31,2,False,1,3,2026-03,Churn
SESS-890636,Gestion de Cuenta,cambio_plan,@theKitty34,2026-03-30 01:27:41,1,True,0,3,2026-03,Resuelto
SESS-890678,Gestion de Cuenta,cambio_plan,@theKitty99,2026-01-12 09:47:43,1,True,0,3,2026-01,Resuelto
SESS-890741,Acceso y Seguridad,error_login,@soyMarely22,2026-03-16 19:00:15,1,True,0,3,2026-03,Resuelto
SESS-890784,Facturación y Cobros,problema_pago,@soyMarely47,2026-03-25 18:02:16,1,True,0,3,2026-03,Resuelto
SESS-890803,Soporte Técnico y Despacho,logistica_envio,@theDev60,2026-04-28 23:35:01,1,True,0,3,2026-04,Resuelto
SESS-891583,Soporte Técnico y Despacho,logistica_envio,@theMarely62,2026-03-06 02:55:02,1,True,0,3,2026-03,Resuelto
SESS-892023,Gestion de Cuenta,cambio_plan,@soyMarely51,2025-11-12 16:25:06,2,False,1,3,2025-11,Churn
SESS-892040,Acceso y Seguridad,error_login,@theDev74,2026-04-13 13:30:50,1,True,0,3,2026-04,Resuelto
SESS-892297,Acceso y Seguridad,error_login,@theDev73,2026-04-29 19:01:17,1,True,0,3,2026-04,Resuelto
SESS-892305,Facturación y Cobros,problema_pago,@theDev92,2026-02-04 13:49:40,1,True,0,3,2026-02,Resuelto
SESS-892341,Gestion de Cuenta,cambio_plan,@theDev78,2025-11-13 19:53:45,2,False,1,3,2025-11,Churn
SESS-892579,Gestion de Cuenta,cambio_plan,@soyKitty12,2026-03-16 07:27:16,1,True,0,3,2026-03,Resuelto
SESS-892676,Soporte Técnico y Despacho,logistica_envio,@soyMarely67,2026-03-24 20:14:31,1,True,0,3,2026-03,Resuelto
SESS-892895,Soporte Técnico y Despacho,logistica_envio,@soyDev93,2026-03-21 07:51:32,2,False,1,3,2026-03,Churn
SESS-893050,Facturación y Cobros,problema_pago,@theDev13,2026-03-08 18:13:43,2,False,1,3,2026-03,Churn
SESS-893074,Soporte Técnico y Despacho,logistica_envio,@soyKitty85,2026-03-13 19:05:10,1,True,0,3,2026-03,Resuelto
SESS-893186,Gestion de Cuenta,cambio_plan,@theKitty18,2025-12-08 06:53:51,1,True,0,3,2025-12,Resuelto
SESS-893419,Gestion de Cuenta,cambio_plan,@soyKitty38,2025-11-16 08:06:37,2,False,1,3,2025-11,Churn
SESS-893568,Facturación y Cobros,problema_pago,@soyMarely72,2026-04-06 12:24:27,1,True,0,3,2026-04,Resuelto
SESS-894089,Facturación y Cobros,problema_pago,@theMarely56,2025-12-31 10:47:34,1,True,0,3,2025-12,Resuelto
SESS-894178,Gestion de Cuenta,cambio_plan,@soyDev90,2025-12-07 18:00:49,1,True,0,3,2025-12,Resuelto
SESS-894598,Facturación y Cobros,problema_pago,@theKitty46,2026-02-19 06:25:10,1,True,0,3,2026-02,Resuelto
SESS-894616,Facturación y Cobros,problema_pago,@soyKitty21,2025-12-17 22:09:51,1,True,0,3,2025-12,Resuelto
SESS-894683,Facturación y Cobros,problema_pago,@soyDev22,2026-02-03 20:15:29,1,True,0,3,2026-02,Resuelto
SESS-894882,Facturación y Cobros,problema_pago,@soyMarely21,2025-12-24 16:09:02,2,False,1,3,2025-12,Churn
SESS-894986,Facturación y Cobros,problema_pago,@soyMarely16,2026-01-22 09:30:05,1,True,0,3,2026-01,Resuelto
SESS-894998,Gestion de Cuenta,cambio_plan,@theDev71,2026-04-08 15:44:34,1,True,0,3,2026-04,Resuelto
SESS-895206,Acceso y Seguridad,error_login,@soyDev88,2026-02-20 02:42:57,2,False,1,3,2026-02,Churn
SESS-895218,Soporte Técnico y Despacho,logistica_envio,@theDev19,2025-11-16 08:52:25,1,True,0,3,2025-11,Resuelto
SESS-895570,Acceso y Seguridad,error_login,@soyDev72,2025-12-15 18:32:44,1,True,0,3,2025-12,Resuelto
SESS-895833,Facturación y Cobros,problema_pago,@soyKitty48,2026-01-08 10:29:31,2,False,1,3,2026-01,Churn
SESS-895899,Acceso y Seguridad,error_login,@theKitty22,2025-12-31 12:35:12,2,False,1,3,2025-12,Churn
SESS-896078,Gestion de Cuenta,cambio_plan,@soyKitty74,2026-03-23 09:02:14,1,True,0,3,2026-03,Resuelto
SESS-896289,Soporte Técnico y Despacho,logistica_envio,@soyMarely92,2026-03-17 13:02:12,2,False,1,3,2026-03,Churn
SESS-896970,Acceso y Seguridad,error_login,@soyMarely56,2026-02-05 16:37:33,1,True,0,3,2026-02,Resuelto
SESS-897019,Facturación y Cobros,problema_pago,@soyKitty54,2026-04-22 10:39:11,1,True,0,3,2026-04,Resuelto
SESS-897103,Facturación y Cobros,problema_pago,@soyMarely42,2026-03-22 15:04:45,1,True,0,3,2026-03,Resuelto
SESS-897125,Soporte Técnico y Despacho,logistica_envio,@theKitty80,2026-02-21 10:12:08,2,False,1,3,2026-02,Churn
SESS-897428,Facturación y Cobros,problema_pago,@soyKitty20,2025-11-22 15:04:55,1,True,0,3,2025-11,Resuelto
SESS-897477,Soporte Técnico y Despacho,logistica_envio,@soyDev89,2025-12-01 15:15:27,2,False,1,3,2025-12,Churn
SESS-897674,Acceso y Seguridad,error_login,@soyDev47,2026-02-09 06:17:17,1,True,0,3,2026-02,Resuelto
SESS-897720,Facturación y Cobros,problema_pago,@theMarely36,2026-02-05 00:38:49,2,False,1,3,2026-02,Churn
SESS-897793,Acceso y Seguridad,error_login,@soyDev95,2026-04-09 01:44:24,2,False,1,3,2026-04,Churn
SESS-897866,Acceso y Seguridad,error_login,@theMarely63,2026-04-20 17:25:57,2,False,1,3,2026-04,Churn
SESS-898134,Gestion de Cuenta,cambio_plan,@soyKitty94,2025-11-16 23:56:55,1,True,0,3,2025-11,Resuelto
SESS-898269,Gestion de Cuenta,cambio_plan,@soyKitty42,2025-11-23 21:11:01,1,True,0,3,2025-11,Resuelto
SESS-898287,Acceso y Seguridad,error_login,@theKitty83,2026-04-10 08:10:05,1,True,0,3,2026-04,Resuelto
SESS-898503,Gestion de Cuenta,cambio_plan,@theDev52,2026-02-23 07:10:52,1,True,0,3,2026-02,Resuelto
SESS-898673,Gestion de Cuenta,cambio_plan,@theDev71,2026-02-03 19:25:50,1,True,0,3,2026-02,Resuelto
SESS-899031,Gestion de Cuenta,cambio_plan,@theMarely46,2026-04-15 21:13:50,1,True,0,3,2026-04,Resuelto
SESS-899093,Acceso y Seguridad,error_login,@soyKitty63,2026-01-03 23:39:48,1,True,0,3,2026-01,Resuelto
SESS-899098,Acceso y Seguridad,error_login,@theKitty25,2025-12-10 17:12:04,1,True,0,3,2025-12,Resuelto
SESS-899214,Gestion de Cuenta,cambio_plan,@soyDev21,2026-01-09 21:25:26,1,True,0,3,2026-01,Resuelto
SESS-899371,Acceso y Seguridad,error_login,@soyDev26,2026-03-04 04:41:59,2,False,1,3,2026-03,Churn
SESS-899786,Soporte Técnico y Despacho,logistica_envio,@soyKitty82,2025-12-04 10:11:33,1,True,0,3,2025-12,Resuelto
SESS-899849,Acceso y Seguridad,error_login,@soyDev92,2026-02-08 01:56:48,1,True,0,3,2026-02,Resuelto
SESS-899897,Gestion de Cuenta,cambio_plan,@theMarely21,2025-11-26 11:26:40,1,True,0,3,2025-11,Resuelto
SESS-899922,Facturación y Cobros,problema_pago,@theKitty73,2026-02-28 07:19:06,1,True,0,3,2026-02,Resuelto
SESS-899999,Soporte Técnico y Despacho,logistica_envio,@soyMarely96,2026-02-02 01:57:39,1,True,0,3,2026-02,Resuelto
SESS-900005,Acceso y Seguridad,error_login,@soyDev27,2026-02-02 07:58:46,1,True,0,3,2026-02,Resuelto
SESS-900193,Facturación y Cobros,problema_pago,@soyKitty62,2026-03-25 19:56:20,2,False,1,3,2026-03,Churn
SESS-900208,Acceso y Seguridad,error_login,@theKitty32,2025-12-20 22:46:25,2,False,1,3,2025-12,Churn
SESS-900265,Acceso y Seguridad,error_login,@theMarely20,2026-03-14 04:53:35,1,True,0,3,2026-03,Resuelto
SESS-900268,Soporte Técnico y Despacho,logistica_envio,@theMarely37,2025-12-02 15:42:21,1,True,0,3,2025-12,Resuelto
SESS-900277,Soporte Técnico y Despacho,logistica_envio,@soyMarely92,2026-03-03 10:40:28,1,True,0,3,2026-03,Resuelto
SESS-900399,Gestion de Cuenta,cambio_plan,@soyKitty68,2026-01-16 06:21:22,1,True,0,3,2026-01,Resuelto
SESS-900407,Acceso y Seguridad,error_login,@soyMarely76,2026-05-03 05:12:16,1,True,0,3,2026-05,Resuelto
SESS-900645,Acceso y Seguridad,error_login,@theKitty95,2026-05-06 06:53:38,1,True,0,3,2026-05,Resuelto
SESS-900648,Facturación y Cobros,problema_pago,@theKitty87,2026-02-21 22:49:57,1,True,0,3,2026-02,Resuelto
SESS-900824,Gestion de Cuenta,cambio_plan,@soyMarely33,2025-11-21 05:49:40,1,True,0,3,2025-11,Resuelto
SESS-900848,Facturación y Cobros,problema_pago,@soyDev67,2025-11-16 01:10:07,1,True,0,3,2025-11,Resuelto
SESS-900993,Gestion de Cuenta,cambio_plan,@theDev26,2026-05-04 11:26:26,1,True,0,3,2026-05,Resuelto
SESS-901129,Facturación y Cobros,problema_pago,@soyKitty43,2026-01-31 00:39:38,1,True,0,3,2026-01,Resuelto
SESS-901181,Facturación y Cobros,problema_pago,@theKitty47,2025-12-17 14:54:48,1,True,0,3,2025-12,Resuelto
SESS-901451,Facturación y Cobros,problema_pago,@soyMarely39,2026-01-27 09:23:45,1,True,0,3,2026-01,Resuelto
SESS-901695,Soporte Técnico y Despacho,logistica_envio,@soyMarely54,2026-01-03 16:47:00,1,True,0,3,2026-01,Resuelto
SESS-901737,Facturación y Cobros,problema_pago,@theKitty64,2026-03-29 06:27:52,1,True,0,3,2026-03,Resuelto
SESS-901790,Gestion de Cuenta,cambio_plan,@soyKitty24,2026-02-15 10:09:01,2,False,1,3,2026-02,Churn
SESS-901907,Acceso y Seguridad,error_login,@theDev18,2025-11-27 04:35:57,1,True,0,3,2025-11,Resuelto
SESS-901962,Facturación y Cobros,problema_pago,@theKitty47,2025-11-10 01:06:59,2,False,1,3,2025-11,Churn
SESS-902135,Gestion de Cuenta,cambio_plan,@soyKitty59,2026-01-23 05:04:47,1,True,0,3,2026-01,Resuelto
SESS-902353,Acceso y Seguridad,error_login,@theMarely39,2025-12-02 05:07:29,2,False,1,3,2025-12,Churn
SESS-902372,Acceso y Seguridad,error_login,@soyMarely47,2025-11-19 12:59:24,1,True,0,3,2025-11,Resuelto
SESS-902503,Acceso y Seguridad,error_login,@theDev97,2025-11-23 12:01:29,1,True,0,3,2025-11,Resuelto
SESS-902600,Facturación y Cobros,problema_pago,@soyMarely96,2025-12-15 22:09:48,2,False,1,3,2025-12,Churn
SESS-902655,Facturación y Cobros,problema_pago,@theKitty79,2025-11-09 08:35:01,2,False,1,3,2025-11,Churn
SESS-903002,Acceso y Seguridad,error_login,@soyKitty84,2026-02-07 22:17:23,1,True,0,3,2026-02,Resuelto
SESS-903005,Gestion de Cuenta,cambio_plan,@theKitty95,2026-04-19 07:24:36,1,True,0,3,2026-04,Resuelto
SESS-903086,Facturación y Cobros,problema_pago,@theKitty14,2025-12-26 10:31:10,2,False,1,3,2025-12,Churn
SESS-903228,Facturación y Cobros,problema_pago,@soyDev13,2026-02-05 08:29:05,2,False,1,3,2026-02,Churn
SESS-903317,Gestion de Cuenta,cambio_plan,@soyDev65,2026-04-06 22:50:47,1,True,0,3,2026-04,Resuelto
SESS-904009,Gestion de Cuenta,cambio_plan,@theDev88,2026-02-04 12:26:23,2,False,1,3,2026-02,Churn
SESS-904082,Facturación y Cobros,problema_pago,@soyKitty70,2025-11-16 21:57:59,1,True,0,3,2025-11,Resuelto
SESS-904605,Gestion de Cuenta,cambio_plan,@theMarely26,2025-11-30 18:25:31,1,True,0,3,2025-11,Resuelto
SESS-904791,Acceso y Seguridad,error_login,@soyMarely34,2026-04-08 02:24:35,2,False,1,3,2026-04,Churn
SESS-904890,Acceso y Seguridad,error_login,@soyMarely19,2026-03-15 10:44:43,1,True,0,3,2026-03,Resuelto
SESS-904901,Acceso y Seguridad,error_login,@soyMarely46,2025-11-28 07:53:07,1,True,0,3,2025-11,Resuelto
SESS-905140,Acceso y Seguridad,error_login,@soyDev61,2025-11-25 21:33:01,1,True,0,3,2025-11,Resuelto
SESS-905162,Gestion de Cuenta,cambio_plan,@soyDev79,2026-04-22 01:35:26,1,True,0,3,2026-04,Resuelto
SESS-905275,Soporte Técnico y Despacho,logistica_envio,@theKitty94,2026-04-02 08:07:49,2,True,1,6,2026-04,Churn
SESS-905801,Gestion de Cuenta,cambio_plan,@soyMarely21,2026-04-04 08:00:05,2,False,1,3,2026-04,Churn
SESS-906250,Facturación y Cobros,problema_pago,@soyDev84,2025-11-08 04:49:54,2,False,1,3,2025-11,Churn
SESS-906676,Acceso y Seguridad,error_login,@soyKitty11,2025-11-14 19:44:31,1,True,0,3,2025-11,Resuelto
SESS-906818,Acceso y Seguridad,error_login,@theKitty11,2026-02-01 22:02:04,2,False,1,3,2026-02,Churn
SESS-906924,Acceso y Seguridad,error_login,@theMarely41,2026-04-16 16:35:21,2,False,1,3,2026-04,Churn
SESS-907508,Soporte Técnico y Despacho,logistica_envio,@soyDev94,2026-02-15 22:53:31,2,False,1,3,2026-02,Churn
SESS-907728,Gestion de Cuenta,cambio_plan,@theKitty61,2025-12-15 21:29:28,1,True,0,3,2025-12,Resuelto
SESS-907761,Facturación y Cobros,problema_pago,@theKitty34,2026-01-08 04:43:54,2,False,1,3,2026-01,Churn
SESS-908104,Gestion de Cuenta,cambio_plan,@theDev94,2026-01-26 17:04:48,1,True,0,3,2026-01,Resuelto
SESS-908152,Soporte Técnico y Despacho,logistica_envio,@theDev53,2026-03-30 03:06:48,1,True,0,3,2026-03,Resuelto
SESS-908243,Soporte Técnico y Despacho,logistica_envio,@soyKitty32,2025-11-09 09:15:14,1,True,0,3,2025-11,Resuelto
SESS-908450,Gestion de Cuenta,cambio_plan,@theKitty33,2025-11-10 04:52:15,1,True,0,3,2025-11,Resuelto
SESS-908460,Facturación y Cobros,problema_pago,@theKitty72,2026-03-09 02:12:36,2,False,1,3,2026-03,Churn
SESS-908474,Acceso y Seguridad,error_login,@soyKitty70,2026-02-14 06:55:19,1,True,0,3,2026-02,Resuelto
SESS-908597,Acceso y Seguridad,error_login,@theDev94,2026-03-08 22:21:37,2,False,1,3,2026-03,Churn
SESS-908630,Gestion de Cuenta,cambio_plan,@theMarely57,2025-12-15 21:31:14,1,True,0,3,2025-12,Resuelto
SESS-908652,Facturación y Cobros,problema_pago,@soyMarely28,2026-04-13 09:20:55,1,True,0,3,2026-04,Resuelto
SESS-908738,Acceso y Seguridad,error_login,@soyKitty72,2026-04-18 03:22:39,1,True,0,3,2026-04,Resuelto
SESS-908911,Gestion de Cuenta,cambio_plan,@soyDev31,2026-03-07 09:22:39,1,True,0,3,2026-03,Resuelto
SESS-908956,Facturación y Cobros,problema_pago,@theKitty88,2026-03-04 19:08:04,2,False,1,3,2026-03,Churn
SESS-909277,Facturación y Cobros,problema_pago,@soyKitty69,2025-11-15 12:45:52,1,True,0,3,2025-11,Resuelto
SESS-909396,Acceso y Seguridad,error_login,@theKitty30,2025-11-17 10:55:57,2,False,1,3,2025-11,Churn
SESS-909507,Gestion de Cuenta,cambio_plan,@soyKitty31,2026-01-02 21:06:12,2,False,1,3,2026-01,Churn
SESS-909551,Gestion de Cuenta,cambio_plan,@soyMarely20,2025-11-21 07:37:48,1,True,0,3,2025-11,Resuelto
SESS-909593,Acceso y Seguridad,error_login,@soyKitty52,2026-03-31 06:23:08,2,False,1,3,2026-03,Churn
SESS-909737,Acceso y Seguridad,error_login,@theMarely49,2026-02-21 14:51:12,2,False,1,3,2026-02,Churn
SESS-910287,Soporte Técnico y Despacho,logistica_envio,@soyDev61,2026-04-14 10:56:41,1,True,0,3,2026-04,Resuelto
SESS-910397,Gestion de Cuenta,cambio_plan,@soyMarely63,2026-02-06 11:06:57,2,False,1,3,2026-02,Churn
SESS-910421,Acceso y Seguridad,error_login,@theKitty91,2025-12-18 00:41:48,2,False,1,3,2025-12,Churn
SESS-910593,Gestion de Cuenta,cambio_plan,@theDev35,2026-01-26 12:38:09,1,True,0,3,2026-01,Resuelto
SESS-911087,Acceso y Seguridad,error_login,@theKitty53,2025-11-29 12:41:45,1,True,0,3,2025-11,Resuelto
SESS-911374,Acceso y Seguridad,error_login,@soyKitty45,2025-12-30 10:56:42,2,False,1,3,2025-12,Churn
SESS-911442,Soporte Técnico y Despacho,logistica_envio,@theMarely97,2026-02-05 11:53:25,1,True,0,3,2026-02,Resuelto
SESS-911599,Facturación y Cobros,problema_pago,@soyDev23,2026-03-24 06:48:13,2,False,1,3,2026-03,Churn
SESS-911682,Acceso y Seguridad,error_login,@soyDev14,2026-02-21 01:15:04,2,False,1,3,2026-02,Churn
SESS-911992,Acceso y Seguridad,error_login,@theKitty12,2025-11-26 09:45:51,1,True,0,3,2025-11,Resuelto
SESS-912073,Gestion de Cuenta,cambio_plan,@theDev26,2026-05-05 00:23:32,1,True,0,3,2026-05,Resuelto
SESS-912091,Facturación y Cobros,problema_pago,@theMarely97,2026-04-06 05:45:03,1,True,0,3,2026-04,Resuelto
SESS-912332,Acceso y Seguridad,error_login,@soyMarely57,2026-02-13 12:04:04,1,True,0,3,2026-02,Resuelto
SESS-912402,Soporte Técnico y Despacho,logistica_envio,@theMarely52,2025-11-30 21:31:24,2,False,1,3,2025-11,Churn
SESS-912745,Gestion de Cuenta,cambio_plan,@theDev98,2025-11-27 14:09:56,1,True,0,3,2025-11,Resuelto
SESS-912785,Acceso y Seguridad,error_login,@theMarely87,2025-12-20 01:07:26,1,True,0,3,2025-12,Resuelto
SESS-912897,Facturación y Cobros,problema_pago,@soyMarely65,2026-03-12 04:38:47,2,False,1,3,2026-03,Churn
SESS-913148,Acceso y Seguridad,error_login,@theMarely10,2025-12-17 00:21:55,2,False,1,3,2025-12,Churn
SESS-913213,Soporte Técnico y Despacho,logistica_envio,@soyDev28,2025-12-28 00:57:25,1,True,0,3,2025-12,Resuelto
SESS-913377,Acceso y Seguridad,error_login,@soyKitty64,2026-03-29 14:15:01,2,False,1,3,2026-03,Churn
SESS-913431,Gestion de Cuenta,cambio_plan,@soyMarely37,2026-03-06 09:09:19,2,False,1,3,2026-03,Churn
SESS-913513,Soporte Técnico y Despacho,logistica_envio,@theDev99,2025-11-13 03:39:37,1,True,0,3,2025-11,Resuelto
SESS-913690,Acceso y Seguridad,error_login,@theDev64,2026-05-04 01:31:19,1,True,0,3,2026-05,Resuelto
SESS-913737,Facturación y Cobros,problema_pago,@theMarely77,2026-02-18 00:33:13,2,False,1,3,2026-02,Churn
SESS-913747,Facturación y Cobros,problema_pago,@soyDev48,2026-02-20 22:41:25,1,True,0,3,2026-02,Resuelto
SESS-913840,Acceso y Seguridad,error_login,@theKitty32,2026-01-16 08:02:01,2,False,1,3,2026-01,Churn
SESS-913901,Acceso y Seguridad,error_login,@theMarely86,2026-03-21 20:04:02,1,True,0,3,2026-03,Resuelto
SESS-914020,Facturación y Cobros,problema_pago,@theDev33,2026-01-14 20:54:09,1,True,0,3,2026-01,Resuelto
SESS-914178,Soporte Técnico y Despacho,logistica_envio,@soyMarely68,2025-11-08 07:40:04,1,True,0,3,2025-11,Resuelto
SESS-914194,Facturación y Cobros,problema_pago,@theDev39,2026-04-26 04:08:50,1,True,0,3,2026-04,Resuelto
SESS-914291,Facturación y Cobros,problema_pago,@theDev82,2025-11-15 20:13:23,2,False,1,3,2025-11,Churn
SESS-914525,Facturación y Cobros,problema_pago,@theKitty68,2025-12-01 08:43:06,1,True,0,3,2025-12,Resuelto
SESS-914702,Acceso y Seguridad,error_login,@soyMarely20,2025-11-14 04:26:03,1,True,0,3,2025-11,Resuelto
SESS-915049,Gestion de Cuenta,cambio_plan,@soyKitty95,2026-02-11 17:31:21,2,False,1,3,2026-02,Churn
SESS-915057,Facturación y Cobros,problema_pago,@theMarely71,2025-11-22 01:25:49,1,True,0,3,2025-11,Resuelto
SESS-915097,Acceso y Seguridad,error_login,@theKitty46,2026-01-22 13:17:26,2,False,1,3,2026-01,Churn
SESS-915208,Facturación y Cobros,problema_pago,@soyKitty56,2025-11-28 20:40:58,2,False,1,3,2025-11,Churn
SESS-915218,Gestion de Cuenta,cambio_plan,@theKitty70,2026-01-28 03:44:30,1,True,0,3,2026-01,Resuelto
SESS-915245,Facturación y Cobros,problema_pago,@soyKitty68,2025-12-24 01:59:23,1,True,0,3,2025-12,Resuelto
SESS-915297,Gestion de Cuenta,cambio_plan,@theDev94,2026-02-19 05:08:41,2,False,1,3,2026-02,Churn
SESS-915362,Acceso y Seguridad,error_login,@soyMarely15,2026-02-08 07:48:37,1,True,0,3,2026-02,Resuelto
SESS-915591,Facturación y Cobros,problema_pago,@soyDev86,2026-03-04 02:55:54,1,True,0,3,2026-03,Resuelto
SESS-915648,Gestion de Cuenta,cambio_plan,@soyDev31,2026-04-05 23:30:45,1,True,0,3,2026-04,Resuelto
SESS-915881,Acceso y Seguridad,error_login,@soyMarely50,2026-01-31 22:34:47,1,True,0,3,2026-01,Resuelto
SESS-915906,Acceso y Seguridad,error_login,@theDev79,2026-02-24 02:01:21,1,True,0,3,2026-02,Resuelto
SESS-915986,Acceso y Seguridad,error_login,@soyMarely68,2026-01-15 10:05:19,2,False,1,3,2026-01,Churn
SESS-916051,Gestion de Cuenta,cambio_plan,@theDev21,2026-02-17 07:35:44,2,False,1,3,2026-02,Churn
SESS-916692,Gestion de Cuenta,cambio_plan,@soyDev91,2026-01-25 13:21:17,1,True,0,3,2026-01,Resuelto
SESS-916847,Acceso y Seguridad,error_login,@soyDev44,2026-05-05 05:14:33,1,True,0,3,2026-05,Resuelto
SESS-916952,Acceso y Seguridad,error_login,@theKitty53,2025-12-24 02:54:36,2,False,1,3,2025-12,Churn
SESS-917460,Acceso y Seguridad,error_login,@soyDev11,2026-03-14 02:06:28,2,False,1,3,2026-03,Churn
SESS-917483,Facturación y Cobros,problema_pago,@theDev46,2026-01-11 14:31:32,2,False,1,3,2026-01,Churn
SESS-917546,Gestion de Cuenta,cambio_plan,@theDev21,2026-04-02 23:10:59,2,False,1,3,2026-04,Churn
SESS-917632,Facturación y Cobros,problema_pago,@theKitty19,2026-02-10 15:29:53,1,True,0,3,2026-02,Resuelto
SESS-917738,Gestion de Cuenta,cambio_plan,@theKitty57,2026-02-06 21:01:55,1,True,0,3,2026-02,Resuelto
SESS-917811,Acceso y Seguridad,error_login,@theKitty57,2026-01-19 12:31:11,2,False,1,3,2026-01,Churn
SESS-917888,Soporte Técnico y Despacho,logistica_envio,@theMarely49,2026-04-07 08:15:57,2,False,1,3,2026-04,Churn
SESS-917905,Facturación y Cobros,problema_pago,@soyKitty26,2026-01-05 10:00:32,1,True,0,3,2026-01,Resuelto
SESS-917914,Soporte Técnico y Despacho,logistica_envio,@soyDev51,2025-11-11 11:12:27,1,True,0,3,2025-11,Resuelto
SESS-918703,Soporte Técnico y Despacho,logistica_envio,@theMarely50,2026-04-12 13:41:21,1,True,0,3,2026-04,Resuelto
SESS-918823,Soporte Técnico y Despacho,logistica_envio,@theMarely11,2026-03-29 05:10:39,1,True,0,3,2026-03,Resuelto
SESS-919126,Gestion de Cuenta,cambio_plan,@soyMarely79,2025-11-14 17:52:49,1,True,0,3,2025-11,Resuelto
SESS-919332,Gestion de Cuenta,cambio_plan,@theDev56,2026-04-01 07:29:05,1,True,0,3,2026-04,Resuelto
SESS-919429,Soporte Técnico y Despacho,logistica_envio,@theDev11,2026-04-25 08:31:34,1,True,0,3,2026-04,Resuelto
SESS-919785,Facturación y Cobros,problema_pago,@soyMarely98,2026-01-25 19:31:16,1,True,0,3,2026-01,Resuelto
SESS-919838,Acceso y Seguridad,error_login,@soyKitty14,2026-03-07 23:06:08,2,False,1,3,2026-03,Churn
SESS-919841,Gestion de Cuenta,cambio_plan,@theDev43,2025-12-29 03:15:46,2,False,1,3,2025-12,Churn
SESS-920161,Acceso y Seguridad,error_login,@theKitty13,2026-04-12 18:15:23,1,True,0,3,2026-04,Resuelto
SESS-921015,Facturación y Cobros,problema_pago,@soyDev26,2026-03-12 04:55:38,1,True,0,3,2026-03,Resuelto
SESS-921120,Facturación y Cobros,problema_pago,@soyMarely32,2026-04-10 11:01:59,1,True,0,3,2026-04,Resuelto
SESS-921162,Gestion de Cuenta,cambio_plan,@soyKitty70,2026-02-12 22:10:52,1,True,0,3,2026-02,Resuelto
SESS-921170,Soporte Técnico y Despacho,logistica_envio,@theDev10,2025-12-14 04:30:45,1,True,0,3,2025-12,Resuelto
SESS-921180,Acceso y Seguridad,error_login,@soyMarely33,2026-02-10 20:58:17,1,True,0,3,2026-02,Resuelto
SESS-921301,Facturación y Cobros,problema_pago,@soyDev23,2025-11-11 15:43:13,2,False,1,3,2025-11,Churn
SESS-921354,Acceso y Seguridad,error_login,@theDev73,2026-01-30 20:24:21,2,False,1,3,2026-01,Churn
SESS-921465,Gestion de Cuenta,cambio_plan,@theMarely17,2026-02-22 19:51:33,1,True,0,3,2026-02,Resuelto
SESS-921467,Facturación y Cobros,problema_pago,@theDev79,2025-12-27 01:09:41,2,False,1,3,2025-12,Churn
SESS-921508,Gestion de Cuenta,cambio_plan,@theMarely13,2025-11-26 13:43:02,2,False,1,3,2025-11,Churn
SESS-921590,Acceso y Seguridad,error_login,@theDev21,2026-01-13 09:55:47,1,True,0,3,2026-01,Resuelto
SESS-921751,Facturación y Cobros,problema_pago,@soyMarely30,2026-04-29 03:06:17,1,True,0,3,2026-04,Resuelto
SESS-921891,Facturación y Cobros,problema_pago,@theKitty73,2026-04-19 00:21:45,2,False,1,3,2026-04,Churn
SESS-922012,Acceso y Seguridad,error_login,@soyKitty14,2026-04-10 14:20:03,2,False,1,3,2026-04,Churn
SESS-922132,Facturación y Cobros,problema_pago,@theMarely91,2026-01-13 19:30:23,1,True,0,3,2026-01,Resuelto
SESS-922190,Gestion de Cuenta,cambio_plan,@theKitty47,2026-02-19 19:10:53,1,True,0,3,2026-02,Resuelto
SESS-922335,Acceso y Seguridad,error_login,@theMarely26,2026-03-24 18:23:21,2,False,1,3,2026-03,Churn
SESS-922761,Gestion de Cuenta,cambio_plan,@theDev50,2025-11-18 07:11:46,1,True,0,3,2025-11,Resuelto
SESS-922805,Acceso y Seguridad,error_login,@theMarely22,2026-02-25 07:49:35,1,True,0,3,2026-02,Resuelto
SESS-922953,Facturación y Cobros,problema_pago,@soyMarely61,2026-04-05 12:44:56,1,True,0,3,2026-04,Resuelto
SESS-922983,Acceso y Seguridad,error_login,@theDev15,2026-02-11 03:31:02,1,True,0,3,2026-02,Resuelto
SESS-923456,Gestion de Cuenta,cambio_plan,@soyMarely93,2026-04-09 03:34:16,1,True,0,3,2026-04,Resuelto
SESS-923488,Facturación y Cobros,problema_pago,@theMarely32,2026-04-11 16:35:07,1,True,0,3,2026-04,Resuelto
SESS-923909,Facturación y Cobros,problema_pago,@soyDev84,2026-02-02 17:38:39,1,True,0,3,2026-02,Resuelto
SESS-924264,Gestion de Cuenta,cambio_plan,@theKitty94,2026-02-03 02:02:08,1,True,0,3,2026-02,Resuelto
SESS-924365,Gestion de Cuenta,cambio_plan,@soyMarely29,2026-02-13 04:32:22,2,False,1,3,2026-02,Churn
SESS-924487,Facturación y Cobros,problema_pago,@soyKitty70,2026-01-04 20:21:13,2,False,1,3,2026-01,Churn
SESS-924596,Acceso y Seguridad,error_login,@soyKitty50,2026-04-21 07:17:49,1,True,0,3,2026-04,Resuelto
SESS-924717,Acceso y Seguridad,error_login,@theDev86,2026-01-17 21:17:04,1,True,0,3,2026-01,Resuelto
SESS-924798,Facturación y Cobros,problema_pago,@theMarely52,2025-12-15 22:34:15,1,True,0,3,2025-12,Resuelto
SESS-925029,Acceso y Seguridad,error_login,@soyDev63,2026-03-30 07:45:36,1,True,0,3,2026-03,Resuelto
SESS-925032,Soporte Técnico y Despacho,logistica_envio,@theKitty10,2026-03-20 17:44:32,1,True,0,3,2026-03,Resuelto
SESS-925160,Gestion de Cuenta,cambio_plan,@theKitty27,2026-01-25 15:02:56,1,True,0,3,2026-01,Resuelto
SESS-925244,Gestion de Cuenta,cambio_plan,@soyDev91,2025-12-27 20:58:01,1,True,0,3,2025-12,Resuelto
SESS-925562,Facturación y Cobros,problema_pago,@soyMarely31,2026-03-23 19:33:16,1,True,0,3,2026-03,Resuelto
SESS-925592,Soporte Técnico y Despacho,logistica_envio,@theKitty20,2026-03-07 03:33:37,2,False,1,3,2026-03,Churn
SESS-925937,Acceso y Seguridad,error_login,@soyMarely53,2025-11-26 12:26:32,1,True,0,3,2025-11,Resuelto
SESS-926147,Acceso y Seguridad,error_login,@theKitty93,2026-03-31 14:26:42,1,True,0,3,2026-03,Resuelto
SESS-926725,Acceso y Seguridad,error_login,@soyMarely98,2026-03-17 09:27:31,1,True,0,3,2026-03,Resuelto
SESS-926752,Acceso y Seguridad,error_login,@theDev43,2026-03-05 19:21:46,2,False,1,3,2026-03,Churn
SESS-927078,Soporte Técnico y Despacho,logistica_envio,@soyKitty32,2025-11-24 08:25:11,2,False,1,3,2025-11,Churn
SESS-927140,Soporte Técnico y Despacho,logistica_envio,@theMarely70,2026-04-27 01:51:21,2,False,1,3,2026-04,Churn
SESS-927182,Acceso y Seguridad,error_login,@soyDev92,2026-02-09 06:16:45,2,False,1,3,2026-02,Churn
SESS-927323,Facturación y Cobros,problema_pago,@theMarely67,2025-12-01 06:44:24,1,True,0,3,2025-12,Resuelto
SESS-927361,Facturación y Cobros,problema_pago,@theMarely15,2026-03-31 08:37:25,1,True,0,3,2026-03,Resuelto
SESS-927380,Facturación y Cobros,problema_pago,@soyKitty67,2026-04-01 01:28:28,1,True,0,3,2026-04,Resuelto
SESS-927415,Gestion de Cuenta,cambio_plan,@theMarely68,2026-02-24 04:27:36,1,True,0,3,2026-02,Resuelto
SESS-927418,Acceso y Seguridad,error_login,@theDev97,2026-02-09 11:20:18,1,True,0,3,2026-02,Resuelto
SESS-927461,Gestion de Cuenta,cambio_plan,@theMarely86,2026-02-26 07:02:51,1,True,0,3,2026-02,Resuelto
SESS-927543,Acceso y Seguridad,error_login,@soyKitty69,2026-05-05 04:49:28,1,True,0,3,2026-05,Resuelto
SESS-927583,Acceso y Seguridad,error_login,@theMarely69,2025-12-10 15:24:51,1,True,0,3,2025-12,Resuelto
SESS-927831,Soporte Técnico y Despacho,logistica_envio,@theMarely99,2025-12-13 08:45:44,1,True,0,3,2025-12,Resuelto
SESS-928052,Facturación y Cobros,problema_pago,@soyKitty88,2025-12-29 06:39:37,2,False,1,3,2025-12,Churn
SESS-928226,Gestion de Cuenta,cambio_plan,@theMarely57,2026-04-18 21:13:56,2,False,1,3,2026-04,Churn
SESS-928232,Gestion de Cuenta,cambio_plan,@soyKitty72,2026-04-26 10:32:35,1,True,0,3,2026-04,Resuelto
SESS-928371,Gestion de Cuenta,cambio_plan,@theMarely18,2026-04-28 19:21:22,1,True,0,3,2026-04,Resuelto
SESS-928578,Gestion de Cuenta,cambio_plan,@soyDev30,2026-02-16 06:14:46,1,True,0,3,2026-02,Resuelto
SESS-928726,Acceso y Seguridad,error_login,@soyDev46,2026-02-04 00:31:47,1,True,0,3,2026-02,Resuelto
SESS-928768,Gestion de Cuenta,cambio_plan,@theMarely90,2026-03-17 22:53:07,1,True,0,3,2026-03,Resuelto
SESS-928840,Facturación y Cobros,problema_pago,@theMarely43,2025-12-27 21:21:34,1,True,0,3,2025-12,Resuelto
SESS-929434,Gestion de Cuenta,cambio_plan,@soyMarely98,2026-01-12 09:53:31,1,True,0,3,2026-01,Resuelto
SESS-929435,Soporte Técnico y Despacho,logistica_envio,@soyKitty88,2026-03-18 09:48:54,1,True,0,3,2026-03,Resuelto
SESS-929469,Acceso y Seguridad,error_login,@theMarely91,2026-04-09 10:02:13,1,True,0,6,2026-04,Resuelto
SESS-929510,Facturación y Cobros,problema_pago,@soyMarely12,2025-11-22 00:11:31,1,True,0,3,2025-11,Resuelto
SESS-929845,Facturación y Cobros,problema_pago,@soyMarely63,2026-01-13 13:30:47,1,True,0,3,2026-01,Resuelto
SESS-930069,Soporte Técnico y Despacho,logistica_envio,@soyKitty21,2025-12-27 03:24:27,1,True,0,3,2025-12,Resuelto
SESS-930075,Soporte Técnico y Despacho,logistica_envio,@soyMarely40,2025-11-23 10:46:05,1,True,0,3,2025-11,Resuelto
SESS-930317,Facturación y Cobros,problema_pago,@soyKitty47,2025-12-23 07:57:21,1,True,0,3,2025-12,Resuelto
SESS-930582,Soporte Técnico y Despacho,logistica_envio,@theDev12,2025-12-20 09:10:49,1,True,0,3,2025-12,Resuelto
SESS-930600,Soporte Técnico y Despacho,logistica_envio,@theKitty37,2025-12-26 12:14:53,1,True,0,3,2025-12,Resuelto
SESS-930738,Acceso y Seguridad,error_login,@soyDev89,2026-01-08 13:40:24,2,False,1,3,2026-01,Churn
SESS-930791,Facturación y Cobros,problema_pago,@soyKitty38,2026-03-08 16:41:53,1,True,0,3,2026-03,Resuelto
SESS-930899,Facturación y Cobros,problema_pago,@soyMarely92,2025-12-01 02:12:11,2,False,1,3,2025-12,Churn
SESS-931021,Gestion de Cuenta,cambio_plan,@theDev53,2025-11-16 19:56:46,2,False,1,3,2025-11,Churn
SESS-931085,Gestion de Cuenta,cambio_plan,@theDev78,2025-11-12 18:54:07,2,False,1,3,2025-11,Churn
SESS-931116,Facturación y Cobros,problema_pago,@soyMarely24,2026-02-02 10:04:54,1,True,0,3,2026-02,Resuelto
SESS-931438,Soporte Técnico y Despacho,logistica_envio,@soyMarely40,2026-03-01 04:11:40,1,True,0,3,2026-03,Resuelto
SESS-931475,Acceso y Seguridad,error_login,@theDev90,2026-02-15 20:20:31,1,True,0,3,2026-02,Resuelto
SESS-931829,Facturación y Cobros,problema_pago,@soyDev63,2025-11-12 19:30:58,1,True,0,3,2025-11,Resuelto
SESS-931957,Gestion de Cuenta,cambio_plan,@soyDev73,2026-02-13 20:46:49,2,False,1,3,2026-02,Churn
SESS-931974,Gestion de Cuenta,cambio_plan,@theDev50,2026-05-05 00:58:43,1,True,0,3,2026-05,Resuelto
SESS-932291,Facturación y Cobros,problema_pago,@soyDev61,2025-12-27 01:32:13,1,True,0,3,2025-12,Resuelto
SESS-932562,Acceso y Seguridad,error_login,@soyKitty69,2025-12-10 20:06:08,1,True,0,3,2025-12,Resuelto
SESS-932575,Acceso y Seguridad,error_login,@soyDev42,2026-04-06 00:55:28,2,False,1,3,2026-04,Churn
SESS-932752,Acceso y Seguridad,error_login,@theDev73,2025-12-24 22:41:41,1,True,0,3,2025-12,Resuelto
SESS-932911,Soporte Técnico y Despacho,logistica_envio,@soyDev83,2025-12-31 00:07:46,1,True,0,3,2025-12,Resuelto
SESS-933196,Gestion de Cuenta,cambio_plan,@soyDev96,2025-12-24 15:52:30,2,False,1,3,2025-12,Churn
SESS-933288,Gestion de Cuenta,cambio_plan,@soyMarely87,2026-03-14 04:55:28,1,True,0,3,2026-03,Resuelto
SESS-933428,Soporte Técnico y Despacho,logistica_envio,@theKitty40,2026-05-06 07:35:07,1,True,0,3,2026-05,Resuelto
SESS-933959,Gestion de Cuenta,cambio_plan,@theMarely71,2025-11-18 11:25:47,1,True,0,3,2025-11,Resuelto
SESS-934070,Facturación y Cobros,problema_pago,@soyDev75,2025-11-22 11:50:36,1,True,0,3,2025-11,Resuelto
SESS-934193,Gestion de Cuenta,cambio_plan,@soyKitty31,2026-02-04 04:38:47,1,True,0,3,2026-02,Resuelto
SESS-934644,Facturación y Cobros,problema_pago,@theMarely73,2026-02-04 19:17:57,1,True,0,3,2026-02,Resuelto
SESS-934932,Gestion de Cuenta,cambio_plan,@theDev28,2025-11-15 06:13:47,1,True,0,3,2025-11,Resuelto
SESS-935025,Gestion de Cuenta,cambio_plan,@soyKitty74,2025-12-20 15:34:27,1,True,0,3,2025-12,Resuelto
SESS-935033,Facturación y Cobros,problema_pago,@soyMarely90,2026-01-04 10:19:27,1,True,0,3,2026-01,Resuelto
SESS-935252,Gestion de Cuenta,cambio_plan,@soyMarely12,2026-02-10 06:13:43,1,True,0,3,2026-02,Resuelto
SESS-935834,Facturación y Cobros,problema_pago,@theKitty57,2025-11-11 17:28:20,2,False,1,3,2025-11,Churn
SESS-935992,Acceso y Seguridad,error_login,@theDev99,2026-01-16 23:49:56,2,False,1,3,2026-01,Churn
SESS-936053,Gestion de Cuenta,cambio_plan,@soyMarely74,2026-01-18 21:53:10,2,False,1,3,2026-01,Churn
SESS-936306,Gestion de Cuenta,cambio_plan,@theKitty27,2025-11-08 11:51:16,2,False,1,3,2025-11,Churn
SESS-936333,Soporte Técnico y Despacho,logistica_envio,@soyMarely60,2026-03-08 12:47:43,1,True,0,3,2026-03,Resuelto
SESS-936472,Soporte Técnico y Despacho,logistica_envio,@soyDev33,2025-12-10 13:33:12,1,True,0,3,2025-12,Resuelto
SESS-936480,Facturación y Cobros,problema_pago,@soyMarely86,2026-04-12 02:55:09,1,True,0,3,2026-04,Resuelto
SESS-937066,Facturación y Cobros,problema_pago,@theMarely16,2026-04-22 21:40:54,2,False,1,3,2026-04,Churn
SESS-937216,Acceso y Seguridad,error_login,@soyKitty18,2026-04-30 12:08:54,2,False,1,3,2026-04,Churn
SESS-937296,Acceso y Seguridad,error_login,@theDev89,2026-04-27 09:16:28,1,True,0,3,2026-04,Resuelto
SESS-937315,Gestion de Cuenta,cambio_plan,@theMarely86,2026-03-01 23:37:00,1,True,0,3,2026-03,Resuelto
SESS-937362,Soporte Técnico y Despacho,logistica_envio,@theDev59,2026-04-20 02:47:12,1,True,0,3,2026-04,Resuelto
SESS-937413,Gestion de Cuenta,cambio_plan,@soyKitty46,2026-02-04 17:37:24,2,False,1,3,2026-02,Churn
SESS-937450,Facturación y Cobros,problema_pago,@soyKitty12,2025-12-18 04:15:21,2,False,1,3,2025-12,Churn
SESS-937467,Soporte Técnico y Despacho,logistica_envio,@soyDev13,2026-04-19 09:30:01,1,True,0,3,2026-04,Resuelto
SESS-937733,Acceso y Seguridad,error_login,@theKitty89,2026-03-07 16:02:30,2,False,1,3,2026-03,Churn
SESS-937789,Gestion de Cuenta,cambio_plan,@soyMarely88,2026-01-16 02:07:36,1,True,0,3,2026-01,Resuelto
SESS-938054,Gestion de Cuenta,cambio_plan,@soyKitty49,2026-02-25 12:22:06,1,True,0,3,2026-02,Resuelto
SESS-938513,Facturación y Cobros,problema_pago,@theDev18,2025-12-16 09:31:27,2,False,1,3,2025-12,Churn
SESS-938525,Acceso y Seguridad,error_login,@theDev51,2026-02-07 16:17:16,1,True,0,3,2026-02,Resuelto
SESS-938647,Facturación y Cobros,problema_pago,@theDev53,2026-04-22 11:01:31,1,True,0,3,2026-04,Resuelto
SESS-938652,Gestion de Cuenta,cambio_plan,@soyDev71,2026-02-19 08:30:51,1,True,0,3,2026-02,Resuelto
SESS-938666,Acceso y Seguridad,error_login,@theDev89,2026-02-25 15:06:43,2,False,1,3,2026-02,Churn
SESS-938879,Facturación y Cobros,problema_pago,@theDev63,2026-01-26 16:10:26,1,True,0,3,2026-01,Resuelto
SESS-938891,Soporte Técnico y Despacho,logistica_envio,@soyDev51,2025-11-10 15:06:08,2,False,1,3,2025-11,Churn
SESS-939166,Acceso y Seguridad,error_login,@soyKitty27,2026-01-13 22:38:52,1,True,0,3,2026-01,Resuelto
SESS-939249,Facturación y Cobros,problema_pago,@soyKitty12,2026-01-27 11:23:37,1,True,0,3,2026-01,Resuelto
SESS-939381,Facturación y Cobros,problema_pago,@theMarely16,2025-12-12 17:48:17,1,True,0,3,2025-12,Resuelto
SESS-939431,Facturación y Cobros,problema_pago,@soyMarely53,2026-01-19 04:46:58,1,True,0,3,2026-01,Resuelto
SESS-939703,Acceso y Seguridad,error_login,@soyKitty31,2026-01-13 23:07:35,2,True,1,6,2026-01,Churn
SESS-939773,Acceso y Seguridad,error_login,@theMarely87,2026-01-15 11:26:13,1,True,0,3,2026-01,Resuelto
SESS-939817,Gestion de Cuenta,cambio_plan,@theKitty54,2025-11-18 20:20:32,2,False,1,3,2025-11,Churn
SESS-939835,Acceso y Seguridad,error_login,@soyMarely81,2025-12-14 15:58:23,1,True,0,3,2025-12,Resuelto
SESS-940197,Soporte Técnico y Despacho,logistica_envio,@theDev53,2026-01-15 12:59:41,1,True,0,3,2026-01,Resuelto
SESS-940648,Soporte Técnico y Despacho,logistica_envio,@soyKitty24,2026-01-14 22:11:37,1,True,0,3,2026-01,Resuelto
SESS-940744,Gestion de Cuenta,cambio_plan,@soyKitty45,2026-04-12 07:40:21,1,True,0,3,2026-04,Resuelto
SESS-940813,Acceso y Seguridad,error_login,@soyKitty89,2026-04-15 23:38:07,1,True,0,3,2026-04,Resuelto
SESS-940832,Acceso y Seguridad,error_login,@theKitty43,2026-03-01 12:20:44,1,True,0,3,2026-03,Resuelto
SESS-940931,Gestion de Cuenta,cambio_plan,@theDev56,2026-03-05 00:23:23,1,True,0,3,2026-03,Resuelto
SESS-941111,Acceso y Seguridad,error_login,@theKitty57,2026-01-04 13:33:21,1,True,0,3,2026-01,Resuelto
SESS-941173,Facturación y Cobros,problema_pago,@theMarely34,2025-12-07 00:02:43,1,True,0,3,2025-12,Resuelto
SESS-941181,Gestion de Cuenta,cambio_plan,@soyDev20,2025-11-15 19:42:30,1,True,0,3,2025-11,Resuelto
SESS-941210,Gestion de Cuenta,cambio_plan,@soyKitty30,2025-12-31 15:35:58,1,True,0,3,2025-12,Resuelto
SESS-941220,Soporte Técnico y Despacho,logistica_envio,@theKitty28,2025-12-10 02:02:43,2,False,1,3,2025-12,Churn
SESS-941289,Soporte Técnico y Despacho,logistica_envio,@soyMarely86,2026-04-28 03:19:25,1,True,0,3,2026-04,Resuelto
SESS-941299,Soporte Técnico y Despacho,logistica_envio,@soyKitty55,2026-04-20 06:31:05,1,True,0,3,2026-04,Resuelto
SESS-941666,Facturación y Cobros,problema_pago,@theMarely44,2026-01-02 08:43:38,2,False,1,3,2026-01,Churn
SESS-941673,Soporte Técnico y Despacho,logistica_envio,@soyMarely98,2025-12-26 20:36:02,2,False,1,3,2025-12,Churn
SESS-941971,Soporte Técnico y Despacho,logistica_envio,@soyMarely62,2026-01-08 15:27:42,1,True,0,3,2026-01,Resuelto
SESS-941998,Acceso y Seguridad,error_login,@theKitty84,2026-03-05 14:49:23,2,False,1,3,2026-03,Churn
SESS-942203,Soporte Técnico y Despacho,logistica_envio,@soyDev28,2026-03-02 03:23:18,1,True,0,3,2026-03,Resuelto
SESS-942276,Acceso y Seguridad,error_login,@soyKitty61,2025-11-23 11:41:15,1,True,0,3,2025-11,Resuelto
SESS-942426,Soporte Técnico y Despacho,logistica_envio,@theKitty27,2026-01-11 18:13:12,1,True,0,3,2026-01,Resuelto
SESS-942549,Acceso y Seguridad,error_login,@soyDev98,2025-12-02 20:51:30,1,True,0,3,2025-12,Resuelto
SESS-942611,Facturación y Cobros,problema_pago,@theKitty25,2026-01-28 06:25:18,2,False,1,3,2026-01,Churn
SESS-942613,Facturación y Cobros,problema_pago,@theKitty55,2025-12-16 02:15:29,1,True,0,3,2025-12,Resuelto
SESS-942786,Facturación y Cobros,problema_pago,@theDev44,2026-03-14 22:20:31,1,True,0,3,2026-03,Resuelto
SESS-943181,Gestion de Cuenta,cambio_plan,@soyMarely25,2025-11-23 12:00:11,1,True,0,3,2025-11,Resuelto
SESS-943652,Facturación y Cobros,problema_pago,@soyKitty40,2026-04-07 15:27:55,1,True,0,3,2026-04,Resuelto
SESS-943700,Acceso y Seguridad,error_login,@soyKitty43,2026-03-18 18:44:21,1,True,0,3,2026-03,Resuelto
SESS-943783,Soporte Técnico y Despacho,logistica_envio,@soyMarely76,2026-01-12 19:18:35,2,False,1,3,2026-01,Churn
SESS-944151,Gestion de Cuenta,cambio_plan,@theDev13,2026-01-09 09:22:48,1,True,0,3,2026-01,Resuelto
SESS-944325,Facturación y Cobros,problema_pago,@theKitty47,2025-12-02 07:59:20,1,True,0,3,2025-12,Resuelto
SESS-944698,Gestion de Cuenta,cambio_plan,@soyMarely21,2026-04-09 15:08:23,1,True,0,3,2026-04,Resuelto
SESS-945269,Soporte Técnico y Despacho,logistica_envio,@theDev64,2025-12-28 10:13:49,2,False,1,3,2025-12,Churn
SESS-945274,Gestion de Cuenta,cambio_plan,@theKitty98,2025-11-26 16:11:38,1,True,0,3,2025-11,Resuelto
SESS-945305,Facturación y Cobros,problema_pago,@soyKitty30,2025-12-16 00:10:55,1,True,0,3,2025-12,Resuelto
SESS-945338,Soporte Técnico y Despacho,logistica_envio,@soyKitty10,2025-12-03 05:19:40,1,True,0,3,2025-12,Resuelto
SESS-945467,Gestion de Cuenta,cambio_plan,@soyMarely23,2026-04-24 20:23:41,2,False,1,3,2026-04,Churn
SESS-945542,Facturación y Cobros,problema_pago,@soyDev86,2025-12-08 19:10:45,1,True,0,3,2025-12,Resuelto
SESS-945767,Soporte Técnico y Despacho,logistica_envio,@soyDev64,2026-01-13 14:17:40,1,True,0,3,2026-01,Resuelto
SESS-945968,Gestion de Cuenta,cambio_plan,@soyDev11,2025-12-09 16:06:37,1,True,0,3,2025-12,Resuelto
SESS-945984,Acceso y Seguridad,error_login,@soyMarely26,2026-02-05 04:04:11,1,True,0,3,2026-02,Resuelto
SESS-946278,Facturación y Cobros,problema_pago,@soyKitty20,2026-01-11 00:56:50,2,False,1,3,2026-01,Churn
SESS-946526,Gestion de Cuenta,cambio_plan,@soyDev96,2025-12-28 04:51:58,1,True,0,3,2025-12,Resuelto
SESS-946587,Soporte Técnico y Despacho,logistica_envio,@soyKitty56,2025-12-06 22:36:31,2,False,1,3,2025-12,Churn
SESS-946814,Acceso y Seguridad,error_login,@soyDev59,2025-11-21 07:46:54,1,True,0,3,2025-11,Resuelto
SESS-946919,Acceso y Seguridad,error_login,@soyDev50,2026-02-27 12:51:46,1,True,0,3,2026-02,Resuelto
SESS-946988,Gestion de Cuenta,cambio_plan,@soyMarely57,2025-12-21 01:09:00,1,True,0,3,2025-12,Resuelto
SESS-946993,Acceso y Seguridad,error_login,@theDev86,2025-12-14 04:38:46,1,True,0,3,2025-12,Resuelto
SESS-947018,Acceso y Seguridad,error_login,@soyMarely52,2026-03-12 19:08:10,1,True,0,3,2026-03,Resuelto
SESS-947144,Soporte Técnico y Despacho,logistica_envio,@soyKitty82,2026-02-26 06:18:40,1,True,0,3,2026-02,Resuelto
SESS-947786,Soporte Técnico y Despacho,logistica_envio,@theDev53,2026-03-21 14:25:54,1,True,0,3,2026-03,Resuelto
SESS-947805,Soporte Técnico y Despacho,logistica_envio,@soyMarely79,2026-02-15 21:03:03,1,True,0,3,2026-02,Resuelto
SESS-947846,Gestion de Cuenta,cambio_plan,@theKitty48,2025-11-28 10:04:48,1,True,0,3,2025-11,Resuelto
SESS-948025,Acceso y Seguridad,error_login,@soyKitty36,2025-12-29 10:53:19,1,True,0,3,2025-12,Resuelto
SESS-948226,Acceso y Seguridad,error_login,@soyMarely84,2026-01-26 19:49:53,2,False,1,3,2026-01,Churn
SESS-948477,Acceso y Seguridad,error_login,@soyMarely70,2025-11-26 13:57:35,1,True,0,3,2025-11,Resuelto
SESS-948565,Gestion de Cuenta,cambio_plan,@theDev88,2025-11-19 09:17:57,1,True,0,3,2025-11,Resuelto
SESS-948790,Facturación y Cobros,problema_pago,@soyDev67,2026-04-13 19:07:26,1,True,0,3,2026-04,Resuelto
SESS-948801,Facturación y Cobros,problema_pago,@theMarely28,2026-02-25 13:17:03,2,False,1,3,2026-02,Churn
SESS-948901,Gestion de Cuenta,cambio_plan,@soyKitty27,2026-01-09 07:07:07,1,True,0,3,2026-01,Resuelto
SESS-948952,Soporte Técnico y Despacho,logistica_envio,@soyKitty15,2026-04-03 03:32:29,1,True,0,3,2026-04,Resuelto
SESS-949033,Acceso y Seguridad,error_login,@soyMarely59,2026-02-28 16:50:52,1,True,0,3,2026-02,Resuelto
SESS-949128,Gestion de Cuenta,cambio_plan,@theMarely49,2025-11-14 19:48:45,1,True,0,3,2025-11,Resuelto
SESS-949189,Acceso y Seguridad,error_login,@theKitty20,2026-04-03 08:46:23,1,True,0,3,2026-04,Resuelto
SESS-949209,Soporte Técnico y Despacho,logistica_envio,@soyDev39,2025-12-10 07:30:07,2,False,1,3,2025-12,Churn
SESS-949279,Acceso y Seguridad,error_login,@soyKitty24,2026-01-28 13:30:28,1,True,0,3,2026-01,Resuelto
SESS-949312,Gestion de Cuenta,cambio_plan,@theDev50,2026-03-29 04:36:11,1,True,0,3,2026-03,Resuelto
SESS-949530,Acceso y Seguridad,error_login,@soyMarely56,2026-02-08 15:03:30,1,True,0,3,2026-02,Resuelto
SESS-949591,Facturación y Cobros,problema_pago,@theKitty37,2026-01-27 19:00:53,2,False,1,3,2026-01,Churn
SESS-949656,Facturación y Cobros,problema_pago,@soyDev74,2025-12-16 05:50:29,2,False,1,3,2025-12,Churn
SESS-949924,Gestion de Cuenta,cambio_plan,@theMarely28,2025-12-06 12:00:50,1,True,0,3,2025-12,Resuelto
SESS-950113,Soporte Técnico y Despacho,logistica_envio,@soyDev41,2025-11-27 02:55:52,1,True,0,3,2025-11,Resuelto
SESS-950276,Gestion de Cuenta,cambio_plan,@soyKitty66,2026-01-26 05:34:00,1,True,0,3,2026-01,Resuelto
SESS-950287,Soporte Técnico y Despacho,logistica_envio,@theKitty97,2026-03-22 22:29:59,1,True,0,3,2026-03,Resuelto
SESS-950548,Gestion de Cuenta,cambio_plan,@theMarely64,2026-01-06 07:22:25,1,True,0,3,2026-01,Resuelto
SESS-950557,Acceso y Seguridad,error_login,@soyKitty66,2025-12-04 18:25:01,1,True,0,3,2025-12,Resuelto
SESS-950664,Acceso y Seguridad,error_login,@theKitty27,2026-03-11 23:37:45,1,True,0,3,2026-03,Resuelto
SESS-950728,Acceso y Seguridad,error_login,@soyMarely37,2026-01-01 04:33:06,1,True,0,3,2026-01,Resuelto
SESS-950873,Soporte Técnico y Despacho,logistica_envio,@soyDev58,2026-04-25 21:57:25,1,True,0,3,2026-04,Resuelto
SESS-950976,Gestion de Cuenta,cambio_plan,@soyDev37,2025-12-12 23:09:06,1,True,0,3,2025-12,Resuelto
SESS-950983,Soporte Técnico y Despacho,logistica_envio,@theDev78,2025-12-03 09:17:07,2,False,1,3,2025-12,Churn
SESS-951071,Facturación y Cobros,problema_pago,@soyKitty78,2025-11-17 05:59:38,2,False,1,3,2025-11,Churn
SESS-951123,Soporte Técnico y Despacho,logistica_envio,@soyDev49,2026-02-22 02:48:34,2,False,1,3,2026-02,Churn
SESS-951212,Gestion de Cuenta,cambio_plan,@theDev25,2026-03-12 00:19:00,2,False,1,3,2026-03,Churn
SESS-951327,Soporte Técnico y Despacho,logistica_envio,@soyDev18,2026-01-01 04:34:17,1,True,0,3,2026-01,Resuelto
SESS-951342,Soporte Técnico y Despacho,logistica_envio,@theKitty66,2026-03-21 03:02:22,2,False,1,3,2026-03,Churn
SESS-951451,Facturación y Cobros,problema_pago,@theDev62,2026-01-23 14:22:04,1,True,0,3,2026-01,Resuelto
SESS-951654,Gestion de Cuenta,cambio_plan,@soyMarely93,2025-12-16 07:26:58,1,True,0,3,2025-12,Resuelto
SESS-951773,Soporte Técnico y Despacho,logistica_envio,@soyMarely40,2025-11-11 16:36:35,2,False,1,3,2025-11,Churn
SESS-951858,Facturación y Cobros,problema_pago,@soyKitty63,2025-11-19 05:55:32,1,True,0,3,2025-11,Resuelto
SESS-952213,Soporte Técnico y Despacho,logistica_envio,@soyDev55,2025-11-30 05:35:21,2,False,1,3,2025-11,Churn
SESS-952503,Gestion de Cuenta,cambio_plan,@theDev90,2025-12-02 02:50:07,2,False,1,3,2025-12,Churn
SESS-952562,Acceso y Seguridad,error_login,@theDev73,2025-11-29 19:42:01,1,True,0,3,2025-11,Resuelto
SESS-952701,Facturación y Cobros,problema_pago,@soyMarely95,2026-04-27 09:19:50,1,True,0,3,2026-04,Resuelto
SESS-952767,Facturación y Cobros,problema_pago,@soyKitty23,2026-04-27 23:18:25,1,True,0,3,2026-04,Resuelto
SESS-952812,Soporte Técnico y Despacho,logistica_envio,@theDev83,2025-11-18 02:18:36,1,True,0,3,2025-11,Resuelto
SESS-952821,Facturación y Cobros,problema_pago,@theDev58,2026-04-01 13:27:36,1,True,0,3,2026-04,Resuelto
SESS-952847,Facturación y Cobros,problema_pago,@theDev83,2026-01-21 08:11:40,1,True,0,3,2026-01,Resuelto
SESS-953010,Acceso y Seguridad,error_login,@soyDev72,2025-11-28 06:56:32,2,False,1,3,2025-11,Churn
SESS-953089,Acceso y Seguridad,error_login,@theKitty27,2025-12-16 19:35:55,2,False,1,3,2025-12,Churn
SESS-953324,Soporte Técnico y Despacho,logistica_envio,@soyDev44,2026-04-08 16:03:05,2,False,1,3,2026-04,Churn
SESS-953339,Soporte Técnico y Despacho,logistica_envio,@soyKitty45,2025-12-10 16:31:28,2,False,1,3,2025-12,Churn
SESS-953342,Facturación y Cobros,problema_pago,@soyDev32,2026-03-07 23:56:51,1,True,0,3,2026-03,Resuelto
SESS-953353,Soporte Técnico y Despacho,logistica_envio,@theKitty89,2026-04-28 19:01:28,1,True,0,3,2026-04,Resuelto
SESS-953470,Acceso y Seguridad,error_login,@soyDev24,2026-03-23 09:31:00,1,True,0,3,2026-03,Resuelto
SESS-953534,Facturación y Cobros,problema_pago,@theMarely33,2025-11-10 13:07:26,1,True,0,3,2025-11,Resuelto
SESS-953560,Facturación y Cobros,problema_pago,@soyKitty43,2026-04-30 03:26:39,1,True,0,3,2026-04,Resuelto
SESS-953628,Facturación y Cobros,problema_pago,@theKitty62,2026-01-15 01:31:00,2,False,1,3,2026-01,Churn
SESS-953658,Soporte Técnico y Despacho,logistica_envio,@theDev28,2026-04-06 22:28:12,2,False,1,3,2026-04,Churn
SESS-953754,Facturación y Cobros,problema_pago,@theKitty61,2026-02-02 21:30:44,1,True,0,3,2026-02,Resuelto
SESS-953762,Acceso y Seguridad,error_login,@soyMarely65,2026-03-31 17:39:22,1,True,0,3,2026-03,Resuelto
SESS-954125,Facturación y Cobros,problema_pago,@theMarely43,2026-01-13 12:24:53,2,False,1,3,2026-01,Churn
SESS-954167,Soporte Técnico y Despacho,logistica_envio,@soyKitty27,2025-12-03 11:25:31,2,False,1,3,2025-12,Churn
SESS-954177,Acceso y Seguridad,error_login,@soyDev22,2026-02-17 13:06:23,1,True,0,3,2026-02,Resuelto
SESS-954258,Acceso y Seguridad,error_login,@soyMarely57,2026-01-23 08:46:34,1,True,0,3,2026-01,Resuelto
SESS-954320,Soporte Técnico y Despacho,logistica_envio,@soyDev51,2026-03-19 04:41:02,2,False,1,3,2026-03,Churn
SESS-954366,Acceso y Seguridad,error_login,@soyDev34,2026-02-18 14:28:15,1,True,0,3,2026-02,Resuelto
SESS-954907,Facturación y Cobros,problema_pago,@theMarely83,2026-01-29 11:32:33,1,True,0,3,2026-01,Resuelto
SESS-955521,Gestion de Cuenta,cambio_plan,@theDev83,2025-12-14 21:51:10,2,False,1,3,2025-12,Churn
SESS-955529,Soporte Técnico y Despacho,logistica_envio,@soyDev57,2026-02-02 23:17:18,1,True,0,3,2026-02,Resuelto
SESS-955546,Acceso y Seguridad,error_login,@soyMarely50,2025-12-09 01:44:02,2,False,1,3,2025-12,Churn
SESS-955766,Soporte Técnico y Despacho,logistica_envio,@theMarely48,2026-04-20 04:20:46,1,True,0,3,2026-04,Resuelto
SESS-955832,Facturación y Cobros,problema_pago,@theDev37,2025-11-25 14:40:03,1,True,0,3,2025-11,Resuelto
SESS-956132,Facturación y Cobros,problema_pago,@theMarely13,2026-01-13 09:42:14,2,False,1,3,2026-01,Churn
SESS-956506,Facturación y Cobros,problema_pago,@theDev88,2026-01-07 12:01:59,2,False,1,3,2026-01,Churn
SESS-956551,Gestion de Cuenta,cambio_plan,@theDev13,2026-02-12 20:21:55,1,True,0,3,2026-02,Resuelto
SESS-956625,Soporte Técnico y Despacho,logistica_envio,@soyMarely27,2026-01-09 12:47:38,1,True,0,3,2026-01,Resuelto
SESS-956692,Gestion de Cuenta,cambio_plan,@soyMarely23,2026-01-03 20:25:13,1,True,0,3,2026-01,Resuelto
SESS-956697,Gestion de Cuenta,cambio_plan,@soyKitty48,2026-04-07 16:26:50,1,True,0,3,2026-04,Resuelto
SESS-956729,Soporte Técnico y Despacho,logistica_envio,@soyDev52,2026-03-14 01:27:57,1,True,0,3,2026-03,Resuelto
SESS-957019,Soporte Técnico y Despacho,logistica_envio,@soyDev99,2026-02-14 08:49:33,1,True,0,3,2026-02,Resuelto
SESS-957242,Acceso y Seguridad,error_login,@soyKitty67,2026-02-03 01:41:45,1,True,0,3,2026-02,Resuelto
SESS-957365,Soporte Técnico y Despacho,logistica_envio,@soyKitty62,2026-04-05 16:07:29,2,False,1,3,2026-04,Churn
SESS-957480,Facturación y Cobros,problema_pago,@soyKitty58,2026-01-31 07:08:02,2,False,1,3,2026-01,Churn
SESS-958005,Facturación y Cobros,problema_pago,@theMarely87,2025-12-07 22:03:48,1,True,0,3,2025-12,Resuelto
SESS-958085,Acceso y Seguridad,error_login,@theDev16,2026-03-05 12:26:34,2,False,1,3,2026-03,Churn
SESS-958181,Soporte Técnico y Despacho,logistica_envio,@theDev80,2026-02-13 14:52:21,1,True,0,3,2026-02,Resuelto
SESS-958312,Soporte Técnico y Despacho,logistica_envio,@theMarely37,2026-02-23 19:02:44,1,True,0,3,2026-02,Resuelto
SESS-958407,Gestion de Cuenta,cambio_plan,@soyKitty59,2025-11-22 02:08:33,1,True,0,3,2025-11,Resuelto
SESS-958410,Soporte Técnico y Despacho,logistica_envio,@soyKitty99,2026-01-31 18:47:12,1,True,0,3,2026-01,Resuelto
SESS-958449,Gestion de Cuenta,cambio_plan,@soyMarely29,2026-05-04 16:27:43,2,False,1,3,2026-05,Churn
SESS-958474,Gestion de Cuenta,cambio_plan,@soyKitty79,2026-01-23 16:06:38,2,False,1,3,2026-01,Churn
SESS-958580,Facturación y Cobros,problema_pago,@theMarely75,2026-01-03 20:29:14,2,False,1,3,2026-01,Churn
SESS-958585,Acceso y Seguridad,error_login,@soyDev48,2026-03-04 14:54:12,1,True,0,3,2026-03,Resuelto
SESS-958675,Soporte Técnico y Despacho,logistica_envio,@theMarely38,2025-12-30 17:39:04,1,True,0,3,2025-12,Resuelto
SESS-958790,Facturación y Cobros,problema_pago,@soyKitty26,2026-04-29 06:25:26,1,True,0,3,2026-04,Resuelto
SESS-958822,Soporte Técnico y Despacho,logistica_envio,@soyMarely74,2026-03-30 17:08:45,1,True,0,3,2026-03,Resuelto
SESS-958838,Facturación y Cobros,problema_pago,@theKitty30,2026-03-03 16:01:54,1,True,0,3,2026-03,Resuelto
SESS-958927,Soporte Técnico y Despacho,logistica_envio,@theKitty39,2026-02-27 21:12:58,2,False,1,3,2026-02,Churn
SESS-958984,Gestion de Cuenta,cambio_plan,@theKitty97,2026-03-02 02:42:33,1,True,0,3,2026-03,Resuelto
SESS-959174,Gestion de Cuenta,cambio_plan,@soyDev30,2025-12-31 11:30:05,2,False,1,3,2025-12,Churn
SESS-959284,Facturación y Cobros,problema_pago,@theDev36,2025-12-27 21:56:44,2,False,1,3,2025-12,Churn
SESS-959479,Acceso y Seguridad,error_login,@soyKitty43,2026-03-15 07:44:10,2,False,1,3,2026-03,Churn
SESS-959497,Soporte Técnico y Despacho,logistica_envio,@soyKitty28,2025-12-13 07:26:25,1,True,0,3,2025-12,Resuelto
SESS-959636,Gestion de Cuenta,cambio_plan,@soyMarely16,2025-11-23 18:08:59,1,True,0,3,2025-11,Resuelto
SESS-959749,Facturación y Cobros,problema_pago,@soyMarely94,2025-11-23 07:11:26,1,True,0,3,2025-11,Resuelto
SESS-960148,Facturación y Cobros,problema_pago,@soyMarely65,2026-01-28 18:16:47,1,True,0,3,2026-01,Resuelto
SESS-960450,Facturación y Cobros,problema_pago,@theDev83,2026-04-17 04:51:55,2,False,1,3,2026-04,Churn
SESS-960546,Facturación y Cobros,problema_pago,@theMarely27,2026-02-03 14:58:56,2,False,1,3,2026-02,Churn
SESS-960894,Gestion de Cuenta,cambio_plan,@soyMarely60,2026-05-04 13:24:52,1,True,0,3,2026-05,Resuelto
SESS-960940,Acceso y Seguridad,error_login,@soyKitty96,2026-04-06 19:52:05,1,True,0,3,2026-04,Resuelto
SESS-961020,Gestion de Cuenta,cambio_plan,@soyKitty56,2025-12-18 16:10:26,1,True,0,3,2025-12,Resuelto
SESS-961159,Acceso y Seguridad,error_login,@theKitty13,2026-04-30 23:57:24,1,True,0,3,2026-04,Resuelto
SESS-961173,Gestion de Cuenta,cambio_plan,@theKitty59,2025-12-23 00:27:00,2,False,1,3,2025-12,Churn
SESS-961271,Acceso y Seguridad,error_login,@theDev71,2026-03-20 17:53:48,2,False,1,3,2026-03,Churn
SESS-961445,Soporte Técnico y Despacho,logistica_envio,@soyKitty84,2026-02-22 12:55:42,1,True,0,3,2026-02,Resuelto
SESS-961670,Facturación y Cobros,problema_pago,@theMarely24,2026-03-01 14:12:15,2,False,1,3,2026-03,Churn
SESS-962164,Acceso y Seguridad,error_login,@theDev27,2025-12-19 19:43:43,2,False,1,3,2025-12,Churn
SESS-962245,Gestion de Cuenta,cambio_plan,@theKitty51,2025-12-10 20:23:58,1,True,0,3,2025-12,Resuelto
SESS-962352,Soporte Técnico y Despacho,logistica_envio,@theDev25,2025-12-13 20:33:07,2,False,1,3,2025-12,Churn
SESS-962357,Facturación y Cobros,problema_pago,@soyDev64,2025-12-18 10:34:52,2,False,1,3,2025-12,Churn
SESS-962369,Gestion de Cuenta,cambio_plan,@soyKitty68,2026-03-27 11:34:22,1,True,0,3,2026-03,Resuelto
SESS-962606,Acceso y Seguridad,error_login,@theKitty77,2025-11-24 17:06:58,1,True,0,3,2025-11,Resuelto
SESS-962689,Soporte Técnico y Despacho,logistica_envio,@theDev81,2026-03-11 00:36:18,1,True,0,3,2026-03,Resuelto
SESS-962775,Acceso y Seguridad,error_login,@theMarely87,2025-12-02 01:01:41,1,True,0,3,2025-12,Resuelto
SESS-962784,Facturación y Cobros,problema_pago,@soyKitty57,2026-01-27 13:48:22,2,False,1,3,2026-01,Churn
SESS-962922,Soporte Técnico y Despacho,logistica_envio,@theDev60,2026-01-20 20:51:26,1,True,0,3,2026-01,Resuelto
SESS-962938,Acceso y Seguridad,error_login,@soyKitty21,2025-11-08 19:23:53,2,False,1,3,2025-11,Churn
SESS-962974,Facturación y Cobros,problema_pago,@theKitty59,2026-01-01 20:45:05,1,True,0,3,2026-01,Resuelto
SESS-962997,Facturación y Cobros,problema_pago,@theDev42,2025-12-15 06:50:17,1,True,0,3,2025-12,Resuelto
SESS-963035,Soporte Técnico y Despacho,logistica_envio,@theKitty78,2026-03-08 23:19:17,1,True,0,3,2026-03,Resuelto
SESS-963046,Soporte Técnico y Despacho,logistica_envio,@theKitty41,2025-12-07 10:39:37,1,True,0,3,2025-12,Resuelto
SESS-963232,Gestion de Cuenta,cambio_plan,@soyMarely78,2026-02-07 19:44:00,2,False,1,3,2026-02,Churn
SESS-963583,Facturación y Cobros,problema_pago,@theDev39,2026-01-07 18:05:30,2,False,1,3,2026-01,Churn
SESS-963869,Facturación y Cobros,problema_pago,@theMarely18,2025-12-06 02:45:09,1,True,0,3,2025-12,Resuelto
SESS-963886,Facturación y Cobros,problema_pago,@soyKitty13,2026-02-17 01:43:19,2,False,1,3,2026-02,Churn
SESS-963978,Facturación y Cobros,problema_pago,@theKitty52,2026-02-25 15:50:55,2,False,1,3,2026-02,Churn
SESS-964042,Acceso y Seguridad,error_login,@theDev57,2026-04-11 04:30:34,1,True,0,3,2026-04,Resuelto
SESS-964098,Acceso y Seguridad,error_login,@theDev18,2026-04-20 02:14:48,1,True,0,3,2026-04,Resuelto
SESS-964298,Gestion de Cuenta,cambio_plan,@soyDev58,2026-04-28 18:46:00,1,True,0,3,2026-04,Resuelto
SESS-964357,Soporte Técnico y Despacho,logistica_envio,@theMarely56,2026-03-21 21:05:29,1,True,0,3,2026-03,Resuelto
SESS-964484,Facturación y Cobros,problema_pago,@theMarely58,2026-03-30 00:39:59,2,False,1,3,2026-03,Churn
SESS-964724,Gestion de Cuenta,cambio_plan,@soyMarely47,2026-01-16 19:16:38,2,False,1,3,2026-01,Churn
SESS-964858,Facturación y Cobros,problema_pago,@soyKitty14,2026-04-28 01:41:53,1,True,0,3,2026-04,Resuelto
SESS-964953,Facturación y Cobros,problema_pago,@soyMarely23,2025-11-18 22:36:02,1,True,0,3,2025-11,Resuelto
SESS-965250,Facturación y Cobros,problema_pago,@theMarely92,2026-04-09 12:28:31,1,True,0,3,2026-04,Resuelto
SESS-965276,Soporte Técnico y Despacho,logistica_envio,@theMarely81,2026-04-30 19:58:07,2,False,1,3,2026-04,Churn
SESS-965320,Acceso y Seguridad,error_login,@soyKitty41,2025-11-12 15:39:27,1,True,0,3,2025-11,Resuelto
SESS-965687,Facturación y Cobros,problema_pago,@soyKitty96,2026-04-05 07:48:59,1,True,0,3,2026-04,Resuelto
SESS-965717,Acceso y Seguridad,error_login,@theKitty28,2026-03-20 23:15:34,2,False,1,3,2026-03,Churn
SESS-965871,Acceso y Seguridad,error_login,@soyKitty55,2025-11-14 01:51:03,1,True,0,3,2025-11,Resuelto
SESS-965879,Facturación y Cobros,problema_pago,@theMarely78,2025-11-12 03:52:48,1,True,0,3,2025-11,Resuelto
SESS-965918,Facturación y Cobros,problema_pago,@theMarely41,2026-02-26 17:02:10,1,True,0,3,2026-02,Resuelto
SESS-966023,Gestion de Cuenta,cambio_plan,@theMarely19,2025-12-02 00:37:12,2,False,1,3,2025-12,Churn
SESS-966053,Facturación y Cobros,problema_pago,@soyDev78,2025-12-27 01:17:42,1,True,0,3,2025-12,Resuelto
SESS-966099,Facturación y Cobros,problema_pago,@theDev25,2026-03-18 14:12:50,1,True,0,3,2026-03,Resuelto
SESS-966120,Soporte Técnico y Despacho,logistica_envio,@theMarely72,2026-04-12 03:59:41,1,True,0,3,2026-04,Resuelto
SESS-966137,Acceso y Seguridad,error_login,@soyMarely74,2026-01-11 21:15:06,1,True,0,3,2026-01,Resuelto
SESS-966159,Soporte Técnico y Despacho,logistica_envio,@theDev44,2025-12-13 10:20:31,1,True,0,3,2025-12,Resuelto
SESS-966169,Gestion de Cuenta,cambio_plan,@theDev11,2025-11-24 12:00:39,1,True,0,3,2025-11,Resuelto
SESS-966193,Gestion de Cuenta,cambio_plan,@theMarely32,2025-11-13 21:06:02,1,True,0,3,2025-11,Resuelto
SESS-966205,Soporte Técnico y Despacho,logistica_envio,@soyKitty30,2026-01-11 00:24:01,2,False,1,3,2026-01,Churn
SESS-966545,Soporte Técnico y Despacho,logistica_envio,@theDev98,2026-01-31 11:59:48,2,False,1,3,2026-01,Churn
SESS-966682,Gestion de Cuenta,cambio_plan,@theKitty58,2025-12-29 00:45:47,1,True,0,3,2025-12,Resuelto
SESS-966778,Soporte Técnico y Despacho,logistica_envio,@theDev12,2025-11-14 01:39:30,2,False,1,3,2025-11,Churn
SESS-966874,Facturación y Cobros,problema_pago,@soyKitty98,2025-12-10 17:56:26,1,True,0,3,2025-12,Resuelto
SESS-967132,Gestion de Cuenta,cambio_plan,@soyKitty25,2026-04-18 11:34:43,1,True,0,3,2026-04,Resuelto
SESS-967139,Facturación y Cobros,problema_pago,@soyMarely53,2025-12-01 06:02:53,1,True,0,3,2025-12,Resuelto
SESS-967301,Gestion de Cuenta,cambio_plan,@theKitty55,2026-01-23 17:49:43,1,True,0,3,2026-01,Resuelto
SESS-967335,Soporte Técnico y Despacho,logistica_envio,@soyDev22,2025-11-29 04:48:48,1,True,0,3,2025-11,Resuelto
SESS-967908,Soporte Técnico y Despacho,logistica_envio,@theDev72,2026-01-11 03:06:11,2,False,1,3,2026-01,Churn
SESS-967925,Soporte Técnico y Despacho,logistica_envio,@theMarely58,2025-12-31 05:52:28,1,True,0,3,2025-12,Resuelto
SESS-967960,Soporte Técnico y Despacho,logistica_envio,@theKitty33,2026-01-02 14:20:41,1,True,0,3,2026-01,Resuelto
SESS-968132,Soporte Técnico y Despacho,logistica_envio,@theDev25,2026-02-13 03:44:15,1,True,0,3,2026-02,Resuelto
SESS-968192,Soporte Técnico y Despacho,logistica_envio,@soyMarely12,2025-12-06 18:03:30,2,False,1,3,2025-12,Churn
SESS-968324,Facturación y Cobros,problema_pago,@theDev62,2025-12-03 02:11:45,1,True,0,3,2025-12,Resuelto
SESS-968471,Soporte Técnico y Despacho,logistica_envio,@theKitty66,2026-01-26 13:38:41,1,True,0,3,2026-01,Resuelto
SESS-968646,Acceso y Seguridad,error_login,@theKitty66,2025-12-04 04:25:07,2,False,1,3,2025-12,Churn
SESS-968657,Facturación y Cobros,problema_pago,@soyMarely20,2026-02-25 14:50:29,1,True,0,3,2026-02,Resuelto
SESS-968673,Acceso y Seguridad,error_login,@theKitty21,2025-11-09 21:55:48,1,True,0,3,2025-11,Resuelto
SESS-968709,Gestion de Cuenta,cambio_plan,@soyKitty11,2026-04-17 08:23:39,1,True,0,3,2026-04,Resuelto
SESS-968731,Acceso y Seguridad,error_login,@theMarely33,2025-12-18 12:22:04,2,False,1,3,2025-12,Churn
SESS-968795,Facturación y Cobros,problema_pago,@soyDev98,2026-03-31 01:33:35,1,True,0,3,2026-03,Resuelto
SESS-968802,Soporte Técnico y Despacho,logistica_envio,@soyKitty35,2025-11-23 09:39:32,2,False,1,3,2025-11,Churn
SESS-968842,Gestion de Cuenta,cambio_plan,@theDev15,2025-12-22 20:20:07,2,False,1,3,2025-12,Churn
SESS-968931,Facturación y Cobros,problema_pago,@theMarely53,2025-11-30 16:17:11,2,False,1,3,2025-11,Churn
SESS-968973,Facturación y Cobros,problema_pago,@theKitty49,2026-02-09 17:47:21,1,True,0,3,2026-02,Resuelto
SESS-969018,Soporte Técnico y Despacho,logistica_envio,@theDev82,2025-11-21 17:48:34,1,True,0,3,2025-11,Resuelto
SESS-969118,Facturación y Cobros,problema_pago,@theKitty64,2026-01-18 23:38:30,1,True,0,3,2026-01,Resuelto
SESS-969140,Acceso y Seguridad,error_login,@soyDev26,2026-04-07 14:58:37,1,True,0,3,2026-04,Resuelto
SESS-969364,Facturación y Cobros,problema_pago,@soyMarely82,2026-02-19 16:46:59,1,True,0,3,2026-02,Resuelto
SESS-969372,Acceso y Seguridad,error_login,@soyMarely92,2026-03-08 15:28:17,1,True,0,3,2026-03,Resuelto
SESS-969401,Acceso y Seguridad,error_login,@soyKitty93,2026-02-20 00:48:50,1,True,0,3,2026-02,Resuelto
SESS-969452,Facturación y Cobros,problema_pago,@theMarely88,2026-01-28 17:22:05,2,False,1,3,2026-01,Churn
SESS-969507,Acceso y Seguridad,error_login,@soyKitty71,2026-03-11 07:08:51,1,True,0,3,2026-03,Resuelto
SESS-969522,Soporte Técnico y Despacho,logistica_envio,@theMarely82,2026-01-08 14:22:38,2,False,1,3,2026-01,Churn
SESS-969911,Soporte Técnico y Despacho,logistica_envio,@theMarely93,2026-03-29 06:16:23,2,False,1,3,2026-03,Churn
SESS-970017,Gestion de Cuenta,cambio_plan,@theKitty17,2025-12-28 01:38:25,1,True,0,3,2025-12,Resuelto
SESS-970063,Gestion de Cuenta,cambio_plan,@theKitty14,2026-03-29 02:40:23,1,True,0,3,2026-03,Resuelto
SESS-970096,Gestion de Cuenta,cambio_plan,@theDev13,2025-12-21 02:35:17,2,False,1,3,2025-12,Churn
SESS-970223,Facturación y Cobros,problema_pago,@soyDev30,2026-01-07 12:33:13,1,True,0,3,2026-01,Resuelto
SESS-970261,Acceso y Seguridad,error_login,@theKitty22,2025-11-24 01:41:22,2,False,1,3,2025-11,Churn
SESS-970490,Soporte Técnico y Despacho,logistica_envio,@soyKitty10,2026-04-03 11:04:40,1,True,0,3,2026-04,Resuelto
SESS-970701,Gestion de Cuenta,cambio_plan,@theDev36,2026-01-09 01:28:05,1,True,0,3,2026-01,Resuelto
SESS-970727,Soporte Técnico y Despacho,logistica_envio,@soyKitty44,2026-03-13 17:14:33,1,True,0,3,2026-03,Resuelto
SESS-970744,Acceso y Seguridad,error_login,@soyKitty10,2026-03-29 16:07:31,2,False,1,3,2026-03,Churn
SESS-970793,Acceso y Seguridad,error_login,@theDev71,2025-12-10 03:20:01,2,False,1,3,2025-12,Churn
SESS-970944,Acceso y Seguridad,error_login,@soyKitty39,2025-12-26 05:07:31,1,True,0,3,2025-12,Resuelto
SESS-971023,Soporte Técnico y Despacho,logistica_envio,@theKitty61,2026-03-15 19:35:56,1,True,0,3,2026-03,Resuelto
SESS-971038,Gestion de Cuenta,cambio_plan,@theDev84,2026-04-17 12:05:15,1,True,0,3,2026-04,Resuelto
SESS-971154,Gestion de Cuenta,cambio_plan,@theMarely76,2026-02-25 00:34:10,2,False,1,3,2026-02,Churn
SESS-971201,Soporte Técnico y Despacho,logistica_envio,@theDev45,2026-04-29 02:58:43,1,True,0,3,2026-04,Resuelto
SESS-971387,Gestion de Cuenta,cambio_plan,@soyKitty29,2026-02-23 09:17:36,1,True,0,3,2026-02,Resuelto
SESS-971505,Acceso y Seguridad,error_login,@theMarely16,2026-03-25 11:04:59,2,False,1,3,2026-03,Churn
SESS-971527,Gestion de Cuenta,cambio_plan,@theDev81,2026-04-24 18:04:03,1,True,0,3,2026-04,Resuelto
SESS-971568,Acceso y Seguridad,error_login,@soyMarely77,2026-05-02 18:32:10,1,True,0,3,2026-05,Resuelto
SESS-971877,Gestion de Cuenta,cambio_plan,@soyDev18,2026-04-06 00:03:12,1,True,0,3,2026-04,Resuelto
SESS-971922,Soporte Técnico y Despacho,logistica_envio,@soyKitty74,2025-12-06 08:10:07,2,False,1,3,2025-12,Churn
SESS-972021,Acceso y Seguridad,error_login,@soyDev91,2026-04-03 20:44:08,2,False,1,3,2026-04,Churn
SESS-972099,Facturación y Cobros,problema_pago,@soyMarely63,2026-02-09 14:11:06,1,True,0,3,2026-02,Resuelto
SESS-972392,Gestion de Cuenta,cambio_plan,@theKitty37,2025-11-15 02:39:44,1,True,0,3,2025-11,Resuelto
SESS-972509,Soporte Técnico y Despacho,logistica_envio,@theKitty53,2026-03-26 21:58:28,1,True,0,3,2026-03,Resuelto
SESS-972588,Soporte Técnico y Despacho,logistica_envio,@theKitty47,2025-12-28 00:16:46,1,True,0,3,2025-12,Resuelto
SESS-972923,Gestion de Cuenta,cambio_plan,@theMarely56,2026-01-23 03:57:10,1,True,0,3,2026-01,Resuelto
SESS-973078,Gestion de Cuenta,cambio_plan,@soyKitty67,2025-12-06 18:12:45,1,True,0,3,2025-12,Resuelto
SESS-973119,Facturación y Cobros,problema_pago,@theMarely26,2025-12-27 01:06:40,1,True,0,3,2025-12,Resuelto
SESS-973283,Facturación y Cobros,problema_pago,@soyDev86,2026-02-22 19:30:34,1,True,0,3,2026-02,Resuelto
SESS-973521,Soporte Técnico y Despacho,logistica_envio,@soyMarely34,2026-05-01 15:13:33,1,True,0,3,2026-05,Resuelto
SESS-973564,Soporte Técnico y Despacho,logistica_envio,@soyKitty66,2026-03-18 21:29:21,2,False,1,3,2026-03,Churn
SESS-973677,Gestion de Cuenta,cambio_plan,@theDev22,2026-02-11 00:57:27,2,False,1,3,2026-02,Churn
SESS-973775,Facturación y Cobros,problema_pago,@theDev14,2026-03-16 03:47:41,2,False,1,3,2026-03,Churn
SESS-973919,Facturación y Cobros,problema_pago,@theDev27,2026-01-18 17:46:06,2,False,1,3,2026-01,Churn
SESS-973991,Soporte Técnico y Despacho,logistica_envio,@theKitty20,2025-11-13 10:27:34,1,True,0,3,2025-11,Resuelto
SESS-974179,Facturación y Cobros,problema_pago,@soyKitty27,2026-03-23 04:24:04,1,True,0,3,2026-03,Resuelto
SESS-974276,Acceso y Seguridad,error_login,@theMarely16,2025-12-07 21:44:56,1,True,0,3,2025-12,Resuelto
SESS-974508,Soporte Técnico y Despacho,logistica_envio,@theKitty83,2026-04-07 12:27:17,1,True,0,3,2026-04,Resuelto
SESS-974568,Facturación y Cobros,problema_pago,@theMarely25,2026-01-28 08:06:11,2,False,1,3,2026-01,Churn
SESS-974597,Soporte Técnico y Despacho,logistica_envio,@theKitty45,2026-04-20 03:18:23,1,True,0,3,2026-04,Resuelto
SESS-974676,Facturación y Cobros,problema_pago,@theKitty90,2025-12-01 04:22:20,2,False,1,3,2025-12,Churn
SESS-975049,Acceso y Seguridad,error_login,@soyDev25,2026-01-11 16:31:01,1,True,0,3,2026-01,Resuelto
SESS-975238,Gestion de Cuenta,cambio_plan,@soyDev59,2026-02-15 20:38:11,2,False,1,3,2026-02,Churn
SESS-975404,Gestion de Cuenta,cambio_plan,@soyDev75,2026-01-09 04:27:22,2,False,1,3,2026-01,Churn
SESS-975498,Facturación y Cobros,problema_pago,@theKitty29,2026-04-19 05:26:47,1,True,0,3,2026-04,Resuelto
SESS-975736,Acceso y Seguridad,error_login,@soyMarely77,2026-03-31 10:39:12,1,True,0,3,2026-03,Resuelto
SESS-975756,Acceso y Seguridad,error_login,@soyKitty16,2025-12-29 11:45:43,1,True,0,3,2025-12,Resuelto
SESS-975871,Acceso y Seguridad,error_login,@soyMarely66,2026-03-27 10:56:29,2,False,1,3,2026-03,Churn
SESS-975950,Acceso y Seguridad,error_login,@theMarely93,2026-03-12 04:25:04,1,True,0,3,2026-03,Resuelto
SESS-976034,Facturación y Cobros,problema_pago,@theDev40,2026-04-23 14:30:08,1,True,0,3,2026-04,Resuelto
SESS-976124,Acceso y Seguridad,error_login,@soyKitty80,2025-12-30 10:40:36,1,True,0,3,2025-12,Resuelto
SESS-976406,Facturación y Cobros,problema_pago,@soyKitty13,2026-01-02 20:41:44,1,True,0,3,2026-01,Resuelto
SESS-976417,Acceso y Seguridad,error_login,@theDev28,2025-12-29 02:10:10,1,True,0,3,2025-12,Resuelto
SESS-976630,Facturación y Cobros,problema_pago,@soyKitty69,2026-02-07 01:52:17,1,True,0,3,2026-02,Resuelto
SESS-976791,Facturación y Cobros,problema_pago,@theDev75,2025-12-16 03:02:31,2,False,1,3,2025-12,Churn
SESS-976893,Gestion de Cuenta,cambio_plan,@soyKitty52,2026-04-29 19:01:58,2,False,1,3,2026-04,Churn
SESS-977095,Acceso y Seguridad,error_login,@theMarely21,2026-03-23 16:03:53,1,True,0,3,2026-03,Resuelto
SESS-977347,Acceso y Seguridad,error_login,@theDev38,2025-11-15 20:09:47,1,True,0,3,2025-11,Resuelto
SESS-977390,Acceso y Seguridad,error_login,@theDev57,2026-01-07 03:21:31,1,True,0,3,2026-01,Resuelto
SESS-977677,Gestion de Cuenta,cambio_plan,@theKitty18,2026-03-15 20:07:21,1,True,0,3,2026-03,Resuelto
SESS-978011,Gestion de Cuenta,cambio_plan,@theKitty46,2025-12-17 07:48:07,1,True,0,3,2025-12,Resuelto
SESS-978263,Gestion de Cuenta,cambio_plan,@soyKitty92,2026-02-21 20:11:13,2,False,1,3,2026-02,Churn
SESS-978323,Soporte Técnico y Despacho,logistica_envio,@theDev40,2026-03-11 13:01:02,2,False,1,3,2026-03,Churn
SESS-978357,Acceso y Seguridad,error_login,@soyKitty48,2025-11-16 14:31:34,1,True,0,3,2025-11,Resuelto
SESS-978428,Gestion de Cuenta,cambio_plan,@theMarely91,2026-04-07 18:35:16,1,True,0,3,2026-04,Resuelto
SESS-978496,Acceso y Seguridad,error_login,@soyKitty48,2026-05-02 05:41:05,1,True,0,3,2026-05,Resuelto
SESS-978803,Soporte Técnico y Despacho,logistica_envio,@soyMarely79,2026-03-01 03:23:59,1,True,0,3,2026-03,Resuelto
SESS-979091,Soporte Técnico y Despacho,logistica_envio,@soyDev61,2026-03-22 00:54:59,2,False,1,3,2026-03,Churn
SESS-979243,Facturación y Cobros,problema_pago,@theKitty13,2026-01-19 08:49:34,1,True,0,3,2026-01,Resuelto
SESS-979404,Facturación y Cobros,problema_pago,@theDev73,2026-01-11 21:58:54,1,True,0,3,2026-01,Resuelto
SESS-979544,Acceso y Seguridad,error_login,@soyDev89,2025-12-30 17:05:55,1,True,0,3,2025-12,Resuelto
SESS-979554,Soporte Técnico y Despacho,logistica_envio,@theKitty90,2025-11-09 11:47:11,1,True,0,3,2025-11,Resuelto
SESS-979564,Gestion de Cuenta,cambio_plan,@soyKitty55,2026-01-18 20:20:12,2,False,1,3,2026-01,Churn
SESS-979622,Soporte Técnico y Despacho,logistica_envio,@soyMarely22,2025-12-10 05:06:26,1,True,0,3,2025-12,Resuelto
SESS-979852,Soporte Técnico y Despacho,logistica_envio,@soyDev78,2026-01-26 08:07:03,2,False,1,3,2026-01,Churn
SESS-979887,Soporte Técnico y Despacho,logistica_envio,@theMarely67,2026-04-05 04:12:25,1,True,0,3,2026-04,Resuelto
SESS-979968,Gestion de Cuenta,cambio_plan,@theMarely13,2026-01-17 04:22:46,2,False,1,3,2026-01,Churn
SESS-980068,Acceso y Seguridad,error_login,@theDev77,2025-12-03 19:06:56,2,False,1,3,2025-12,Churn
SESS-980211,Facturación y Cobros,problema_pago,@theDev61,2026-01-10 16:13:12,1,True,0,3,2026-01,Resuelto
SESS-980288,Facturación y Cobros,problema_pago,@theMarely73,2025-11-12 15:51:40,1,True,0,3,2025-11,Resuelto
SESS-980301,Gestion de Cuenta,cambio_plan,@theMarely60,2026-01-20 14:18:13,1,True,0,3,2026-01,Resuelto
SESS-980381,Gestion de Cuenta,cambio_plan,@theMarely31,2026-03-11 22:12:00,1,True,0,3,2026-03,Resuelto
SESS-980393,Facturación y Cobros,problema_pago,@theDev97,2026-04-26 22:31:32,2,False,1,3,2026-04,Churn
SESS-980408,Soporte Técnico y Despacho,logistica_envio,@theKitty61,2026-04-22 18:15:49,1,True,0,3,2026-04,Resuelto
SESS-980502,Acceso y Seguridad,error_login,@theDev69,2026-03-01 03:24:29,2,False,1,3,2026-03,Churn
SESS-980627,Soporte Técnico y Despacho,logistica_envio,@theDev74,2026-01-25 11:29:27,1,True,0,3,2026-01,Resuelto
SESS-980666,Facturación y Cobros,problema_pago,@soyMarely35,2026-01-09 15:10:33,1,True,0,3,2026-01,Resuelto
SESS-980726,Gestion de Cuenta,cambio_plan,@soyKitty97,2026-01-11 17:31:57,2,False,1,3,2026-01,Churn
SESS-980746,Gestion de Cuenta,cambio_plan,@theDev90,2026-01-04 00:11:29,2,False,1,3,2026-01,Churn
SESS-980773,Soporte Técnico y Despacho,logistica_envio,@soyDev42,2026-02-12 16:04:32,1,True,0,3,2026-02,Resuelto
SESS-981009,Acceso y Seguridad,error_login,@theDev26,2025-12-26 15:03:08,1,True,0,3,2025-12,Resuelto
SESS-981132,Acceso y Seguridad,error_login,@theDev17,2026-04-11 22:50:24,2,False,1,3,2026-04,Churn
SESS-981255,Soporte Técnico y Despacho,logistica_envio,@theDev27,2025-12-23 21:13:52,2,False,1,3,2025-12,Churn
SESS-981405,Acceso y Seguridad,error_login,@theDev88,2026-03-04 23:02:57,2,False,1,3,2026-03,Churn
SESS-981499,Soporte Técnico y Despacho,logistica_envio,@soyMarely89,2026-01-30 10:36:51,2,False,1,3,2026-01,Churn
SESS-981700,Facturación y Cobros,problema_pago,@soyKitty14,2026-01-11 12:27:02,1,True,0,3,2026-01,Resuelto
SESS-981706,Gestion de Cuenta,cambio_plan,@soyDev25,2025-11-24 11:08:14,1,True,0,3,2025-11,Resuelto
SESS-982085,Gestion de Cuenta,cambio_plan,@theMarely83,2026-02-25 01:14:28,1,True,0,3,2026-02,Resuelto
SESS-982433,Facturación y Cobros,problema_pago,@soyDev58,2025-12-17 17:25:43,1,True,0,3,2025-12,Resuelto
SESS-982486,Gestion de Cuenta,cambio_plan,@soyDev86,2026-04-06 19:30:39,1,True,0,3,2026-04,Resuelto
SESS-982509,Gestion de Cuenta,cambio_plan,@theKitty65,2026-03-28 15:52:31,1,True,0,3,2026-03,Resuelto
SESS-982631,Soporte Técnico y Despacho,logistica_envio,@soyMarely97,2026-03-20 00:49:32,1,True,0,3,2026-03,Resuelto
SESS-982761,Gestion de Cuenta,cambio_plan,@theMarely97,2026-01-11 20:53:34,1,True,0,3,2026-01,Resuelto
SESS-982803,Soporte Técnico y Despacho,logistica_envio,@soyDev25,2026-03-16 15:28:37,1,True,0,3,2026-03,Resuelto
SESS-982847,Acceso y Seguridad,error_login,@theKitty83,2025-12-29 22:59:13,1,True,0,3,2025-12,Resuelto
SESS-982908,Soporte Técnico y Despacho,logistica_envio,@soyDev74,2026-03-18 01:31:23,1,True,0,3,2026-03,Resuelto
SESS-982935,Facturación y Cobros,problema_pago,@theDev32,2026-03-30 13:21:22,1,True,0,3,2026-03,Resuelto
SESS-983073,Soporte Técnico y Despacho,logistica_envio,@theMarely47,2026-01-15 21:48:32,2,False,1,3,2026-01,Churn
SESS-983093,Facturación y Cobros,problema_pago,@soyMarely16,2026-03-29 08:04:20,2,False,1,3,2026-03,Churn
SESS-983132,Acceso y Seguridad,error_login,@theDev99,2026-01-23 01:35:51,1,True,0,3,2026-01,Resuelto
SESS-983241,Gestion de Cuenta,cambio_plan,@theKitty78,2026-03-22 00:49:25,1,True,0,3,2026-03,Resuelto
SESS-983269,Facturación y Cobros,problema_pago,@soyKitty40,2026-03-14 18:59:57,2,False,1,3,2026-03,Churn
SESS-983301,Acceso y Seguridad,error_login,@theKitty96,2026-03-13 12:14:24,2,False,1,3,2026-03,Churn
SESS-983466,Soporte Técnico y Despacho,logistica_envio,@soyMarely97,2026-04-29 07:16:36,2,False,1,3,2026-04,Churn
SESS-983618,Facturación y Cobros,problema_pago,@theMarely69,2025-11-15 08:54:54,1,True,0,3,2025-11,Resuelto
SESS-983670,Facturación y Cobros,problema_pago,@theDev24,2026-04-11 20:08:41,1,True,0,3,2026-04,Resuelto
SESS-983704,Facturación y Cobros,problema_pago,@theMarely88,2026-04-05 21:23:35,2,False,1,3,2026-04,Churn
SESS-983778,Soporte Técnico y Despacho,logistica_envio,@theKitty42,2026-03-11 07:41:30,1,True,0,3,2026-03,Resuelto
SESS-983797,Soporte Técnico y Despacho,logistica_envio,@theKitty35,2025-12-07 03:09:54,1,True,0,3,2025-12,Resuelto
SESS-983842,Gestion de Cuenta,cambio_plan,@theKitty40,2025-12-06 04:46:03,1,True,0,3,2025-12,Resuelto
SESS-983946,Facturación y Cobros,problema_pago,@theDev58,2025-12-21 08:35:44,1,True,0,3,2025-12,Resuelto
SESS-983965,Acceso y Seguridad,error_login,@soyKitty28,2026-02-12 09:25:00,1,True,0,3,2026-02,Resuelto
SESS-984170,Facturación y Cobros,problema_pago,@theDev43,2026-01-17 15:35:34,2,False,1,3,2026-01,Churn
SESS-984246,Acceso y Seguridad,error_login,@theKitty99,2026-02-21 07:33:53,1,True,0,3,2026-02,Resuelto
SESS-984318,Gestion de Cuenta,cambio_plan,@theKitty53,2026-01-31 00:04:55,2,False,1,3,2026-01,Churn
SESS-984369,Gestion de Cuenta,cambio_plan,@theMarely19,2026-04-14 19:30:06,1,True,0,3,2026-04,Resuelto
SESS-984482,Facturación y Cobros,problema_pago,@soyMarely31,2025-12-16 16:16:01,1,True,0,3,2025-12,Resuelto
SESS-984710,Acceso y Seguridad,error_login,@soyMarely32,2026-01-04 11:30:12,1,True,0,3,2026-01,Resuelto
SESS-984988,Soporte Técnico y Despacho,logistica_envio,@theMarely35,2026-04-11 11:41:03,1,True,0,3,2026-04,Resuelto
SESS-985041,Gestion de Cuenta,cambio_plan,@theMarely80,2026-02-19 11:30:49,1,True,0,3,2026-02,Resuelto
SESS-985121,Gestion de Cuenta,cambio_plan,@theKitty34,2026-01-21 17:32:04,1,True,0,3,2026-01,Resuelto
SESS-985171,Acceso y Seguridad,error_login,@soyDev69,2026-03-08 10:57:02,1,True,0,3,2026-03,Resuelto
SESS-985241,Acceso y Seguridad,error_login,@theMarely47,2025-12-07 02:16:25,2,False,1,3,2025-12,Churn
SESS-985247,Gestion de Cuenta,cambio_plan,@theMarely52,2025-12-14 02:15:58,1,True,0,3,2025-12,Resuelto
SESS-985249,Gestion de Cuenta,cambio_plan,@theKitty28,2026-01-13 06:01:08,1,True,0,3,2026-01,Resuelto
SESS-985346,Gestion de Cuenta,cambio_plan,@soyMarely49,2026-01-23 00:55:35,2,False,1,3,2026-01,Churn
SESS-985424,Acceso y Seguridad,error_login,@theDev85,2026-02-09 04:56:24,1,True,0,3,2026-02,Resuelto
SESS-985658,Acceso y Seguridad,error_login,@theDev90,2026-02-09 01:54:03,1,True,0,3,2026-02,Resuelto
SESS-985660,Gestion de Cuenta,cambio_plan,@soyMarely79,2026-02-04 19:22:24,2,False,1,3,2026-02,Churn
SESS-985773,Facturación y Cobros,problema_pago,@theDev51,2025-12-21 02:29:14,1,True,0,3,2025-12,Resuelto
SESS-985963,Gestion de Cuenta,cambio_plan,@soyMarely90,2025-12-07 05:18:38,1,True,0,3,2025-12,Resuelto
SESS-985998,Gestion de Cuenta,cambio_plan,@theMarely45,2026-03-17 15:09:44,2,False,1,3,2026-03,Churn
SESS-986351,Facturación y Cobros,problema_pago,@theMarely17,2026-02-13 16:41:19,1,True,0,3,2026-02,Resuelto
SESS-986588,Soporte Técnico y Despacho,logistica_envio,@theDev38,2026-04-16 01:36:30,1,True,0,3,2026-04,Resuelto
SESS-986956,Facturación y Cobros,problema_pago,@soyDev82,2025-11-22 13:47:52,2,False,1,3,2025-11,Churn
SESS-986958,Soporte Técnico y Despacho,logistica_envio,@soyKitty84,2026-01-25 03:22:20,1,True,0,3,2026-01,Resuelto
SESS-987095,Acceso y Seguridad,error_login,@soyMarely26,2026-01-30 10:42:54,2,False,1,3,2026-01,Churn
SESS-987185,Facturación y Cobros,problema_pago,@soyDev40,2025-11-21 00:21:31,2,False,1,3,2025-11,Churn
SESS-987571,Acceso y Seguridad,error_login,@soyMarely78,2026-04-02 05:47:09,2,False,1,3,2026-04,Churn
SESS-987738,Acceso y Seguridad,error_login,@theKitty43,2026-03-28 11:25:30,1,True,0,3,2026-03,Resuelto
SESS-988023,Acceso y Seguridad,error_login,@soyKitty48,2025-12-07 18:24:33,1,True,0,3,2025-12,Resuelto
SESS-988076,Facturación y Cobros,problema_pago,@theMarely40,2026-04-25 18:04:06,2,False,1,3,2026-04,Churn
SESS-988128,Facturación y Cobros,problema_pago,@soyDev75,2026-03-28 09:43:48,1,True,0,3,2026-03,Resuelto
SESS-988131,Gestion de Cuenta,cambio_plan,@theKitty74,2026-01-08 00:06:56,2,False,1,3,2026-01,Churn
SESS-988133,Soporte Técnico y Despacho,logistica_envio,@soyDev59,2026-02-19 23:26:52,2,False,1,3,2026-02,Churn
SESS-988153,Acceso y Seguridad,error_login,@soyDev25,2025-11-09 01:42:57,1,True,0,3,2025-11,Resuelto
SESS-988283,Gestion de Cuenta,cambio_plan,@theMarely62,2025-12-06 20:47:15,1,True,0,3,2025-12,Resuelto
SESS-988332,Acceso y Seguridad,error_login,@theDev14,2026-03-13 12:21:15,1,True,0,3,2026-03,Resuelto
SESS-988475,Gestion de Cuenta,cambio_plan,@theDev57,2026-01-25 02:55:02,1,True,0,3,2026-01,Resuelto
SESS-988483,Gestion de Cuenta,cambio_plan,@soyDev91,2025-12-17 01:34:14,2,False,1,3,2025-12,Churn
SESS-988553,Facturación y Cobros,problema_pago,@theDev51,2026-02-10 09:22:57,1,True,0,3,2026-02,Resuelto
SESS-988576,Gestion de Cuenta,cambio_plan,@theKitty46,2025-12-08 11:49:03,1,True,0,3,2025-12,Resuelto
SESS-988585,Acceso y Seguridad,error_login,@theMarely27,2026-04-10 01:15:01,1,True,0,3,2026-04,Resuelto
SESS-988603,Soporte Técnico y Despacho,logistica_envio,@theKitty81,2026-01-10 20:14:27,1,True,0,3,2026-01,Resuelto
SESS-988605,Acceso y Seguridad,error_login,@theKitty88,2026-03-17 16:17:32,1,True,0,3,2026-03,Resuelto
SESS-988685,Soporte Técnico y Despacho,logistica_envio,@soyDev19,2026-03-05 02:03:52,1,True,0,3,2026-03,Resuelto
SESS-988731,Acceso y Seguridad,error_login,@soyDev83,2025-11-17 06:46:49,1,True,0,3,2025-11,Resuelto
SESS-988753,Facturación y Cobros,problema_pago,@soyKitty26,2025-12-04 21:04:58,1,True,0,3,2025-12,Resuelto
SESS-989253,Soporte Técnico y Despacho,logistica_envio,@soyKitty49,2025-12-02 23:25:26,1,True,0,3,2025-12,Resuelto
SESS-989375,Facturación y Cobros,problema_pago,@soyMarely49,2026-04-02 22:20:07,1,True,0,3,2026-04,Resuelto
SESS-989859,Soporte Técnico y Despacho,logistica_envio,@theKitty39,2026-01-11 11:04:34,1,True,0,3,2026-01,Resuelto
SESS-989898,Gestion de Cuenta,cambio_plan,@theMarely21,2025-11-30 19:29:01,1,True,0,3,2025-11,Resuelto
SESS-989987,Acceso y Seguridad,error_login,@soyMarely67,2026-03-27 10:41:02,1,True,0,3,2026-03,Resuelto
SESS-989997,Facturación y Cobros,problema_pago,@theKitty50,2025-11-22 03:11:23,2,False,1,3,2025-11,Churn
SESS-990017,Gestion de Cuenta,cambio_plan,@theKitty68,2026-04-03 10:34:52,1,True,0,3,2026-04,Resuelto
SESS-990299,Gestion de Cuenta,cambio_plan,@soyKitty63,2026-04-01 17:16:51,2,False,1,3,2026-04,Churn
SESS-990308,Soporte Técnico y Despacho,logistica_envio,@theDev28,2025-11-13 06:00:31,2,False,1,3,2025-11,Churn
SESS-990401,Gestion de Cuenta,cambio_plan,@soyDev51,2026-01-27 12:23:18,1,True,0,3,2026-01,Resuelto
SESS-990405,Facturación y Cobros,problema_pago,@soyMarely65,2025-12-21 19:37:05,2,False,1,3,2025-12,Churn
SESS-990538,Gestion de Cuenta,cambio_plan,@theMarely58,2025-12-09 21:06:20,1,True,0,3,2025-12,Resuelto
SESS-990702,Facturación y Cobros,problema_pago,@theDev19,2026-02-03 04:16:37,2,False,1,3,2026-02,Churn
SESS-991083,Facturación y Cobros,problema_pago,@theKitty86,2025-12-09 22:52:39,2,False,1,3,2025-12,Churn
SESS-991203,Soporte Técnico y Despacho,logistica_envio,@theDev92,2026-01-13 06:30:17,2,False,1,3,2026-01,Churn
SESS-991218,Facturación y Cobros,problema_pago,@soyDev40,2025-12-03 23:08:15,2,False,1,3,2025-12,Churn
SESS-991400,Facturación y Cobros,problema_pago,@theKitty76,2026-02-08 08:08:57,1,True,0,3,2026-02,Resuelto
SESS-991530,Gestion de Cuenta,cambio_plan,@soyKitty46,2026-04-10 08:18:43,2,False,1,3,2026-04,Churn
SESS-991707,Facturación y Cobros,problema_pago,@soyMarely62,2026-03-18 08:26:57,1,True,0,3,2026-03,Resuelto
SESS-991932,Acceso y Seguridad,error_login,@soyKitty70,2025-11-11 20:06:50,1,True,0,3,2025-11,Resuelto
SESS-992026,Gestion de Cuenta,cambio_plan,@theMarely29,2026-03-30 11:50:51,1,True,0,3,2026-03,Resuelto
SESS-992096,Soporte Técnico y Despacho,logistica_envio,@theMarely97,2026-03-12 04:24:41,2,False,1,3,2026-03,Churn
SESS-992137,Gestion de Cuenta,cambio_plan,@theDev77,2026-01-16 10:59:27,1,True,0,3,2026-01,Resuelto
SESS-992603,Facturación y Cobros,problema_pago,@soyKitty64,2026-04-28 03:51:46,1,True,0,3,2026-04,Resuelto
SESS-992722,Acceso y Seguridad,error_login,@soyKitty78,2025-12-27 08:11:29,1,True,0,3,2025-12,Resuelto
SESS-992756,Gestion de Cuenta,cambio_plan,@theKitty51,2026-02-09 18:09:37,1,True,0,3,2026-02,Resuelto
SESS-993227,Soporte Técnico y Despacho,logistica_envio,@soyKitty78,2026-04-14 20:18:16,2,False,1,3,2026-04,Churn
SESS-993390,Acceso y Seguridad,error_login,@theKitty91,2026-03-04 20:02:12,2,False,1,3,2026-03,Churn
SESS-993593,Facturación y Cobros,problema_pago,@soyDev95,2025-12-10 07:16:05,1,True,0,3,2025-12,Resuelto
SESS-993752,Acceso y Seguridad,error_login,@soyKitty93,2026-04-10 15:40:11,1,True,0,3,2026-04,Resuelto
SESS-993869,Acceso y Seguridad,error_login,@theMarely52,2026-05-01 01:17:33,1,True,0,3,2026-05,Resuelto
SESS-993877,Soporte Técnico y Despacho,logistica_envio,@soyMarely51,2025-11-28 01:56:50,1,True,0,3,2025-11,Resuelto
SESS-994125,Soporte Técnico y Despacho,logistica_envio,@soyMarely41,2026-03-27 03:49:08,1,True,0,3,2026-03,Resuelto
SESS-994175,Gestion de Cuenta,cambio_plan,@soyKitty66,2026-05-02 14:18:53,2,False,1,3,2026-05,Churn
SESS-994292,Facturación y Cobros,problema_pago,@soyMarely15,2025-11-26 20:06:43,1,True,0,3,2025-11,Resuelto
SESS-994320,Facturación y Cobros,problema_pago,@theDev93,2025-11-20 02:04:28,1,True,0,3,2025-11,Resuelto
SESS-994387,Facturación y Cobros,problema_pago,@soyKitty31,2026-02-17 23:25:46,2,False,1,3,2026-02,Churn
SESS-994402,Gestion de Cuenta,cambio_plan,@soyKitty56,2025-12-17 21:37:11,1,True,0,3,2025-12,Resuelto
SESS-994447,Gestion de Cuenta,cambio_plan,@soyDev80,2026-03-26 03:24:00,1,True,0,3,2026-03,Resuelto
SESS-994730,Gestion de Cuenta,cambio_plan,@theMarely24,2026-03-13 03:17:15,2,False,1,3,2026-03,Churn
SESS-995058,Facturación y Cobros,problema_pago,@theKitty50,2026-03-06 16:25:01,1,True,0,3,2026-03,Resuelto
SESS-995072,Gestion de Cuenta,cambio_plan,@soyKitty40,2025-12-23 14:16:47,2,False,1,3,2025-12,Churn
SESS-995113,Acceso y Seguridad,error_login,@soyDev76,2026-01-31 04:07:01,2,False,1,3,2026-01,Churn
SESS-995138,Gestion de Cuenta,cambio_plan,@theDev13,2026-01-20 22:14:59,2,False,1,3,2026-01,Churn
SESS-995300,Facturación y Cobros,problema_pago,@theDev92,2026-04-07 08:02:16,1,True,0,3,2026-04,Resuelto
SESS-995306,Facturación y Cobros,problema_pago,@soyDev56,2025-12-13 22:20:41,1,True,0,3,2025-12,Resuelto
SESS-995342,Facturación y Cobros,problema_pago,@theMarely56,2026-04-16 16:03:51,1,True,0,3,2026-04,Resuelto
SESS-995405,Acceso y Seguridad,error_login,@theKitty26,2025-11-24 17:31:18,1,True,0,3,2025-11,Resuelto
SESS-995556,Gestion de Cuenta,cambio_plan,@theDev64,2026-04-12 04:18:37,1,True,0,3,2026-04,Resuelto
SESS-995795,Soporte Técnico y Despacho,logistica_envio,@soyDev22,2025-12-11 18:00:49,2,False,1,3,2025-12,Churn
SESS-995988,Soporte Técnico y Despacho,logistica_envio,@soyDev70,2026-02-23 19:06:33,2,False,1,3,2026-02,Churn
SESS-996138,Facturación y Cobros,problema_pago,@theMarely27,2026-02-15 10:33:29,2,False,1,3,2026-02,Churn
SESS-996209,Soporte Técnico y Despacho,logistica_envio,@theDev14,2026-03-26 15:21:58,2,False,1,3,2026-03,Churn
SESS-996220,Soporte Técnico y Despacho,logistica_envio,@theDev66,2026-02-06 16:27:51,2,False,1,3,2026-02,Churn
SESS-996252,Facturación y Cobros,problema_pago,@soyMarely60,2025-12-02 08:30:54,1,True,0,3,2025-12,Resuelto
SESS-996360,Gestion de Cuenta,cambio_plan,@theMarely39,2026-02-09 23:33:10,1,True,0,3,2026-02,Resuelto
SESS-996550,Soporte Técnico y Despacho,logistica_envio,@theKitty95,2026-02-22 21:46:17,1,True,0,3,2026-02,Resuelto
SESS-996921,Facturación y Cobros,problema_pago,@theMarely71,2026-01-24 04:55:22,1,True,0,3,2026-01,Resuelto
SESS-997136,Facturación y Cobros,problema_pago,@soyMarely27,2025-11-22 00:14:24,2,False,1,3,2025-11,Churn
SESS-997144,Acceso y Seguridad,error_login,@theKitty63,2026-02-13 23:19:52,2,False,1,3,2026-02,Churn
SESS-997238,Facturación y Cobros,problema_pago,@theKitty93,2025-11-09 14:07:43,2,False,1,3,2025-11,Churn
SESS-997331,Acceso y Seguridad,error_login,@theDev50,2026-04-09 13:23:58,2,False,1,3,2026-04,Churn
SESS-997528,Acceso y Seguridad,error_login,@theMarely30,2025-11-11 16:11:13,1,True,0,3,2025-11,Resuelto
SESS-997586,Soporte Técnico y Despacho,logistica_envio,@soyDev60,2025-12-17 11:35:39,2,False,1,3,2025-12,Churn
SESS-997832,Soporte Técnico y Despacho,logistica_envio,@soyMarely39,2026-04-24 19:30:06,2,False,1,3,2026-04,Churn
SESS-997949,Facturación y Cobros,problema_pago,@soyKitty37,2026-04-24 12:17:31,2,False,1,3,2026-04,Churn
SESS-998169,Soporte Técnico y Despacho,logistica_envio,@theDev27,2026-01-21 15:54:51,1,True,0,3,2026-01,Resuelto
SESS-998306,Gestion de Cuenta,cambio_plan,@soyMarely18,2025-12-01 21:03:59,1,True,0,3,2025-12,Resuelto
SESS-998668,Gestion de Cuenta,cambio_plan,@theDev73,2025-12-02 23:07:17,2,False,1,3,2025-12,Churn
SESS-998711,Facturación y Cobros,problema_pago,@soyMarely60,2026-03-07 09:13:19,1,True,0,3,2026-03,Resuelto
SESS-998863,Facturación y Cobros,problema_pago,@soyKitty98,2026-04-04 16:59:24,1,True,0,3,2026-04,Resuelto
SESS-998894,Gestion de Cuenta,cambio_plan,@theDev76,2026-01-15 18:40:09,2,False,1,3,2026-01,Churn
SESS-999149,Soporte Técnico y Despacho,logistica_envio,@soyMarely35,2026-01-15 23:12:23,1,True,0,3,2026-01,Resuelto
SESS-999250,Acceso y Seguridad,error_login,@theMarely90,2025-11-17 16:08:34,2,False,1,3,2025-11,Churn
SESS-999349,Facturación y Cobros,problema_pago,@theDev33,2026-02-06 21:45:03,1,True,0,3,2026-02,Resuelto
SESS-999402,Gestion de Cuenta,cambio_plan,@soyKitty55,2025-12-09 15:51:55,1,True,0,3,2025-12,Resuelto
SESS-999499,Gestion de Cuenta,cambio_plan,@soyMarely81,2025-12-06 12:29:59,1,True,0,3,2025-12,Resuelto
SESS-999552,Facturación y Cobros,problema_pago,@theDev10,2026-03-19 18:06:30,1,True,0,3,2026-03,Resuelto
SESS-999856,Gestion de Cuenta,cambio_plan,@soyMarely56,2025-12-16 04:48:24,1,True,0,3,2025-12,Resuelto
